ISO-10303-21;
HEADER;
FILE_DESCRIPTION (( 'STEP AP214' ),
    '1' );
FILE_NAME ('CONSMA002-SMD-G.STEP',
    '2025-06-11T20:31:48',
    ( '' ),
    ( '' ),
    'SwSTEP 2.0',
    'SolidWorks 2021',
    '' );
FILE_SCHEMA (( 'AUTOMOTIVE_DESIGN' ));
ENDSEC;

DATA;
#1 = CARTESIAN_POINT ( 'NONE',  ( -1.396553427430553329, 4.981098508205822561, 3.087384260222760357 ) ) ;
#2 = CARTESIAN_POINT ( 'NONE',  ( -1.845061169404537127, 4.816124116954110690, 4.267884356668969481 ) ) ;
#3 = CARTESIAN_POINT ( 'NONE',  ( 1.587499999999999245, 10.14963065701559408, 4.542592592592590961 ) ) ;
#4 = CARTESIAN_POINT ( 'NONE',  ( 1.396553427430556660, 4.981098508205824338, 5.321643519482019080 ) ) ;
#5 = EDGE_CURVE ( 'NONE', #1659, #273, #2023, .T. ) ;
#6 = CARTESIAN_POINT ( 'NONE',  ( -2.793106854861110211, 5.787399005470547309, 5.321643519482019080 ) ) ;
#7 = AXIS2_PLACEMENT_3D ( 'NONE', #211, #1873, #1192 ) ;
#8 = ORIENTED_EDGE ( 'NONE', *, *, #4477, .T. ) ;
#9 = CARTESIAN_POINT ( 'NONE',  ( -3.088799943644662704, 7.663277291069983121, 0.6300575039314018078 ) ) ;
#10 = CARTESIAN_POINT ( 'NONE',  ( 3.174999999999999822, 7.400000000000001243, 9.859920353756539413 ) ) ;
#11 = AXIS2_PLACEMENT_3D ( 'NONE', #1574, #1884, #2535 ) ;
#12 = EDGE_LOOP ( 'NONE', ( #2824, #3186, #1134, #2022 ) ) ;
#13 = CARTESIAN_POINT ( 'NONE',  ( -2.793106854861109323, 5.787399005470548197, 5.850810186148685865 ) ) ;
#14 = CIRCLE ( 'NONE', #2788, 2.000000000000000000 ) ;
#15 = CARTESIAN_POINT ( 'NONE',  ( 3.500000000000000000, 10.27233507433390436, -0.6000000000000006439 ) ) ;
#16 = CARTESIAN_POINT ( 'NONE',  ( -2.926899258616215249, 6.168082342614381375, 3.498976801935532954 ) ) ;
#17 = ORIENTED_EDGE ( 'NONE', *, *, #2705, .T. ) ;
#18 = CARTESIAN_POINT ( 'NONE',  ( 2.734760979695433747, 6.101166515610998431, 6.400367803503324460 ) ) ;
#19 = CARTESIAN_POINT ( 'NONE',  ( -2.065934476167240685, 9.812526460621977975, 6.179164123325348257 ) ) ;
#20 = DIRECTION ( 'NONE',  ( 0.000000000000000000, -0.000000000000000000, -1.000000000000000000 ) ) ;
#21 = LINE ( 'NONE', #3237, #2844 ) ;
#22 = ORIENTED_EDGE ( 'NONE', *, *, #1342, .T. ) ;
#23 = CARTESIAN_POINT ( 'NONE',  ( -2.793106854861110655, 9.012600994529453402, 4.322106482444982412 ) ) ;
#24 = CARTESIAN_POINT ( 'NONE',  ( 0.3608207106077592208, 4.245495804301529397, 4.350169624534670376 ) ) ;
#25 = DIRECTION ( 'NONE',  ( 0.000000000000000000, -0.000000000000000000, -1.000000000000000000 ) ) ;
#26 = CARTESIAN_POINT ( 'NONE',  ( -2.793106854861110211, 5.787399005470547309, 6.027199075037573905 ) ) ;
#27 = CARTESIAN_POINT ( 'NONE',  ( -2.793106854861110211, 5.787399005470547309, 4.616087963926465143 ) ) ;
#28 = AXIS2_PLACEMENT_3D ( 'NONE', #315, #3704, #3391 ) ;
#29 = ORIENTED_EDGE ( 'NONE', *, *, #993, .T. ) ;
#30 = EDGE_CURVE ( 'NONE', #2958, #4113, #4283, .T. ) ;
#31 = DIRECTION ( 'NONE',  ( -0.000000000000000000, 1.000000000000000000, -0.000000000000000000 ) ) ;
#32 = CARTESIAN_POINT ( 'NONE',  ( 0.000000000000000000, 1.300000000000006040, -4.099999999999997868 ) ) ;
#33 = CARTESIAN_POINT ( 'NONE',  ( -1.587500000000000355, 10.14963065701559408, 3.249074074074072449 ) ) ;
#34 = EDGE_CURVE ( 'NONE', #3932, #490, #1130, .T. ) ;
#35 = VERTEX_POINT ( 'NONE', #2819 ) ;
#36 = EDGE_LOOP ( 'NONE', ( #965, #3857, #848, #1704 ) ) ;
#37 = EDGE_CURVE ( 'NONE', #2637, #3548, #4213, .T. ) ;
#38 = AXIS2_PLACEMENT_3D ( 'NONE', #1709, #3848, #1344 ) ;
#39 = PLANE ( 'NONE',  #3152 ) ;
#40 = DIRECTION ( 'NONE',  ( 0.000000000000000000, 0.000000000000000000, 1.000000000000000000 ) ) ;
#41 = ORIENTED_EDGE ( 'NONE', *, *, #1791, .T. ) ;
#42 = CARTESIAN_POINT ( 'NONE',  ( 1.934651167285420970, 9.919692648240230781, 3.911425267167377928 ) ) ;
#43 =( BOUNDED_SURFACE ( )  B_SPLINE_SURFACE ( 1, 2, ( 
 ( #2040, #371, #3154, #305, #3089, #4490, #2745, #2517, #2858, #3581, #2559, #3604, #135, #3537, #413, #458, #1186, #1848, #2193, #4276, #1889, #4256, #3624, #3240, #114, #1867, #71, #829, #2170, #2214, #1123, #3904, #155, #1533, #3974, #785, #850, #4319, #3951, #2581, #2921, #1513, #2898, #4298, #2495, #3259, #1805, #2236, #1553, #3558, #435, #3218, #1162, #479, #499, #1142, #4232, #1825, #92, #1102, #1493, #3882, #3283, #761, #2150, #3197, #2880, #1472, #2537, #3925, #804, #1278, #1578, #275, #252, #1641, #2670, #4044, #3649, #2625, #4386 ),
 ( #529, #2944, #3675, #3354, #2302, #4065, #1255, #2646, #1228, #2967, #3692, #937, #2325, #3377, #2257, #1915, #572, #4435, #1959, #230, #3714, #915, #549, #4341, #4365, #3310, #205, #2282, #1208, #1984, #1619, #3011, #4412, #3401, #595, #871, #3032, #4018, #1937, #1299, #1598, #2604, #183, #894, #3331, #2694, #2989, #3996, #4092, #961, #2351, #3738, #620, #2012, #2717, #2374, #3427, #2423, #983, #4484, #1665, #2034, #3085, #1349, #4507, #1037, #644, #299, #1371, #4115, #325, #4161, #3762, #1689, #670, #2738, #4138, #2761, #1013, #2398, #1716 ) ),
 .UNSPECIFIED., .F., .F., .F. ) 
 B_SPLINE_SURFACE_WITH_KNOTS ( ( 2, 2 ),
 ( 3, 2, 2, 2, 2, 2, 2, 2, 2, 2, 2, 2, 2, 2, 2, 2, 2, 2, 2, 2, 2, 2, 2, 2, 2, 2, 2, 2, 2, 2, 2, 2, 2, 2, 2, 2, 2, 2, 2, 2, 3 ),
 ( 0.000000000000000000, 1.000000000000000000 ),
 ( 0.000000000000000000, 0.02380952380952380820, 0.04761904761904761640, 0.07142857142857142461, 0.09523809523809523281, 0.1190476190476190410, 0.1428571428571428492, 0.1666666666666666574, 0.1904761904761904656, 0.2142857142857142738, 0.2380952380952380820, 0.2619047619047619180, 0.2857142857142856984, 0.3095238095238095344, 0.3333333333333333148, 0.3571428571428571508, 0.3809523809523809312, 0.4047619047619047672, 0.4285714285714285476, 0.4523809523809523836, 0.4761904761904761640, 0.5000000000000000000, 0.5238095238095238360, 0.5476190476190476719, 0.5714285714285713969, 0.5952380952380952328, 0.6190476190476190688, 0.6428571428571429047, 0.6666666666666666297, 0.6904761904761904656, 0.7142857142857143016, 0.7380952380952381375, 0.7619047619047618625, 0.7857142857142856984, 0.8095238095238095344, 0.8333333333333333703, 0.8571428571428570953, 0.8809523809523809312, 0.9047619047619047672, 0.9285714285714286031, 0.9314721563535749427 ),
 .UNSPECIFIED. ) 
 GEOMETRIC_REPRESENTATION_ITEM ( )  RATIONAL_B_SPLINE_SURFACE ( (
 ( 1.000000000000000000, 0.8660254037844387076, 1.000000000000000000, 0.8660254037844387076, 1.000000000000000000, 0.8660254037844387076, 1.000000000000000000, 0.8660254037844387076, 1.000000000000000000, 0.8660254037844387076, 1.000000000000000000, 0.8660254037844387076, 1.000000000000000000, 0.8660254037844387076, 1.000000000000000000, 0.8660254037844387076, 1.000000000000000000, 0.8660254037844387076, 1.000000000000000000, 0.8660254037844387076, 1.000000000000000000, 0.8660254037844387076, 1.000000000000000000, 0.8660254037844387076, 1.000000000000000000, 0.8660254037844387076, 1.000000000000000000, 0.8660254037844387076, 1.000000000000000000, 0.8660254037844387076, 1.000000000000000000, 0.8660254037844387076, 1.000000000000000000, 0.8660254037844387076, 1.000000000000000000, 0.8660254037844387076, 1.000000000000000000, 0.8660254037844387076, 1.000000000000000000, 0.8660254037844387076, 1.000000000000000000, 0.8660254037844387076, 1.000000000000000000, 0.8660254037844387076, 1.000000000000000000, 0.8660254037844387076, 1.000000000000000000, 0.8660254037844387076, 1.000000000000000000, 0.8660254037844387076, 1.000000000000000000, 0.8660254037844387076, 1.000000000000000000, 0.8660254037844387076, 1.000000000000000000, 0.8660254037844387076, 1.000000000000000000, 0.8660254037844387076, 1.000000000000000000, 0.8660254037844387076, 1.000000000000000000, 0.8660254037844387076, 1.000000000000000000, 0.8660254037844387076, 1.000000000000000000, 0.8660254037844387076, 1.000000000000000000, 0.8660254037844387076, 1.000000000000000000, 0.8660254037844387076, 1.000000000000000000, 0.8660254037844387076, 1.000000000000000000, 0.8660254037844387076, 1.000000000000000000, 0.8660254037844387076, 1.000000000000000000, 0.8660254037844387076, 1.000000000000000000, 0.9836777989995386662, 0.9713326839993337014),
 ( 1.000000000000000000, 0.8660254037844387076, 1.000000000000000000, 0.8660254037844387076, 1.000000000000000000, 0.8660254037844387076, 1.000000000000000000, 0.8660254037844387076, 1.000000000000000000, 0.8660254037844387076, 1.000000000000000000, 0.8660254037844387076, 1.000000000000000000, 0.8660254037844387076, 1.000000000000000000, 0.8660254037844387076, 1.000000000000000000, 0.8660254037844387076, 1.000000000000000000, 0.8660254037844387076, 1.000000000000000000, 0.8660254037844387076, 1.000000000000000000, 0.8660254037844387076, 1.000000000000000000, 0.8660254037844387076, 1.000000000000000000, 0.8660254037844387076, 1.000000000000000000, 0.8660254037844387076, 1.000000000000000000, 0.8660254037844387076, 1.000000000000000000, 0.8660254037844387076, 1.000000000000000000, 0.8660254037844387076, 1.000000000000000000, 0.8660254037844387076, 1.000000000000000000, 0.8660254037844387076, 1.000000000000000000, 0.8660254037844387076, 1.000000000000000000, 0.8660254037844387076, 1.000000000000000000, 0.8660254037844387076, 1.000000000000000000, 0.8660254037844387076, 1.000000000000000000, 0.8660254037844387076, 1.000000000000000000, 0.8660254037844387076, 1.000000000000000000, 0.8660254037844387076, 1.000000000000000000, 0.8660254037844387076, 1.000000000000000000, 0.8660254037844387076, 1.000000000000000000, 0.8660254037844387076, 1.000000000000000000, 0.8660254037844387076, 1.000000000000000000, 0.8660254037844387076, 1.000000000000000000, 0.8660254037844387076, 1.000000000000000000, 0.8660254037844387076, 1.000000000000000000, 0.8660254037844387076, 1.000000000000000000, 0.8660254037844387076, 1.000000000000000000, 0.8660254037844387076, 1.000000000000000000, 0.8660254037844387076, 1.000000000000000000, 0.8660254037844387076, 1.000000000000000000, 0.9836777989995386662, 0.9713326839993337014) ) ) 
 REPRESENTATION_ITEM ( '' )  SURFACE ( )  );
#44 = B_SPLINE_CURVE_WITH_KNOTS ( 'NONE', 3,
 ( #4066, #573, #2695, #1230, #4020, #2671, #3311, #253, #1642, #3033, #1960, #4045, #2303, #4436, #1690, #2762, #327, #3763, #2101, #2059, #718, #4139, #3150, #671, #366, #1757, #1717, #19, #645, #1420, #1441, #1061, #4508, #3786, #985, #2424, #694, #3086, #2469, #2809, #2035, #3428, #4485, #2399, #3108, #2831, #2740, #2085, #2375, #3453, #3477, #1038, #3172, #1014, #386, #348, #1736, #4204, #1351, #3494, #1372, #301, #3811, #4162, #3129, #4529, #1397, #2786, #4184, #1081, #1777, #2446, #3833, #3854, #736, #2121, #3514, #45, #3215, #1157, #1801, #4250 ),
 .UNSPECIFIED., .F., .F.,
 ( 4, 2, 1, 1, 2, 2, 1, 2, 2, 2, 2, 2, 1, 1, 2, 2, 2, 2, 1, 1, 2, 1, 2, 2, 1, 2, 2, 2, 2, 2, 2, 1, 2, 2, 2, 1, 1, 2, 2, 2, 2, 2, 2, 2, 2, 2, 4 ),
 ( 0.08941324857682005078, 0.09247613453071726330, 0.09324185601919154909, 0.09362471676342869198, 0.09372043194948799505, 0.09381614713554728424, 0.09400757750766564058, 0.09553902048461218599, 0.1016647923923982705, 0.1077905643001843411, 0.1093220072771308587, 0.1095134376492491873, 0.1097048680213675159, 0.1100877287656041315, 0.1108534502540774042, 0.1139163362079705227, 0.1169792221618636274, 0.1177449436503368863, 0.1185106651388101173, 0.1200421081157566072, 0.1231049940696495315, 0.1246364370465959659, 0.1248278674187142806, 0.1250192977908325953, 0.1254021585350692525, 0.1261678800235424835, 0.1322936519313282766, 0.1384194238391140697, 0.1399508668160605040, 0.1403337275602971057, 0.1407165883045337351, 0.1414823097930069662, 0.1445451957468998905, 0.1506709676546857113, 0.1537338536085786356, 0.1552652965855250700, 0.1560310180739983288, 0.1562224484461166019, 0.1564138788182349304, 0.1567967395624715321, 0.1629225114702569366, 0.1690482833780423688, 0.1705797263549886922, 0.1721111693319350433, 0.1751740552858277455, 0.1812998271936130668, 0.1874255991013984157 ),
 .UNSPECIFIED. ) ;
#45 = CARTESIAN_POINT ( 'NONE',  ( 3.050538030116064281, 8.313076793320666624, 5.956001215590197795 ) ) ;
#46 = CARTESIAN_POINT ( 'NONE',  ( -2.793106854861110655, 7.134054754796425257, 6.528924224206847704 ) ) ;
#47 = CARTESIAN_POINT ( 'NONE',  ( -2.935411985883551012, 8.618717221604891066, 4.822345709440086559 ) ) ;
#48 = ORIENTED_EDGE ( 'NONE', *, *, #1509, .F. ) ;
#49 = DIRECTION ( 'NONE',  ( -0.000000000000000000, 1.000000000000000000, -6.144666340335573524E-16 ) ) ;
#50 = CARTESIAN_POINT ( 'NONE',  ( -1.146586634026587781, 4.439184103465554365, 4.294349871584151046 ) ) ;
#51 = LINE ( 'NONE', #3838, #525 ) ;
#52 = CARTESIAN_POINT ( 'NONE',  ( 1.396553427430554661, 9.818901491794177261, 4.322106482444982412 ) ) ;
#53 = CARTESIAN_POINT ( 'NONE',  ( 5.924599938756993332E-16, 4.174798010941098703, 6.850347223185722534 ) ) ;
#54 = DIRECTION ( 'NONE',  ( -0.000000000000000000, -0.000000000000000000, 1.000000000000000000 ) ) ;
#55 = CARTESIAN_POINT ( 'NONE',  ( 3.000210023247613211, 7.835984848633284372, 3.204404529382783196 ) ) ;
#56 = DIRECTION ( 'NONE',  ( -0.000000000000000000, -0.000000000000000000, 1.000000000000000000 ) ) ;
#57 = VECTOR ( 'NONE', #2678, 1000.000000000000000 ) ;
#58 = ORIENTED_EDGE ( 'NONE', *, *, #2038, .F. ) ;
#59 = VERTEX_POINT ( 'NONE', #1108 ) ;
#60 = CARTESIAN_POINT ( 'NONE',  ( 0.5000000000000002220, 7.400000000000001243, 5.799999999999998046 ) ) ;
#61 = CARTESIAN_POINT ( 'NONE',  ( -3.174999999999264411, 7.399998497968044653, 4.160465197233158996 ) ) ;
#62 = EDGE_CURVE ( 'NONE', #1444, #217, #1499, .T. ) ;
#63 = VERTEX_POINT ( 'NONE', #463 ) ;
#64 = CARTESIAN_POINT ( 'NONE',  ( 2.036395747871641237, 9.836064691637412594, 3.906860094483027179 ) ) ;
#65 = CARTESIAN_POINT ( 'NONE',  ( -1.534669033208806432, 4.620536749927116382, 6.308376388002681523 ) ) ;
#66 = CARTESIAN_POINT ( 'NONE',  ( -3.500000000000000000, 3.800000000000002043, -7.600000000000002309 ) ) ;
#67 = CARTESIAN_POINT ( 'NONE',  ( 3.091434810152519308, 7.164483343075619182, 0.8363943525387932398 ) ) ;
#68 = CARTESIAN_POINT ( 'NONE',  ( -3.150598055249728358, 7.793028190306459102, 4.852943748846429983 ) ) ;
#69 =( GEOMETRIC_REPRESENTATION_CONTEXT ( 3 ) GLOBAL_UNCERTAINTY_ASSIGNED_CONTEXT ( ( #2215 ) ) GLOBAL_UNIT_ASSIGNED_CONTEXT ( ( #1732, #4268, #1394 ) ) REPRESENTATION_CONTEXT ( 'NONE', 'WORKASPACE' ) );
#70 = VERTEX_POINT ( 'NONE', #3911 ) ;
#71 = CARTESIAN_POINT ( 'NONE',  ( -1.587500000000000355, 10.14963065701559408, 5.453935187112186611 ) ) ;
#72 = CARTESIAN_POINT ( 'NONE',  ( -2.183399109482137668, 9.706652870484353102, 3.362602720128838207 ) ) ;
#73 = LINE ( 'NONE', #3220, #3075 ) ;
#74 = CARTESIAN_POINT ( 'NONE',  ( -1.396553427430555550, 9.818901491794177261, 3.734143519482019613 ) ) ;
#75 = CARTESIAN_POINT ( 'NONE',  ( 1.396553427430554661, 9.818901491794177261, 4.322106482444982412 ) ) ;
#76 = ORIENTED_EDGE ( 'NONE', *, *, #3239, .T. ) ;
#77 = CYLINDRICAL_SURFACE ( 'NONE', #697, 3.174999999999999822 ) ;
#78 = EDGE_CURVE ( 'NONE', #3251, #1435, #790, .T. ) ;
#79 = ORIENTED_EDGE ( 'NONE', *, *, #651, .T. ) ;
#80 = DIRECTION ( 'NONE',  ( -0.000000000000000000, -1.000000000000000000, -4.396451289603110513E-16 ) ) ;
#81 = ORIENTED_EDGE ( 'NONE', *, *, #4085, .T. ) ;
#82 = CARTESIAN_POINT ( 'NONE',  ( 2.664194330839773972, 9.133824323787534283, 3.872599807670180638 ) ) ;
#83 = VECTOR ( 'NONE', #1550, 1000.000000000000000 ) ;
#84 = CYLINDRICAL_SURFACE ( 'NONE', #2661, 3.174999999999999822 ) ;
#85 = CIRCLE ( 'NONE', #4024, 0.6399999999999999023 ) ;
#86 = STYLED_ITEM ( 'NONE', ( #1869 ), #2960 ) ;
#87 = CARTESIAN_POINT ( 'NONE',  ( 1.587499999999999245, 10.14963065701559408, 3.837037037037035692 ) ) ;
#88 = CARTESIAN_POINT ( 'NONE',  ( -0.5000000000000002220, 7.400000000000001243, 5.599999999999997868 ) ) ;
#89 = EDGE_CURVE ( 'NONE', #423, #424, #2177, .T. ) ;
#90 = CARTESIAN_POINT ( 'NONE',  ( -2.500000000000001776, 7.400000000000001243, 5.799999999999998046 ) ) ;
#91 = EDGE_CURVE ( 'NONE', #526, #2846, #4001, .T. ) ;
#92 = CARTESIAN_POINT ( 'NONE',  ( -1.587499999999997691, 4.650369342984407517, 3.572453705630705745 ) ) ;
#93 = CARTESIAN_POINT ( 'NONE',  ( -3.162798561366330308, 7.105809366139552274, 4.170284968877024490 ) ) ;
#94 = DIRECTION ( 'NONE',  ( 1.000000000000000000, 0.000000000000000000, 0.000000000000000000 ) ) ;
#95 = CARTESIAN_POINT ( 'NONE',  ( -1.396553427430553329, 4.981098508205822561, 3.263773149111649285 ) ) ;
#96 = ORIENTED_EDGE ( 'NONE', *, *, #2472, .F. ) ;
#97 = CARTESIAN_POINT ( 'NONE',  ( 2.793106854861111543, 5.787399005470550861, 4.851273149111649197 ) ) ;
#98 = CARTESIAN_POINT ( 'NONE',  ( -2.000000000000000444, 6.505213034913026604E-16, -0.6000000000000006439 ) ) ;
#99 = CARTESIAN_POINT ( 'NONE',  ( 0.000000000000000000, 7.400000000000001243, 9.859920353756539413 ) ) ;
#100 = CARTESIAN_POINT ( 'NONE',  ( 3.174999999999999822, 7.203380411599354716, 3.007582312650494583 ) ) ;
#101 = CARTESIAN_POINT ( 'NONE',  ( 3.058850523367686591, 7.597348562768615921, 0.5845254600145151080 ) ) ;
#102 = CIRCLE ( 'NONE', #2943, 3.174999999999999822 ) ;
#103 = B_SPLINE_CURVE_WITH_KNOTS ( 'NONE', 3,
 ( #182, #2324, #3973, #2235, #204, #594, #1983, #1597, #134, #1532, #3623, #498, #4340, #1888, #1207, #3648, #1577, #4364, #3400, #1715, #4136, #1348, #1298, #1036, #274, #4114, #1011, #643, #251, #2693, #4458, #3761, #2397, #2033, #3832, #2057, #3784, #1396, #3056, #2350, #3031, #960, #3426, #2785, #669, #1324, #693, #298, #2422, #4091, #3737, #3376, #3451, #1370, #2716, #619, #2084, #346, #1640, #324, #1664, #982, #716, #3476, #3128, #2009, #4528, #1734, #3105, #4183, #1060, #2736, #4506, #2760, #4434, #3810, #2373, #2444, #1688, #3084, #4482, #4160, #3531, #2875, #3512, #42, #64, #2144, #4292, #735, #1507, #1464, #2851, #4270, #2468, #3212, #1439, #82, #2120, #385, #2553, #1840, #1776, #3232, #2188, #430, #3575, #3918, #4245, #1117, #2510, #365, #1137, #2806, #449, #3946 ),
 .UNSPECIFIED., .F., .F.,
 ( 4, 2, 1, 2, 2, 1, 2, 2, 2, 1, 2, 2, 2, 2, 2, 2, 2, 2, 2, 2, 2, 2, 2, 2, 1, 2, 1, 1, 2, 2, 2, 2, 2, 2, 2, 2, 2, 2, 2, 2, 2, 1, 1, 1, 2, 2, 2, 2, 1, 1, 2, 2, 2, 2, 2, 2, 1, 2, 2, 2, 2, 2, 2, 4 ),
 ( 0.6786055572408236092, 0.6793654382499698663, 0.6795554085022563751, 0.6796503936283997405, 0.6797453787545429948, 0.6801253192591161234, 0.6816450812774088597, 0.6846846053139942212, 0.6862043673322868464, 0.6869642483414332146, 0.6873441888460063431, 0.6875341590982929629, 0.6877241293505795827, 0.6907636533871640561, 0.6938031774237486404, 0.6953229394420409326, 0.6960828204511870787, 0.6962727907034735875, 0.6964627609557600962, 0.6968427014603332248, 0.7029217495335012833, 0.7044415115517932424, 0.7052013925609392775, 0.7059612735700852015, 0.7090007976066691198, 0.7120403216432530380, 0.7135600836615449971, 0.7139400241661180146, 0.7141299944184045234, 0.7143199646706910322, 0.7150798456798369562, 0.7211588937530040155, 0.7226786557712958636, 0.7230585962758687701, 0.7234385367804416767, 0.7241984177895876007, 0.7272379418261711859, 0.7333169898993382452, 0.7363565139359218303, 0.7365464841882083391, 0.7366414693143514825, 0.7367364544404947369, 0.7371163949450675323, 0.7378762759542132343, 0.7393960379725044163, 0.7424355620090870023, 0.7454750860456694772, 0.7485146100822520632, 0.7492744910913976542, 0.7496544315959704496, 0.7498444018482568474, 0.7500343721005432451, 0.7515541341188343161, 0.7576331821919989329, 0.7606727062285811858, 0.7621924682468722567, 0.7625724087514450522, 0.7627623790037314500, 0.7629523492560178477, 0.7637122302651634387, 0.7697912783383284996, 0.7728308023749110856, 0.7743505643932023785, 0.7758703264114936715 ),
 .UNSPECIFIED. ) ;
#104 = EDGE_LOOP ( 'NONE', ( #3843, #323, #506, #1919, #4457 ) ) ;
#105 = ORIENTED_EDGE ( 'NONE', *, *, #170, .T. ) ;
#106 = CARTESIAN_POINT ( 'NONE',  ( 0.9507920444756488010, 10.42929584547395194, 5.359904466217165542 ) ) ;
#107 = VECTOR ( 'NONE', #3452, 1000.000000000000000 ) ;
#108 = DIRECTION ( 'NONE',  ( 0.000000000000000000, -1.000000000000000000, 0.000000000000000000 ) ) ;
#109 = CARTESIAN_POINT ( 'NONE',  ( 3.088786820535910138, 7.136568837675454802, 0.6994154661929543604 ) ) ;
#110 = DIRECTION ( 'NONE',  ( -0.000000000000000000, 1.000000000000000000, -6.144666340335573524E-16 ) ) ;
#111 = CARTESIAN_POINT ( 'NONE',  ( 0.000000000000000000, 7.400000000000001243, 6.599999999999997868 ) ) ;
#112 = CARTESIAN_POINT ( 'NONE',  ( 3.063463495079782994, 8.268091601877213037, 4.543302378961350918 ) ) ;
#113 = ORIENTED_EDGE ( 'NONE', *, *, #1931, .T. ) ;
#114 = CARTESIAN_POINT ( 'NONE',  ( -3.174999999999999822, 7.400000000000001243, 5.571527779704779526 ) ) ;
#115 = CARTESIAN_POINT ( 'NONE',  ( -3.075952902702116631, 6.611348206392129612, 4.187802303409406512 ) ) ;
#116 = LINE ( 'NONE', #1210, #3448 ) ;
#117 = CARTESIAN_POINT ( 'NONE',  ( 1.396553427430556660, 4.981098508205824338, 3.381365741704241312 ) ) ;
#118 = CARTESIAN_POINT ( 'NONE',  ( -2.793106854861110655, 7.400000000000001243, 3.146180556519056815 ) ) ;
#119 = EDGE_CURVE ( 'NONE', #35, #4346, #3543, .T. ) ;
#120 = FACE_OUTER_BOUND ( 'NONE', #3760, .T. ) ;
#121 = CARTESIAN_POINT ( 'NONE',  ( 0.5144643442539810207, 10.51227241298848192, 3.275414195996234401 ) ) ;
#122 = DIRECTION ( 'NONE',  ( -0.000000000000000000, -0.000000000000000000, 1.000000000000000000 ) ) ;
#123 = DIRECTION ( 'NONE',  ( -1.000000000000000000, 0.000000000000000000, 0.000000000000000000 ) ) ;
#124 = ORIENTED_EDGE ( 'NONE', *, *, #4080, .F. ) ;
#125 = ORIENTED_EDGE ( 'NONE', *, *, #1342, .F. ) ;
#126 = DIRECTION ( 'NONE',  ( -0.000000000000000000, 1.000000000000000000, -0.000000000000000000 ) ) ;
#127 = PRESENTATION_STYLE_ASSIGNMENT (( #3253 ) ) ;
#128 = CARTESIAN_POINT ( 'NONE',  ( 1.999999999999999112, 1.300000000000006040, -0.6000000000000006439 ) ) ;
#129 = FACE_OUTER_BOUND ( 'NONE', #919, .T. ) ;
#130 = CARTESIAN_POINT ( 'NONE',  ( 3.174999999999999822, 7.400000000000040323, 3.719444444445608511 ) ) ;
#131 = FACE_OUTER_BOUND ( 'NONE', #1206, .T. ) ;
#132 = CARTESIAN_POINT ( 'NONE',  ( 1.552818935557852775, 10.16962349399783605, 4.632071009880090351 ) ) ;
#133 = EDGE_LOOP ( 'NONE', ( #2343, #3774 ) ) ;
#134 = CARTESIAN_POINT ( 'NONE',  ( -3.168621255661009162, 7.601475380088039913, 4.153836198079304154 ) ) ;
#135 = CARTESIAN_POINT ( 'NONE',  ( -3.174999999999999822, 7.400000000000001243, 6.277083335260335240 ) ) ;
#136 = CIRCLE ( 'NONE', #1670, 0.03999999999999981348 ) ;
#137 = CARTESIAN_POINT ( 'NONE',  ( -3.139243653684738344, 6.915240109299212179, 4.176697494218033491 ) ) ;
#138 = LINE ( 'NONE', #853, #3079 ) ;
#139 = CARTESIAN_POINT ( 'NONE',  ( -0.3610488615950716018, 4.233239159773547478, 5.734663058924095225 ) ) ;
#140 = AXIS2_PLACEMENT_3D ( 'NONE', #2799, #3142, #771 ) ;
#141 = CARTESIAN_POINT ( 'NONE',  ( -0.5490431429411064546, 4.611846360114861376, 3.097259753336828680 ) ) ;
#142 = CARTESIAN_POINT ( 'NONE',  ( 2.000000000000000000, 6.505213034913026604E-16, -2.100000000000001865 ) ) ;
#143 = CARTESIAN_POINT ( 'NONE',  ( 5.924599938756993332E-16, 4.174798010941098703, 5.968402778741277892 ) ) ;
#144 = CARTESIAN_POINT ( 'NONE',  ( 3.088773899954287305, 7.663582658905231604, 0.6322221711607624028 ) ) ;
#145 = EDGE_LOOP ( 'NONE', ( #3047, #2429, #3274, #3647 ) ) ;
#146 = EDGE_LOOP ( 'NONE', ( #2435, #2467, #2687, #3592, #2972, #4255, #1196, #4310, #345, #3667 ) ) ;
#147 = CARTESIAN_POINT ( 'NONE',  ( 3.171509545721732160, 7.551662810687907346, 5.223654535561775170 ) ) ;
#148 = CARTESIAN_POINT ( 'NONE',  ( -1.039495125280277099, 4.404648803330914575, 6.317499594896378134 ) ) ;
#149 = CYLINDRICAL_SURFACE ( 'NONE', #3971, 3.174999999999999822 ) ;
#150 = CARTESIAN_POINT ( 'NONE',  ( -1.750897127602934145, 5.223809486459442653, 3.071075775793148832 ) ) ;
#151 = CARTESIAN_POINT ( 'NONE',  ( 0.000000000000000000, 1.500000000000003997, -4.099999999999997868 ) ) ;
#152 = CARTESIAN_POINT ( 'NONE',  ( 3.097314334965599603, 7.261971042038286583, 0.9336602881226806483 ) ) ;
#153 = AXIS2_PLACEMENT_3D ( 'NONE', #4185, #2763, #1062 ) ;
#154 = CARTESIAN_POINT ( 'NONE',  ( -3.058851009263243714, 7.597342213284469459, 0.8154848899239266480 ) ) ;
#155 = CARTESIAN_POINT ( 'NONE',  ( 1.587500000000001465, 4.650369342984409293, 5.101157409334409643 ) ) ;
#156 = UNCERTAINTY_MEASURE_WITH_UNIT (LENGTH_MEASURE( 1.000000000000000082E-05 ), #1239, 'distance_accuracy_value', 'NONE');
#157 = VECTOR ( 'NONE', #2458, 1000.000000000000000 ) ;
#158 = CARTESIAN_POINT ( 'NONE',  ( -3.000379456013064772, 6.356122725247495886, 4.197519405883063826 ) ) ;
#159 = CARTESIAN_POINT ( 'NONE',  ( 3.500000000000000000, 3.800000000000002043, -7.600000000000002309 ) ) ;
#160 = CARTESIAN_POINT ( 'NONE',  ( -1.405876571889041138, 4.552714541610183296, 5.695843305200074091 ) ) ;
#161 = ORIENTED_EDGE ( 'NONE', *, *, #1791, .F. ) ;
#162 = CARTESIAN_POINT ( 'NONE',  ( -2.244884255301052719E-16, 11.06617420935412355, 5.306944444444442688 ) ) ;
#163 = CARTESIAN_POINT ( 'NONE',  ( 3.088799943644662704, 7.663277291069983121, 0.7699424960685963271 ) ) ;
#164 = CARTESIAN_POINT ( 'NONE',  ( -3.100007786471195459, 7.459583218982515085, 0.4722838487900587467 ) ) ;
#165 = DIRECTION ( 'NONE',  ( 1.000000000000000000, 0.000000000000000000, 0.000000000000000000 ) ) ;
#166 = CARTESIAN_POINT ( 'NONE',  ( -3.097276762447684906, 7.538665278353072097, 0.9330524270665950803 ) ) ;
#167 = ADVANCED_FACE ( 'NONE', ( #120 ), #2905, .T. ) ;
#168 = ORIENTED_EDGE ( 'NONE', *, *, #2599, .T. ) ;
#169 = ORIENTED_EDGE ( 'NONE', *, *, #1012, .T. ) ;
#170 = EDGE_CURVE ( 'NONE', #2032, #1005, #2565, .T. ) ;
#171 = CYLINDRICAL_SURFACE ( 'NONE', #1951, 2.000000000000000000 ) ;
#172 = EDGE_CURVE ( 'NONE', #3424, #4377, #300, .T. ) ;
#173 = VECTOR ( 'NONE', #4473, 1000.000000000000000 ) ;
#174 = EDGE_CURVE ( 'NONE', #3251, #4142, #987, .T. ) ;
#175 = FACE_OUTER_BOUND ( 'NONE', #4063, .T. ) ;
#176 = CARTESIAN_POINT ( 'NONE',  ( 1.717877643375388397, 4.726565284210890283, 5.105990096998552552 ) ) ;
#177 = EDGE_CURVE ( 'NONE', #1236, #906, #2894, .T. ) ;
#178 = CARTESIAN_POINT ( 'NONE',  ( 2.793106854861110211, 9.012600994529453402, 3.557754630593130241 ) ) ;
#179 = PLANE ( 'NONE',  #11 ) ;
#180 = CARTESIAN_POINT ( 'NONE',  ( 3.093695017765283772, 7.195494745549560811, 0.8169452696890453502 ) ) ;
#181 = ORIENTED_EDGE ( 'NONE', *, *, #2318, .T. ) ;
#182 = CARTESIAN_POINT ( 'NONE',  ( -3.174999999999264411, 7.399998497968044653, 4.160465197233158996 ) ) ;
#183 = CARTESIAN_POINT ( 'NONE',  ( 2.793106854861110655, 7.400000000000001243, 4.733680556519056282 ) ) ;
#184 = CARTESIAN_POINT ( 'NONE',  ( -1.949361035234394635, 9.906143184386683842, 3.351779354024921442 ) ) ;
#185 = DIRECTION ( 'NONE',  ( 0.000000000000000000, 0.000000000000000000, 1.000000000000000000 ) ) ;
#186 = CARTESIAN_POINT ( 'NONE',  ( -0.9975535613297935589, 4.378833317986895679, 5.711119337122354089 ) ) ;
#187 = AXIS2_PLACEMENT_3D ( 'NONE', #2534, #2895, #1510 ) ;
#188 = VERTEX_POINT ( 'NONE', #4334 ) ;
#189 = CARTESIAN_POINT ( 'NONE',  ( 1.707656627189957366, 10.00562724943384119, 3.252716320446702891 ) ) ;
#190 = CARTESIAN_POINT ( 'NONE',  ( 3.099999999999999645, 7.400000000000042100, 0.9619637379485941331 ) ) ;
#191 = LINE ( 'NONE', #604, #3425 ) ;
#192 = CARTESIAN_POINT ( 'NONE',  ( 3.091834717522270903, 7.172306082877321742, 0.6994950523099874307 ) ) ;
#193 = CARTESIAN_POINT ( 'NONE',  ( -3.056651027906133411, 7.179347852927272733, 0.7591976846357091357 ) ) ;
#194 = ADVANCED_FACE ( 'NONE', ( #3278, #129 ), #3576, .F. ) ;
#195 = VERTEX_POINT ( 'NONE', #65 ) ;
#196 = ORIENTED_EDGE ( 'NONE', *, *, #3132, .F. ) ;
#197 = CARTESIAN_POINT ( 'NONE',  ( 0.4215836381945081146, 10.55397981910120464, 5.379962461253128936 ) ) ;
#198 = CARTESIAN_POINT ( 'NONE',  ( -1.502984194314140654, 4.603115513186127217, 4.986693265293142829 ) ) ;
#199 = EDGE_CURVE ( 'NONE', #2958, #2161, #2230, .T. ) ;
#200 = CARTESIAN_POINT ( 'NONE',  ( 5.924599938756992346E-16, 4.174798010941098703, 6.144791667630167709 ) ) ;
#201 = CARTESIAN_POINT ( 'NONE',  ( 2.082573331673920780, 5.002139070426033562, 3.710534784385878915 ) ) ;
#202 = CARTESIAN_POINT ( 'NONE',  ( 3.091475067650750308, 7.634850636727839479, 0.8370617523174439523 ) ) ;
#203 = VECTOR ( 'NONE', #1897, 1000.000000000000114 ) ;
#204 = CARTESIAN_POINT ( 'NONE',  ( -3.171232431537406971, 7.555362937251858924, 4.155365407046234694 ) ) ;
#205 = CARTESIAN_POINT ( 'NONE',  ( -1.396553427430555550, 9.818901491794177261, 5.674421297259796937 ) ) ;
#206 = CARTESIAN_POINT ( 'NONE',  ( -0.5730063372201529281, 10.52490433740434739, 3.299703932524150840 ) ) ;
#207 = LINE ( 'NONE', #4094, #2564 ) ;
#208 = CARTESIAN_POINT ( 'NONE',  ( -1.343204459911173432, 4.523115142999238891, 5.698168434371083002 ) ) ;
#209 = EDGE_LOOP ( 'NONE', ( #297, #161, #4222, #1095, #1997 ) ) ;
#210 = PLANE ( 'NONE',  #2840 ) ;
#211 = CARTESIAN_POINT ( 'NONE',  ( 0.000000000000000000, 7.400000000000001243, 0.7999999999999977129 ) ) ;
#212 = CARTESIAN_POINT ( 'NONE',  ( 2.793106854861111543, 5.787399005470550861, 6.791550926889426520 ) ) ;
#213 = CARTESIAN_POINT ( 'NONE',  ( -2.970694089703316720, 8.520578355592926201, 5.531801739353423564 ) ) ;
#214 = CARTESIAN_POINT ( 'NONE',  ( 0.000000000000000000, 1.300000000000006040, -6.299999999999996270 ) ) ;
#215 = B_SPLINE_CURVE_WITH_KNOTS ( 'NONE', 3,
 ( #3053, #2713, #3008, #935, #2372, #4158 ),
 .UNSPECIFIED., .F., .F.,
 ( 4, 2, 4 ),
 ( 0.003699340269219999339, 0.005484664204082696261, 0.007269988138945393183 ),
 .UNSPECIFIED. ) ;
#216 = CIRCLE ( 'NONE', #876, 3.174999999999999822 ) ;
#217 = VERTEX_POINT ( 'NONE', #2511 ) ;
#218 = VERTEX_POINT ( 'NONE', #1821 ) ;
#219 = FACE_OUTER_BOUND ( 'NONE', #4048, .T. ) ;
#220 = PRODUCT_DEFINITION_FORMATION_WITH_SPECIFIED_SOURCE ( 'ANY', '', #1698, .NOT_KNOWN. ) ;
#221 = ADVANCED_FACE ( 'NONE', ( #755 ), #149, .T. ) ;
#222 = CARTESIAN_POINT ( 'NONE',  ( 2.873206339212762472, 6.048865286181063006, 5.169821079366781369 ) ) ;
#223 = CARTESIAN_POINT ( 'NONE',  ( 2.793106854861110655, 7.400000000000001243, 4.204513889852389497 ) ) ;
#224 = CARTESIAN_POINT ( 'NONE',  ( -0.7218468332400219678, 4.308117511406827305, 3.604511198208374623 ) ) ;
#225 = SURFACE_STYLE_FILL_AREA ( #668 ) ;
#226 = AXIS2_PLACEMENT_3D ( 'NONE', #1584, #1561, #1169 ) ;
#227 = EDGE_CURVE ( 'NONE', #2570, #1605, #2003, .T. ) ;
#228 = ORIENTED_EDGE ( 'NONE', *, *, #2262, .T. ) ;
#229 = CARTESIAN_POINT ( 'NONE',  ( -2.923435124833646537, 10.42072316667535858, -7.599999999999999645 ) ) ;
#230 = CARTESIAN_POINT ( 'NONE',  ( 2.793106854861111543, 5.787399005470550861, 6.085995371333871695 ) ) ;
#231 = EDGE_CURVE ( 'NONE', #4489, #1659, #493, .T. ) ;
#232 = CARTESIAN_POINT ( 'NONE',  ( 7.837739514543062892E-17, -1.810193359837561022, -4.739999999999997549 ) ) ;
#233 = CARTESIAN_POINT ( 'NONE',  ( -2.551033439622839349, 8.576543549757161600, 6.528924224206847704 ) ) ;
#234 = CARTESIAN_POINT ( 'NONE',  ( 0.2006008464774637623, 4.231329324817187043, 5.755346452288498504 ) ) ;
#235 = AXIS2_PLACEMENT_3D ( 'NONE', #2060, #2696, #1621 ) ;
#236 = ORIENTED_EDGE ( 'NONE', *, *, #2845, .F. ) ;
#237 = CARTESIAN_POINT ( 'NONE',  ( 2.569014564473408146, 5.531252430633108119, 4.442183280291097880 ) ) ;
#238 = PLANE ( 'NONE',  #2860 ) ;
#239 = CARTESIAN_POINT ( 'NONE',  ( 2.793106854861110655, 7.400000000000001243, 6.850347223185723422 ) ) ;
#240 = CARTESIAN_POINT ( 'NONE',  ( -2.750305389929250222, 9.032234677279021184, 5.511439853167571457 ) ) ;
#241 = CARTESIAN_POINT ( 'NONE',  ( -2.201843234021083173, 9.118526192836901245, 3.071075775792517781 ) ) ;
#242 = ORIENTED_EDGE ( 'NONE', *, *, #4166, .T. ) ;
#243 = ORIENTED_EDGE ( 'NONE', *, *, #1077, .T. ) ;
#244 = CARTESIAN_POINT ( 'NONE',  ( -3.174999999999316369, 7.400001423922410559, 4.072176237708831970 ) ) ;
#245 = CARTESIAN_POINT ( 'NONE',  ( 3.174999999999998934, 9.233087104677062840, 3.778240740740739234 ) ) ;
#246 = EDGE_LOOP ( 'NONE', ( #265, #1050, #2362, #734 ) ) ;
#247 = CARTESIAN_POINT ( 'NONE',  ( -0.8469998627180226336, 4.339862876276585624, 5.011103446634339598 ) ) ;
#248 = CARTESIAN_POINT ( 'NONE',  ( 1.396553427430554661, 9.818901491794177261, 5.027662038000538125 ) ) ;
#249 = CARTESIAN_POINT ( 'NONE',  ( 2.817099992154753263, 5.934675916197269530, 3.754015777430030454 ) ) ;
#250 = CARTESIAN_POINT ( 'NONE',  ( 3.088786820535910138, 7.136568837675454802, 0.6994154661929543604 ) ) ;
#251 = CARTESIAN_POINT ( 'NONE',  ( -2.701541769869079790, 9.068497537058794578, 4.098123904376648419 ) ) ;
#252 = CARTESIAN_POINT ( 'NONE',  ( -1.587500000000000355, 10.14963065701559408, 2.631712964889965090 ) ) ;
#253 = CARTESIAN_POINT ( 'NONE',  ( -3.145297720264365271, 7.833286815754513910, 6.262636109270348861 ) ) ;
#254 = SURFACE_STYLE_USAGE ( .BOTH. , #4388 ) ;
#255 = CARTESIAN_POINT ( 'NONE',  ( -3.116344166729009046, 6.782151474981130690, 5.592522729987772223 ) ) ;
#256 = VECTOR ( 'NONE', #892, 1000.000000000000000 ) ;
#257 = ORIENTED_EDGE ( 'NONE', *, *, #1053, .F. ) ;
#258 = CARTESIAN_POINT ( 'NONE',  ( 2.375003400533021392, 5.292862489229896106, 4.430802481313429020 ) ) ;
#259 = LINE ( 'NONE', #603, #3945 ) ;
#260 = CARTESIAN_POINT ( 'NONE',  ( -1.396553427430555550, 9.818901491794177261, 4.968865741704241223 ) ) ;
#262 = EDGE_CURVE ( 'NONE', #705, #2339, #2937, .T. ) ;
#261 = CARTESIAN_POINT ( 'NONE',  ( -2.566198267739792538, 9.283774668195261981, 5.500201232937699913 ) ) ;
#263 = CARTESIAN_POINT ( 'NONE',  ( 1.957347307707778095, 9.539512753068573048, 6.472217236174357069 ) ) ;
#264 = ORIENTED_EDGE ( 'NONE', *, *, #2705, .F. ) ;
#265 = ORIENTED_EDGE ( 'NONE', *, *, #262, .T. ) ;
#266 = CYLINDRICAL_SURFACE ( 'NONE', #3096, 3.174999999999999822 ) ;
#267 = CARTESIAN_POINT ( 'NONE',  ( -1.587499999999997691, 4.650369342984407517, 6.306481481481479356 ) ) ;
#268 = ORIENTED_EDGE ( 'NONE', *, *, #1681, .F. ) ;
#269 = CARTESIAN_POINT ( 'NONE',  ( -1.270806737520007390, 4.488776470731167478, 4.995205012811432255 ) ) ;
#270 = CARTESIAN_POINT ( 'NONE',  ( 1.396553427430554661, 9.818901491794177261, 6.438773149111648664 ) ) ;
#271 = CARTESIAN_POINT ( 'NONE',  ( 1.387361983063845505, 4.544152363972715492, 3.682631295374016123 ) ) ;
#272 = DIRECTION ( 'NONE',  ( -0.0001885588283995586053, 0.002210892663252807602, 0.9999975381965696686 ) ) ;
#273 = VERTEX_POINT ( 'NONE', #3900 ) ;
#274 = CARTESIAN_POINT ( 'NONE',  ( -2.932774586315618048, 8.619350005852343344, 4.116768574814722470 ) ) ;
#275 = CARTESIAN_POINT ( 'NONE',  ( -3.174999999999999822, 9.233087104677062840, 2.690509261186261547 ) ) ;
#276 = CARTESIAN_POINT ( 'NONE',  ( -0.7292399293817809491, 10.49014331295868807, 3.305481023474616364 ) ) ;
#277 = CARTESIAN_POINT ( 'NONE',  ( -2.038445026620362199, 9.333645759763561145, 6.528924224206845928 ) ) ;
#278 = CARTESIAN_POINT ( 'NONE',  ( -3.146170230828483128, 6.973098574088714585, 5.585754955932321408 ) ) ;
#279 = EDGE_CURVE ( 'NONE', #3176, #3399, #401, .T. ) ;
#280 = PLANE ( 'NONE',  #1880 ) ;
#281 = DIRECTION ( 'NONE',  ( 0.000000000000000000, 1.000000000000000000, 0.000000000000000000 ) ) ;
#282 = CARTESIAN_POINT ( 'NONE',  ( -2.793106854861111099, 9.012600994529453402, 7.320717593556093306 ) ) ;
#283 = LINE ( 'NONE', #1945, #2173 ) ;
#284 = B_SPLINE_CURVE_WITH_KNOTS ( 'NONE', 3,
 ( #2304, #4486, #3403, #233, #598, #277, #4118, #986, #2376, #2036, #3694, #2741 ),
 .UNSPECIFIED., .F., .F.,
 ( 4, 2, 2, 2, 2, 4 ),
 ( 0.0008076796521568947338, 0.001721561599346243350, 0.002635443546535591857, 0.003549325493724941015, 0.004006266467319613209, 0.004463207440914286270 ),
 .UNSPECIFIED. ) ;
#285 = ORIENTED_EDGE ( 'NONE', *, *, #1623, .T. ) ;
#286 = CIRCLE ( 'NONE', #3054, 0.2250000000000000611 ) ;
#287 = CARTESIAN_POINT ( 'NONE',  ( 3.174999999993802113, 7.400006273435250748, 4.513194619944298935 ) ) ;
#288 = CARTESIAN_POINT ( 'NONE',  ( 1.587500000000001465, 4.650369342984409293, 5.012962962962960844 ) ) ;
#289 = ADVANCED_FACE ( 'NONE', ( #2490, #2209 ), #780, .T. ) ;
#290 = ORIENTED_EDGE ( 'NONE', *, *, #904, .F. ) ;
#291 = CARTESIAN_POINT ( 'NONE',  ( -3.156187284376565927, 7.054824147485391883, 4.877392161219878730 ) ) ;
#292 = CIRCLE ( 'NONE', #505, 0.04000000000000029227 ) ;
#293 = CARTESIAN_POINT ( 'NONE',  ( -3.091470268473098137, 7.164961905473322901, 0.8370882843061369094 ) ) ;
#294 = CARTESIAN_POINT ( 'NONE',  ( 1.963337992808183108, 4.904810921483930386, 3.705167472083298996 ) ) ;
#295 = FILL_AREA_STYLE ('',( #2667 ) ) ;
#296 =( BOUNDED_CURVE ( )  B_SPLINE_CURVE ( 2, ( #1832, #2822, #3892, #3525, #2545, #3227, #4263 ),
 .UNSPECIFIED., .F., .T. ) 
 B_SPLINE_CURVE_WITH_KNOTS ( ( 3, 2, 2, 3 ),
 ( 0.3834176263414055819, 0.4089787895581412647, 0.4345399639055250729, 0.4601011693976925776 ),
 .UNSPECIFIED. ) 
 CURVE ( )  GEOMETRIC_REPRESENTATION_ITEM ( )  RATIONAL_B_SPLINE_CURVE ( ( 1.000000000000000000, 0.8660254037844387076, 1.000000000000000000, 0.8660254037844387076, 1.000000000000000000, 0.8660254037844387076, 1.000000000000000000 ) ) 
 REPRESENTATION_ITEM ( '' )  );
#297 = ORIENTED_EDGE ( 'NONE', *, *, #3573, .F. ) ;
#298 = CARTESIAN_POINT ( 'NONE',  ( -1.409160098027424590, 10.24559273298631190, 4.035965060621550471 ) ) ;
#299 = CARTESIAN_POINT ( 'NONE',  ( 2.793106854861111543, 5.787399005470550861, 3.263773149111648841 ) ) ;
#300 = B_SPLINE_CURVE_WITH_KNOTS ( 'NONE', 3,
 ( #485, #833, #2876, #1841, #3233, #109 ),
 .UNSPECIFIED., .F., .F.,
 ( 4, 2, 4 ),
 ( 0.0004109728343624194412, 0.0006160035205085140613, 0.0008210342066546087898 ),
 .UNSPECIFIED. ) ;
#301 = CARTESIAN_POINT ( 'NONE',  ( 1.677985349325147757, 10.09553651793967788, 6.038490874107528050 ) ) ;
#302 = LINE ( 'NONE', #3741, #1762 ) ;
#303 = LINE ( 'NONE', #3788, #1602 ) ;
#304 = EDGE_LOOP ( 'NONE', ( #3603, #3898 ) ) ;
#305 = CARTESIAN_POINT ( 'NONE',  ( -2.244884255301052719E-16, 11.06617420935412355, 6.806250001927001136 ) ) ;
#306 = CARTESIAN_POINT ( 'NONE',  ( -1.861459462835003631, 4.827918165748783075, 4.267238715120774017 ) ) ;
#307 = DIRECTION ( 'NONE',  ( 0.000000000000000000, 0.000000000000000000, -1.000000000000000000 ) ) ;
#308 = CARTESIAN_POINT ( 'NONE',  ( 2.793106854861111543, 5.787399005470550861, 6.967939815778315449 ) ) ;
#309 = CARTESIAN_POINT ( 'NONE',  ( -3.026820241271048317, 8.361474185277513627, 5.537952411019140264 ) ) ;
#310 = DIRECTION ( 'NONE',  ( -0.000000000000000000, -0.000000000000000000, 1.000000000000000000 ) ) ;
#311 = VECTOR ( 'NONE', #3304, 1000.000000000000000 ) ;
#312 = CIRCLE ( 'NONE', #2560, 2.500000000000001776 ) ;
#313 = ORIENTED_EDGE ( 'NONE', *, *, #369, .T. ) ;
#314 = AXIS2_PLACEMENT_3D ( 'NONE', #2947, #3312, #3626 ) ;
#315 = CARTESIAN_POINT ( 'NONE',  ( 3.500000000000000000, 6.505213034913026604E-16, -6.100000000000000533 ) ) ;
#316 = CARTESIAN_POINT ( 'NONE',  ( 3.175000000000001155, 5.566912895322941424, 4.366203703703702033 ) ) ;
#317 = ORIENTED_EDGE ( 'NONE', *, *, #1835, .F. ) ;
#318 = CARTESIAN_POINT ( 'NONE',  ( 1.396553427430554661, 9.818901491794177261, 6.262384260222759735 ) ) ;
#319 = CARTESIAN_POINT ( 'NONE',  ( -3.100000000000000977, 7.331313735152560795, 0.4380362620512654459 ) ) ;
#320 = CARTESIAN_POINT ( 'NONE',  ( -3.174999999999982059, 7.242139716436367003, 3.459927863644117529 ) ) ;
#321 = LINE ( 'NONE', #3759, #2697 ) ;
#322 = EDGE_CURVE ( 'NONE', #1408, #1010, #3553, .T. ) ;
#323 = ORIENTED_EDGE ( 'NONE', *, *, #4359, .T. ) ;
#324 = CARTESIAN_POINT ( 'NONE',  ( -0.4379411545491945779, 10.54470886268982177, 4.000248469054040967 ) ) ;
#325 = CARTESIAN_POINT ( 'NONE',  ( -1.396553427430553329, 4.981098508205822561, 3.087384260222760357 ) ) ;
#326 = B_SPLINE_CURVE_WITH_KNOTS ( 'NONE', 3,
 ( #3356, #4413, #2647, #1666, #2626, #1938 ),
 .UNSPECIFIED., .F., .F.,
 ( 4, 2, 4 ),
 ( 0.007269988138945389713, 0.009047616259563656671, 0.01082524438018192363 ),
 .UNSPECIFIED. ) ;
#327 = CARTESIAN_POINT ( 'NONE',  ( -2.652479154615802859, 9.147133433939199421, 6.211344574813815633 ) ) ;
#328 = CARTESIAN_POINT ( 'NONE',  ( 3.099999999999999645, 7.400000000000042100, 0.9619637379485941331 ) ) ;
#329 = CARTESIAN_POINT ( 'NONE',  ( -2.568129616185087727, 5.532666311445059826, 5.642660785826180359 ) ) ;
#330 = AXIS2_PLACEMENT_3D ( 'NONE', #32, #3505, #2481 ) ;
#331 = B_SPLINE_CURVE_WITH_KNOTS ( 'NONE', 3,
 ( #706, #3183, #55, #1452, #2504, #1854, #3611, #1537, #2264, #4305, #189, #3589, #464, #2868, #121, #4262, #3657, #3913 ),
 .UNSPECIFIED., .F., .F.,
 ( 4, 2, 2, 2, 2, 2, 2, 2, 4 ),
 ( 0.006502701837222390861, 0.007150467049260527709, 0.007798232261298664557, 0.008445997473336800537, 0.009093762685374937385, 0.009741527897413074233, 0.01038929310945121108, 0.01103705832148934793, 0.01168482353352748478 ),
 .UNSPECIFIED. ) ;
#332 = CARTESIAN_POINT ( 'NONE',  ( 2.793106854861110655, 7.400000000000001243, 4.733680556519056282 ) ) ;
#333 = CARTESIAN_POINT ( 'NONE',  ( 1.527650434990196260, 4.616584040367555986, 4.393394005233393962 ) ) ;
#334 = LINE ( 'NONE', #2042, #3290 ) ;
#335 = CARTESIAN_POINT ( 'NONE',  ( 2.793106854861110655, 7.400000000000001243, 5.439236112074611995 ) ) ;
#336 = CARTESIAN_POINT ( 'NONE',  ( -1.150263283382288337, 10.36090384973991263, 5.437735933166781166 ) ) ;
#337 = FACE_OUTER_BOUND ( 'NONE', #133, .T. ) ;
#338 = ORIENTED_EDGE ( 'NONE', *, *, #717, .F. ) ;
#339 = CARTESIAN_POINT ( 'NONE',  ( -3.099999999999999645, 7.400000000000042100, 0.4380362620514043903 ) ) ;
#340 = CARTESIAN_POINT ( 'NONE',  ( -3.174999999999998934, 5.566912895322936983, 4.836574074074072804 ) ) ;
#341 = CARTESIAN_POINT ( 'NONE',  ( -2.988862201395050544, 6.328845746969281372, 4.903791019807183460 ) ) ;
#342 = CARTESIAN_POINT ( 'NONE',  ( -3.088773617751759293, 7.136414032202285540, 0.6314687376374473748 ) ) ;
#343 = CARTESIAN_POINT ( 'NONE',  ( -1.411438494204807492, 4.555949224786540519, 3.578972825603421892 ) ) ;
#344 = SURFACE_STYLE_USAGE ( .BOTH. , #2118 ) ;
#345 = ORIENTED_EDGE ( 'NONE', *, *, #1818, .T. ) ;
#346 = CARTESIAN_POINT ( 'NONE',  ( -0.6021777433244454025, 10.51808385467029794, 4.006341388721968322 ) ) ;
#347 = ADVANCED_FACE ( 'NONE', ( #431 ), #4247, .T. ) ;
#348 = CARTESIAN_POINT ( 'NONE',  ( 0.8143909853334403426, 10.47547979445969801, 6.070732521310795882 ) ) ;
#349 = DIRECTION ( 'NONE',  ( 0.000000000000000000, -1.000000000000000000, 0.000000000000000000 ) ) ;
#350 = DIRECTION ( 'NONE',  ( -0.000000000000000000, 1.239088197126290570E-16, -1.000000000000000000 ) ) ;
#351 = CARTESIAN_POINT ( 'NONE',  ( -2.793106854861109323, 5.787399005470548197, 3.734143519482019169 ) ) ;
#352 = CARTESIAN_POINT ( 'NONE',  ( -2.446619123550881625, 5.376457529847063377, 4.238810384960598476 ) ) ;
#353 = CARTESIAN_POINT ( 'NONE',  ( 0.000000000000000000, 7.400000000000001243, 9.859920353756539413 ) ) ;
#354 = CARTESIAN_POINT ( 'NONE',  ( 2.771765533002611193, 7.055381757983014701, 2.603999678601905288 ) ) ;
#355 = CARTESIAN_POINT ( 'NONE',  ( 1.396553427430556660, 4.981098508205824338, 6.203587963926463722 ) ) ;
#356 = ORIENTED_EDGE ( 'NONE', *, *, #2549, .F. ) ;
#357 = FACE_OUTER_BOUND ( 'NONE', #2198, .T. ) ;
#358 = CARTESIAN_POINT ( 'NONE',  ( -3.174999999999998934, 5.566912895322936983, 3.425462962962961821 ) ) ;
#359 = CARTESIAN_POINT ( 'NONE',  ( -3.155161955530936702, 7.045535957272296201, 4.877708919308482827 ) ) ;
#360 = LINE ( 'NONE', #4179, #775 ) ;
#361 = DIRECTION ( 'NONE',  ( 0.000000000000000000, 0.000000000000000000, 1.000000000000000000 ) ) ;
#362 =( LENGTH_UNIT ( ) NAMED_UNIT ( * ) SI_UNIT ( .MILLI., .METRE. ) );
#363 = ORIENTED_EDGE ( 'NONE', *, *, #3412, .T. ) ;
#364 = AXIS2_PLACEMENT_3D ( 'NONE', #2976, #1898, #1216 ) ;
#365 = CARTESIAN_POINT ( 'NONE',  ( 3.168213900491954504, 7.612412022482902607, 3.814594041395254376 ) ) ;
#366 = CARTESIAN_POINT ( 'NONE',  ( -2.357928662271172815, 9.529344645635388744, 6.193660309927683905 ) ) ;
#367 = DIRECTION ( 'NONE',  ( -0.000000000000000000, 1.000000000000000000, -0.000000000000000000 ) ) ;
#368 = DIRECTION ( 'NONE',  ( 0.000000000000000000, -1.000000000000000000, 0.000000000000000000 ) ) ;
#369 = EDGE_CURVE ( 'NONE', #4058, #3485, #1857, .T. ) ;
#370 = ORIENTED_EDGE ( 'NONE', *, *, #4089, .T. ) ;
#371 = CARTESIAN_POINT ( 'NONE',  ( -3.174999999999999822, 9.233087104677062840, 6.923842594519594940 ) ) ;
#372 = CARTESIAN_POINT ( 'NONE',  ( -2.885394351626493048, 6.058191140720178502, 4.209179256511733414 ) ) ;
#373 = PLANE ( 'NONE',  #452 ) ;
#374 = CARTESIAN_POINT ( 'NONE',  ( -1.974866646252330782E-16, 10.62520198905890290, 5.792013889852389852 ) ) ;
#375 = CARTESIAN_POINT ( 'NONE',  ( 2.793106854861110655, 7.400000000000001243, 5.615625000963500923 ) ) ;
#376 = ADVANCED_FACE ( 'NONE', ( #3213 ), #84, .T. ) ;
#377 = VERTEX_POINT ( 'NONE', #1465 ) ;
#378 = CARTESIAN_POINT ( 'NONE',  ( -3.063798062203321848, 7.515323907692504690, 0.5015968391865337495 ) ) ;
#379 = DIRECTION ( 'NONE',  ( -1.000000000000000000, 0.000000000000000000, 0.000000000000000000 ) ) ;
#380 =( GEOMETRIC_REPRESENTATION_CONTEXT ( 3 ) GLOBAL_UNCERTAINTY_ASSIGNED_CONTEXT ( ( #2899 ) ) GLOBAL_UNIT_ASSIGNED_CONTEXT ( ( #2284, #3677, #4437 ) ) REPRESENTATION_CONTEXT ( 'NONE', 'WORKASPACE' ) );
#381 = CARTESIAN_POINT ( 'NONE',  ( -1.584758404966802647, 4.648776870404008221, 4.983667198406538823 ) ) ;
#382 = AXIS2_PLACEMENT_3D ( 'NONE', #2410, #2091, #606 ) ;
#383 = CARTESIAN_POINT ( 'NONE',  ( -3.097333786796879540, 7.537492666534125085, 0.9337684151715706093 ) ) ;
#384 = ORIENTED_EDGE ( 'NONE', *, *, #2234, .T. ) ;
#385 = CARTESIAN_POINT ( 'NONE',  ( 2.818521775756184233, 8.864184777303158569, 3.861180716580113970 ) ) ;
#386 = CARTESIAN_POINT ( 'NONE',  ( 0.5157556339697902947, 10.53447236976320767, 6.081653602771793565 ) ) ;
#387 = LINE ( 'NONE', #695, #748 ) ;
#388 = DIRECTION ( 'NONE',  ( 0.000000000000000000, 0.000000000000000000, 1.000000000000000000 ) ) ;
#389 = EDGE_CURVE ( 'NONE', #218, #59, #2117, .T. ) ;
#390 = ORIENTED_EDGE ( 'NONE', *, *, #1173, .F. ) ;
#391 = CARTESIAN_POINT ( 'NONE',  ( 2.793106854861110211, 9.012600994529453402, 3.381365741704241312 ) ) ;
#392 = CARTESIAN_POINT ( 'NONE',  ( 2.291462988013280189, 5.201931627888322751, 4.426276942711145246 ) ) ;
#393 = CARTESIAN_POINT ( 'NONE',  ( 0.000000000000000000, 2.300000000000006040, -4.099999999999997868 ) ) ;
#394 = CARTESIAN_POINT ( 'NONE',  ( 1.396553427430556660, 4.981098508205824338, 6.909143519482019435 ) ) ;
#395 = CARTESIAN_POINT ( 'NONE',  ( -1.974866646252330782E-16, 10.62520198905890290, 5.792013889852389852 ) ) ;
#396 = AXIS2_PLACEMENT_3D ( 'NONE', #951, #3439, #2707 ) ;
#397 = CARTESIAN_POINT ( 'NONE',  ( -3.099999999999999645, 7.400000000000001243, 9.859920353756539413 ) ) ;
#398 = EDGE_CURVE ( 'NONE', #2356, #3207, #1875, .T. ) ;
#399 = CARTESIAN_POINT ( 'NONE',  ( -3.099999999999999645, 7.468533298632918260, 0.4380362620512903704 ) ) ;
#400 = DIRECTION ( 'NONE',  ( -0.000000000000000000, -1.000000000000000000, -4.396451289603110513E-16 ) ) ;
#401 = CIRCLE ( 'NONE', #2949, 0.5000000000000002220 ) ;
#402 = ORIENTED_EDGE ( 'NONE', *, *, #30, .T. ) ;
#403 = ORIENTED_EDGE ( 'NONE', *, *, #3628, .F. ) ;
#404 = CIRCLE ( 'NONE', #995, 2.669999999999999485 ) ;
#405 = CARTESIAN_POINT ( 'NONE',  ( -1.863685352092476100, 4.828669768033060805, 3.561451316326991190 ) ) ;
#406 = CARTESIAN_POINT ( 'NONE',  ( -3.500000000000000000, 1.300000000000006040, -6.100000000000001421 ) ) ;
#407 = ORIENTED_EDGE ( 'NONE', *, *, #2796, .F. ) ;
#408 = CARTESIAN_POINT ( 'NONE',  ( 2.324553940978040245, 5.419067289730995718, 6.384948466642478060 ) ) ;
#409 = DIRECTION ( 'NONE',  ( -0.000000000000000000, -0.000000000000000000, 1.000000000000000000 ) ) ;
#410 = CARTESIAN_POINT ( 'NONE',  ( 3.500000000000000000, 10.27233507433390436, -0.6000000000000006439 ) ) ;
#411 = DIRECTION ( 'NONE',  ( -0.000000000000000000, -0.000000000000000000, 1.000000000000000000 ) ) ;
#412 = CARTESIAN_POINT ( 'NONE',  ( -1.676847894712655718, 10.09799728546132513, 4.751863320108304478 ) ) ;
#413 = CARTESIAN_POINT ( 'NONE',  ( -1.587500000000000355, 10.14963065701559408, 6.159490742667742325 ) ) ;
#414 = ADVANCED_FACE ( 'NONE', ( #2430 ), #2066, .F. ) ;
#415 = PLANE ( 'NONE',  #3853 ) ;
#416 = CARTESIAN_POINT ( 'NONE',  ( 3.174999999999530864, 7.399998274928630160, 4.424999944669294472 ) ) ;
#417 = CARTESIAN_POINT ( 'NONE',  ( -1.396553427430553329, 4.981098508205822561, 3.969328704667204111 ) ) ;
#418 = CARTESIAN_POINT ( 'NONE',  ( 2.793106854861111543, 5.787399005470550861, 4.145717593556093483 ) ) ;
#419 = ORIENTED_EDGE ( 'NONE', *, *, #625, .F. ) ;
#420 = DIRECTION ( 'NONE',  ( -1.000000000000000000, 0.000000000000000000, 0.000000000000000000 ) ) ;
#421 = CARTESIAN_POINT ( 'NONE',  ( 3.500000000000000000, 1.300000000000006040, -7.600000000000002309 ) ) ;
#422 = CIRCLE ( 'NONE', #1591, 3.300000000000000711 ) ;
#423 = VERTEX_POINT ( 'NONE', #699 ) ;
#424 = VERTEX_POINT ( 'NONE', #721 ) ;
#425 = EDGE_CURVE ( 'NONE', #2340, #587, #675, .T. ) ;
#426 = EDGE_CURVE ( 'NONE', #3222, #2931, #4188, .T. ) ;
#427 = LINE ( 'NONE', #1817, #3729 ) ;
#428 =( LENGTH_UNIT ( ) NAMED_UNIT ( * ) SI_UNIT ( .MILLI., .METRE. ) );
#429 = VERTEX_POINT ( 'NONE', #3480 ) ;
#430 = CARTESIAN_POINT ( 'NONE',  ( 2.922689966431497144, 8.640752385742411334, 3.852108491931234724 ) ) ;
#431 = FACE_OUTER_BOUND ( 'NONE', #1949, .T. ) ;
#432 = CYLINDRICAL_SURFACE ( 'NONE', #629, 0.6399999999999999023 ) ;
#433 = CARTESIAN_POINT ( 'NONE',  ( -3.056639957652750539, 7.620781940094322415, 0.6995084149797298201 ) ) ;
#434 = CARTESIAN_POINT ( 'NONE',  ( -3.170213417554514024, 7.601235878899909260, 4.859185772011402449 ) ) ;
#435 = CARTESIAN_POINT ( 'NONE',  ( -1.587500000000000355, 10.14963065701559408, 4.042824076001076072 ) ) ;
#436 = AXIS2_PLACEMENT_3D ( 'NONE', #2552, #1971, #4291 ) ;
#437 = CARTESIAN_POINT ( 'NONE',  ( -1.986128216206450858, 9.877119808631142917, 3.353391866907113883 ) ) ;
#438 = CYLINDRICAL_SURFACE ( 'NONE', #1836, 3.099999999999999645 ) ;
#439 = CARTESIAN_POINT ( 'NONE',  ( 5.924599938756993332E-16, 4.174798010941098703, 3.322569445407944855 ) ) ;
#440 = CARTESIAN_POINT ( 'NONE',  ( 1.396553427430554661, 9.818901491794177261, 3.616550926889426698 ) ) ;
#441 = CARTESIAN_POINT ( 'NONE',  ( -2.500848202438757717, 9.356033027670761726, 3.291532000855587725 ) ) ;
#442 = CARTESIAN_POINT ( 'NONE',  ( 0.2630173068965498406, 4.541349953668079031, 3.114025881566320653 ) ) ;
#443 = FACE_OUTER_BOUND ( 'NONE', #1244, .T. ) ;
#444 = FACE_OUTER_BOUND ( 'NONE', #12, .T. ) ;
#445 = ORIENTED_EDGE ( 'NONE', *, *, #2651, .T. ) ;
#446 = ORIENTED_EDGE ( 'NONE', *, *, #425, .F. ) ;
#447 = CARTESIAN_POINT ( 'NONE',  ( 3.161726240894658257, 7.695058434047894025, 5.228379390157147810 ) ) ;
#448 = EDGE_CURVE ( 'NONE', #1755, #674, #1445, .T. ) ;
#449 = CARTESIAN_POINT ( 'NONE',  ( 3.175000003043519925, 7.438927885153240993, 3.808887509516799774 ) ) ;
#450 = AXIS2_PLACEMENT_3D ( 'NONE', #1490, #3969, #3923 ) ;
#451 = CARTESIAN_POINT ( 'NONE',  ( 1.999999999999999556, 1.300000000000006040, -0.6000000000000000888 ) ) ;
#452 = AXIS2_PLACEMENT_3D ( 'NONE', #4235, #1764, #25 ) ;
#453 = ADVANCED_FACE ( 'NONE', ( #2765 ), #2445, .T. ) ;
#454 = CARTESIAN_POINT ( 'NONE',  ( 0.000000000000000000, 0.05000000000000065503, -4.099999999999997868 ) ) ;
#455 = CARTESIAN_POINT ( 'NONE',  ( 0.000000000000000000, 10.79999999999999893, -0.6000000000000007550 ) ) ;
#456 = CARTESIAN_POINT ( 'NONE',  ( -3.121483572866631473, 7.991766469072474344, 4.846061258048681708 ) ) ;
#457 = ORIENTED_EDGE ( 'NONE', *, *, #2820, .T. ) ;
#458 = CARTESIAN_POINT ( 'NONE',  ( -2.244884255301052719E-16, 11.06617420935412355, 6.100694446371446311 ) ) ;
#459 = DIRECTION ( 'NONE',  ( 0.000000000000000000, -1.000000000000000000, 0.000000000000000000 ) ) ;
#460 = CARTESIAN_POINT ( 'NONE',  ( 2.793106854861111543, 5.787399005470550861, 5.556828704667204022 ) ) ;
#461 = CARTESIAN_POINT ( 'NONE',  ( -1.974866646252330782E-16, 10.62520198905890290, 2.969791667630166998 ) ) ;
#462 = VERTEX_POINT ( 'NONE', #1354 ) ;
#463 = CARTESIAN_POINT ( 'NONE',  ( -2.793106854861110655, 7.400000000000001243, 3.071075775793149720 ) ) ;
#464 = CARTESIAN_POINT ( 'NONE',  ( 1.136117470376294181, 10.32093155070409729, 3.263660930100967139 ) ) ;
#465 = CARTESIAN_POINT ( 'NONE',  ( 0.000000000000000000, 7.400000000000001243, 0.7999999999999977129 ) ) ;
#466 = DIRECTION ( 'NONE',  ( -0.000000000000000000, -0.000000000000000000, 1.000000000000000000 ) ) ;
#467 = ORIENTED_EDGE ( 'NONE', *, *, #3926, .F. ) ;
#468 = ORIENTED_EDGE ( 'NONE', *, *, #4272, .F. ) ;
#469 = CYLINDRICAL_SURFACE ( 'NONE', #3336, 2.000000000000000000 ) ;
#470 = FILL_AREA_STYLE ('',( #3944 ) ) ;
#471 = AXIS2_PLACEMENT_3D ( 'NONE', #3966, #3619, #3873 ) ;
#472 = FACE_OUTER_BOUND ( 'NONE', #2829, .T. ) ;
#473 = DIRECTION ( 'NONE',  ( 0.000000000000000000, 0.000000000000000000, 1.000000000000000000 ) ) ;
#474 = DIRECTION ( 'NONE',  ( 1.000000000000000000, 0.000000000000000000, 0.000000000000000000 ) ) ;
#475 = DIRECTION ( 'NONE',  ( 0.000000000000000000, -0.000000000000000000, -1.000000000000000000 ) ) ;
#476 = CYLINDRICAL_SURFACE ( 'NONE', #3783, 2.669999999999999485 ) ;
#477 = ORIENTED_EDGE ( 'NONE', *, *, #3315, .T. ) ;
#478 = B_SPLINE_CURVE_WITH_KNOTS ( 'NONE', 3,
 ( #3364, #2724, #3410, #2336, #1306, #1675, #4124, #4148, #3748, #4073, #1969, #3682, #605, #3385, #3700, #309, #2385, #3340, #1022, #213, #579, #4443, #1609, #240, #261, #2999, #1628, #3042, #3723, #3018, #945, #2702, #1993, #4100, #1701, #969, #3093, #2360, #4517, #2071, #1724, #679, #3461, #2409, #336, #3116, #2770, #4170, #1384, #3794, #864, #1544, #3275, #197, #820, #1174, #3639, #4290, #106, #884, #491, #3963, #1590, #2572, #2593, #2911, #4312, #4035, #839, #2184, #2981, #3231, #2934, #4378, #2228, #1198, #2273, #3616, #3300, #518, #2207, #3668, #1904, #1505, #1245, #1567, #2891, #2638, #1878, #4331, #447, #1154, #147, #2550, #3986, #3942, #3323, #2959, #4011, #2247 ),
 .UNSPECIFIED., .F., .F.,
 ( 4, 2, 2, 2, 1, 2, 2, 2, 2, 1, 2, 2, 2, 2, 2, 2, 2, 2, 2, 2, 2, 2, 1, 2, 2, 2, 2, 2, 2, 2, 2, 1, 1, 2, 2, 2, 2, 2, 2, 2, 2, 1, 2, 2, 2, 2, 1, 2, 2, 2, 1, 1, 1, 2, 4 ),
 ( 0.2855037912643017539, 0.2885684731638720746, 0.2889515584013183647, 0.2891431010200414820, 0.2893346436387646547, 0.2901008141136571794, 0.2916331550634422287, 0.2946978369630122718, 0.2962301779127972656, 0.2966132631502435557, 0.2968048057689666730, 0.2969963483876897903, 0.2977625188625823149, 0.3038918826617225122, 0.3100212464608627094, 0.3115535874106477032, 0.3130859283604327525, 0.3161506102600028512, 0.3192152921595729498, 0.3199814626344654744, 0.3201730052531885917, 0.3203645478719117090, 0.3207476331093579436, 0.3222799740591429374, 0.3253446559587129250, 0.3268769969084979188, 0.3284093378582828571, 0.3345387016574228323, 0.3406680654565627520, 0.3437327473561326840, 0.3439242899748558013, 0.3441158325935789741, 0.3444989178310252087, 0.3452650883059176778, 0.3467974292557026161, 0.3498621111552725482, 0.3513944521050575420, 0.3521606225799500667, 0.3529267930548425358, 0.3590561568539826220, 0.3605884978037676714, 0.3621208387535527207, 0.3651855206531227083, 0.3713148844522627390, 0.3743795663518327266, 0.3751457368267252512, 0.3759119073016177204, 0.3774442482514028252, 0.3805089301509728683, 0.3820412711007579731, 0.3828074415756504978, 0.3831905268130967324, 0.3833820694318198496, 0.3834778407411814083, 0.3835736120505429669 ),
 .UNSPECIFIED. ) ;
#479 = CARTESIAN_POINT ( 'NONE',  ( 3.174999999999998934, 9.233087104677062840, 3.866435187112187588 ) ) ;
#480 = ADVANCED_BREP_SHAPE_REPRESENTATION ( '', ( #2960, #4461, #4496, #4445, #2971, #436 ), #1391 ) ;
#481 = UNCERTAINTY_MEASURE_WITH_UNIT (LENGTH_MEASURE( 1.000000000000000082E-05 ), #362, 'distance_accuracy_value', 'NONE');
#482 = CARTESIAN_POINT ( 'NONE',  ( -3.121452934859425987, 6.819310031346319079, 4.180028217742126628 ) ) ;
#483 = DIRECTION ( 'NONE',  ( 0.000000000000000000, 4.956352788505158337E-16, -1.000000000000000000 ) ) ;
#484 = CARTESIAN_POINT ( 'NONE',  ( -1.974866646252330782E-16, 10.62520198905890290, 2.969791667630166998 ) ) ;
#485 = CARTESIAN_POINT ( 'NONE',  ( 3.099999999999999645, 7.400000000000041211, 0.4380362620514045013 ) ) ;
#486 = CARTESIAN_POINT ( 'NONE',  ( 0.3980204546696859969, 4.552223388382443225, 3.116780232281019636 ) ) ;
#487 = DIRECTION ( 'NONE',  ( -1.000000000000000000, 0.000000000000000000, -0.000000000000000000 ) ) ;
#488 = CARTESIAN_POINT ( 'NONE',  ( 2.669999999999999485, 7.400000000000001243, 1.999999999999998224 ) ) ;
#489 = ORIENTED_EDGE ( 'NONE', *, *, #1101, .T. ) ;
#490 = VERTEX_POINT ( 'NONE', #1043 ) ;
#491 = CARTESIAN_POINT ( 'NONE',  ( 0.9882197251947185679, 10.41736849149790167, 5.358476861442204253 ) ) ;
#492 = CARTESIAN_POINT ( 'NONE',  ( -0.2540553650110544126, 4.265018000859874370, 6.332077990079982399 ) ) ;
#493 = LINE ( 'NONE', #799, #4338 ) ;
#494 = CARTESIAN_POINT ( 'NONE',  ( -2.430305993354694660, 6.007713428751286777, 3.071075775793147944 ) ) ;
#495 = FACE_OUTER_BOUND ( 'NONE', #3465, .T. ) ;
#496 = CARTESIAN_POINT ( 'NONE',  ( -1.148242401880260832, 10.36447832965909654, 4.732021544050234674 ) ) ;
#497 = APPLICATION_CONTEXT ( 'automotive_design' ) ;
#498 = CARTESIAN_POINT ( 'NONE',  ( -3.142929510542287197, 7.860322317887694865, 4.145052801834374634 ) ) ;
#499 = CARTESIAN_POINT ( 'NONE',  ( 3.174999999999999822, 7.400000000000001243, 3.807638890815891131 ) ) ;
#500 = AXIS2_PLACEMENT_3D ( 'NONE', #1606, #627, #2287 ) ;
#501 = DIRECTION ( 'NONE',  ( 1.000000000000000000, 0.000000000000000000, 0.000000000000000000 ) ) ;
#502 = CARTESIAN_POINT ( 'NONE',  ( -2.496861765303779457, 9.361200225606889802, 3.291382575290939805 ) ) ;
#503 = DIRECTION ( 'NONE',  ( -0.000000000000000000, -1.000000000000000000, -0.000000000000000000 ) ) ;
#504 = ADVANCED_FACE ( 'NONE', ( #3815 ), #43, .T. ) ;
#505 = AXIS2_PLACEMENT_3D ( 'NONE', #3350, #272, #2322 ) ;
#506 = ORIENTED_EDGE ( 'NONE', *, *, #1794, .T. ) ;
#507 =( BOUNDED_CURVE ( )  B_SPLINE_CURVE ( 2, ( #3685, #3003, #2341, #4402, #4449, #1613, #2048 ),
 .UNSPECIFIED., .F., .T. ) 
 B_SPLINE_CURVE_WITH_KNOTS ( ( 3, 2, 2, 3 ),
 ( 0.5367846958211893726, 0.5623458356424443361, 0.5879070099898282553, 0.6134681536459621887 ),
 .UNSPECIFIED. ) 
 CURVE ( )  GEOMETRIC_REPRESENTATION_ITEM ( )  RATIONAL_B_SPLINE_CURVE ( ( 1.000000000000000000, 0.8660254037844387076, 1.000000000000000000, 0.8660254037844387076, 1.000000000000000000, 0.8660254037844387076, 1.000000000000000000 ) ) 
 REPRESENTATION_ITEM ( '' )  );
#508 = EDGE_CURVE ( 'NONE', #35, #4261, #3785, .T. ) ;
#509 = EDGE_CURVE ( 'NONE', #4176, #4069, #1429, .T. ) ;
#510 = CARTESIAN_POINT ( 'NONE',  ( 1.788241802871390673, 5.074521863785939502, 3.144900002014247686 ) ) ;
#511 = CARTESIAN_POINT ( 'NONE',  ( 0.000000000000000000, 1.500000000000003997, -6.099999999999997868 ) ) ;
#512 = CARTESIAN_POINT ( 'NONE',  ( -3.093754322063413831, 7.603517901759619058, 0.5816984580787963877 ) ) ;
#513 = CARTESIAN_POINT ( 'NONE',  ( 3.091444112383987086, 7.164615371593018089, 0.5634299180419353181 ) ) ;
#514 = LINE ( 'NONE', #1900, #1177 ) ;
#515 = ADVANCED_FACE ( 'NONE', ( #1325 ), #1253, .F. ) ;
#516 = EDGE_LOOP ( 'NONE', ( #1733, #3038 ) ) ;
#517 = EDGE_LOOP ( 'NONE', ( #4269, #3743, #2547, #4242 ) ) ;
#518 = CARTESIAN_POINT ( 'NONE',  ( 2.755649652158759011, 8.991151263588582410, 5.277886370839576458 ) ) ;
#519 = CYLINDRICAL_SURFACE ( 'NONE', #3674, 3.174999999999999822 ) ;
#520 = CARTESIAN_POINT ( 'NONE',  ( 0.9474406345930834750, 4.355836231259818447, 5.077481573019188232 ) ) ;
#521 = CARTESIAN_POINT ( 'NONE',  ( -1.396553427430553329, 4.981098508205822561, 4.674884260222760268 ) ) ;
#522 = LINE ( 'NONE', #1911, #1048 ) ;
#523 = LINE ( 'NONE', #4016, #4303 ) ;
#524 = CIRCLE ( 'NONE', #3872, 2.000000000000000000 ) ;
#525 = VECTOR ( 'NONE', #1125, 1000.000000000000000 ) ;
#526 = VERTEX_POINT ( 'NONE', #1227 ) ;
#527 = CARTESIAN_POINT ( 'NONE',  ( -3.056629015538710803, 7.620910238719794449, 0.7580953710167352977 ) ) ;
#528 = AXIS2_PLACEMENT_3D ( 'NONE', #1086, #1555, #483 ) ;
#529 = CARTESIAN_POINT ( 'NONE',  ( -2.793106854861110655, 7.400000000000001243, 7.203125000963500391 ) ) ;
#530 = CIRCLE ( 'NONE', #3449, 3.099999999999999645 ) ;
#531 = CARTESIAN_POINT ( 'NONE',  ( -1.969231379747672595, 9.890534500999425660, 3.352648116580350113 ) ) ;
#532 = DIRECTION ( 'NONE',  ( -0.000000000000000000, 1.000000000000000000, 1.239088197126290570E-16 ) ) ;
#533 = CARTESIAN_POINT ( 'NONE',  ( 1.309651881764343440, 4.505856527918165710, 5.796133995522638749 ) ) ;
#534 = ORIENTED_EDGE ( 'NONE', *, *, #389, .F. ) ;
#535 = FACE_OUTER_BOUND ( 'NONE', #2484, .T. ) ;
#536 = CARTESIAN_POINT ( 'NONE',  ( -3.056639958537976209, 7.179218070285185327, 0.7004963022893934133 ) ) ;
#537 = FACE_OUTER_BOUND ( 'NONE', #145, .T. ) ;
#538 = CARTESIAN_POINT ( 'NONE',  ( -3.100016812574146741, 7.331763656145742658, 0.9621601023556713983 ) ) ;
#539 = VERTEX_POINT ( 'NONE', #849 ) ;
#540 = VERTEX_POINT ( 'NONE', #3282 ) ;
#541 = EDGE_CURVE ( 'NONE', #726, #3314, #4411, .T. ) ;
#542 = CARTESIAN_POINT ( 'NONE',  ( 0.000000000000000000, 2.300000000000006040, -4.099999999999997868 ) ) ;
#543 = VECTOR ( 'NONE', #1999, 1000.000000000000000 ) ;
#544 = CARTESIAN_POINT ( 'NONE',  ( -0.6802778884122632208, 4.298283991337292775, 5.017416620361313306 ) ) ;
#545 = CARTESIAN_POINT ( 'NONE',  ( -3.499999999999999112, 6.505213034913026604E-16, -6.100000000000001421 ) ) ;
#546 = CARTESIAN_POINT ( 'NONE',  ( 1.953430225292177580, 4.897046751042901214, 3.704734862149297037 ) ) ;
#547 = CARTESIAN_POINT ( 'NONE',  ( 3.098016798325990973, 7.519674197054640352, 0.9024932596365589088 ) ) ;
#548 = DIRECTION ( 'NONE',  ( 0.000000000000000000, 4.956352788505158337E-16, -1.000000000000000000 ) ) ;
#549 = CARTESIAN_POINT ( 'NONE',  ( -1.396553427430553329, 4.981098508205822561, 5.909606482444981879 ) ) ;
#550 = CARTESIAN_POINT ( 'NONE',  ( -0.4512962564327990256, 10.54430550670942068, 3.295238751819405287 ) ) ;
#551 = DIRECTION ( 'NONE',  ( 0.000000000000000000, -1.000000000000000000, 0.000000000000000000 ) ) ;
#552 = CARTESIAN_POINT ( 'NONE',  ( 1.994354650844135879, 4.921531917026262803, 5.823048630121375524 ) ) ;
#553 = EDGE_LOOP ( 'NONE', ( #2083, #4472, #2726 ) ) ;
#554 = EDGE_CURVE ( 'NONE', #4408, #4009, #4198, .T. ) ;
#555 = CARTESIAN_POINT ( 'NONE',  ( 2.952862847381730216, 6.232978031929755858, 4.471650122520458126 ) ) ;
#556 = FACE_BOUND ( 'NONE', #612, .T. ) ;
#557 = CARTESIAN_POINT ( 'NONE',  ( -3.063798049546498259, 7.515323880475815344, 0.5015968264353272144 ) ) ;
#558 = CARTESIAN_POINT ( 'NONE',  ( -2.669999999999999485, 7.400000000000001243, 1.999999999999998224 ) ) ;
#559 = CARTESIAN_POINT ( 'NONE',  ( -3.063755375388411029, 7.516215493383503699, 0.8978746833811687145 ) ) ;
#560 = ORIENTED_EDGE ( 'NONE', *, *, #2525, .T. ) ;
#561 = ORIENTED_EDGE ( 'NONE', *, *, #2134, .T. ) ;
#562 = DIRECTION ( 'NONE',  ( 0.000000000000000000, 0.000000000000000000, 1.000000000000000000 ) ) ;
#563 = EDGE_CURVE ( 'NONE', #1714, #3306, #1552, .T. ) ;
#564 = EDGE_CURVE ( 'NONE', #1837, #1714, #2808, .T. ) ;
#565 = CARTESIAN_POINT ( 'NONE',  ( -0.9104540663026357006, 4.358332354083823468, 5.008673619376057928 ) ) ;
#566 = EDGE_CURVE ( 'NONE', #2213, #2255, #2669, .T. ) ;
#567 = CARTESIAN_POINT ( 'NONE',  ( 1.396553427430556660, 4.981098508205824338, 5.498032408370908009 ) ) ;
#568 = CARTESIAN_POINT ( 'NONE',  ( 1.394056709748023204, 4.547409860923493419, 3.682867989269675402 ) ) ;
#569 = CARTESIAN_POINT ( 'NONE',  ( 1.453002573604774916, 10.22403121470444098, 4.635782225577424143 ) ) ;
#570 = EDGE_LOOP ( 'NONE', ( #698, #2996, #3547, #1267 ) ) ;
#571 = CARTESIAN_POINT ( 'NONE',  ( -3.063755778984654565, 7.516207129168358314, 0.8978792762187242094 ) ) ;
#572 = CARTESIAN_POINT ( 'NONE',  ( 1.396553427430554661, 9.818901491794177261, 6.262384260222759735 ) ) ;
#573 = CARTESIAN_POINT ( 'NONE',  ( -3.175000004968682621, 7.502268796318158017, 6.273421859274901813 ) ) ;
#574 = CARTESIAN_POINT ( 'NONE',  ( 2.771765533002611193, 7.055381757983014701, 2.780388567490794216 ) ) ;
#575 = ORIENTED_EDGE ( 'NONE', *, *, #3347, .T. ) ;
#576 = CARTESIAN_POINT ( 'NONE',  ( 2.850772699493144824, 5.985986825450473781, 4.461871886251357111 ) ) ;
#577 = CARTESIAN_POINT ( 'NONE',  ( -2.244884255301052719E-16, 11.06617420935412355, 6.012499999999998401 ) ) ;
#578 = CARTESIAN_POINT ( 'NONE',  ( -1.396553427430555550, 9.818901491794177261, 6.379976852815351762 ) ) ;
#579 = CARTESIAN_POINT ( 'NONE',  ( -2.966288577215014044, 8.532217343032943546, 5.531346844296160192 ) ) ;
#580 = LINE ( 'NONE', #2291, #1547 ) ;
#581 = DIRECTION ( 'NONE',  ( 1.000000000000000000, 0.000000000000000000, 0.000000000000000000 ) ) ;
#582 = MECHANICAL_DESIGN_GEOMETRIC_PRESENTATION_REPRESENTATION (  '', ( #1028 ), #69 ) ;
#583 = EDGE_LOOP ( 'NONE', ( #264, #3985, #29, #2293, #1059 ) ) ;
#584 = ORIENTED_EDGE ( 'NONE', *, *, #4141, .T. ) ;
#585 = LINE ( 'NONE', #1974, #173 ) ;
#586 = STYLED_ITEM ( 'NONE', ( #127 ), #480 ) ;
#587 = VERTEX_POINT ( 'NONE', #3713 ) ;
#588 = CARTESIAN_POINT ( 'NONE',  ( -0.9231084858732369058, 4.362148884759314171, 5.008187570008826306 ) ) ;
#589 = CARTESIAN_POINT ( 'NONE',  ( 5.924599938756992346E-16, 4.174798010941098703, 3.322569445407944855 ) ) ;
#590 = CARTESIAN_POINT ( 'NONE',  ( 2.856102349676082230, 6.013132915128810652, 3.757249699668301357 ) ) ;
#591 = DIRECTION ( 'NONE',  ( -0.000000000000000000, -0.000000000000000000, 1.000000000000000000 ) ) ;
#592 = MECHANICAL_DESIGN_GEOMETRIC_PRESENTATION_REPRESENTATION (  '', ( #2417 ), #1398 ) ;
#593 = EDGE_LOOP ( 'NONE', ( #419, #407, #3755, #3224 ) ) ;
#594 = CARTESIAN_POINT ( 'NONE',  ( -3.170314583953874887, 7.572521346629967454, 4.154796610389663414 ) ) ;
#595 = CARTESIAN_POINT ( 'NONE',  ( -1.396553427430553329, 4.981098508205822561, 5.204050926889426165 ) ) ;
#596 = EDGE_CURVE ( 'NONE', #188, #1541, #3587, .T. ) ;
#597 = CARTESIAN_POINT ( 'NONE',  ( -1.331278927531601042, 10.28262978401043704, 3.327849458035607277 ) ) ;
#598 = CARTESIAN_POINT ( 'NONE',  ( -2.407345324440341994, 8.848769319008420453, 6.528924224206845928 ) ) ;
#599 = CIRCLE ( 'NONE', #2127, 0.5000000000000004441 ) ;
#600 = CARTESIAN_POINT ( 'NONE',  ( -3.500000000000000000, 10.42072316667535148, -7.023435124833685705 ) ) ;
#601 = VERTEX_POINT ( 'NONE', #870 ) ;
#602 = CARTESIAN_POINT ( 'NONE',  ( 3.012558922140025075, 6.395664357597466321, 4.477969938362266866 ) ) ;
#603 = CARTESIAN_POINT ( 'NONE',  ( -3.099999999999999645, 7.400000000000001243, 9.859920353756539413 ) ) ;
#604 = CARTESIAN_POINT ( 'NONE',  ( 2.449293598294706414E-16, 1.500000000000003997, -2.099999999999997868 ) ) ;
#605 = CARTESIAN_POINT ( 'NONE',  ( -3.117636706914422184, 8.006948811073845818, 5.551099376593291446 ) ) ;
#606 = DIRECTION ( 'NONE',  ( 0.000000000000000000, 0.000000000000000000, -1.000000000000000000 ) ) ;
#607 = APPLICATION_PROTOCOL_DEFINITION ( 'draft international standard', 'automotive_design', 1998, #1988 ) ;
#608 = VERTEX_POINT ( 'NONE', #2281 ) ;
#609 = VERTEX_POINT ( 'NONE', #2942 ) ;
#610 = EDGE_CURVE ( 'NONE', #2950, #273, #2966, .T. ) ;
#611 = CARTESIAN_POINT ( 'NONE',  ( -2.244884255301052719E-16, 11.06617420935412355, 4.601388888888887863 ) ) ;
#612 = EDGE_LOOP ( 'NONE', ( #2455, #1678 ) ) ;
#613 = CARTESIAN_POINT ( 'NONE',  ( 2.931330789691271921, 6.178670238429214479, 5.175047145447838837 ) ) ;
#614 = CARTESIAN_POINT ( 'NONE',  ( -1.974866646252331029E-16, 10.62520198905890290, 5.086458334296833250 ) ) ;
#615 = AXIS2_PLACEMENT_3D ( 'NONE', #2241, #1131, #3630 ) ;
#616 = CARTESIAN_POINT ( 'NONE',  ( 1.380628914730563483, 4.540891259139768543, 3.682393005097521321 ) ) ;
#617 = CARTESIAN_POINT ( 'NONE',  ( 0.000000000000000000, 2.300000000000006040, -4.099999999999997868 ) ) ;
#618 = VERTEX_POINT ( 'NONE', #2256 ) ;
#619 = CARTESIAN_POINT ( 'NONE',  ( -1.107293312306928179, 10.37792277660332552, 4.025231104195142073 ) ) ;
#620 = CARTESIAN_POINT ( 'NONE',  ( 1.396553427430554661, 9.818901491794177261, 4.145717593556093483 ) ) ;
#621 = CARTESIAN_POINT ( 'NONE',  ( -1.092382988576810599, 10.38327718823980916, 3.318990674300885235 ) ) ;
#622 = FILL_AREA_STYLE_COLOUR ( '', #2925 ) ;
#623 = AXIS2_PLACEMENT_3D ( 'NONE', #3533, #1508, #1882 ) ;
#624 = CARTESIAN_POINT ( 'NONE',  ( -1.983953591716312692, 4.921171073373252547, 5.673067575836429732 ) ) ;
#625 = EDGE_CURVE ( 'NONE', #1541, #4058, #3241, .T. ) ;
#626 = ORIENTED_EDGE ( 'NONE', *, *, #2644, .F. ) ;
#628 = EDGE_CURVE ( 'NONE', #4519, #1902, #103, .T. ) ;
#627 = DIRECTION ( 'NONE',  ( 0.000000000000000000, 0.000000000000000000, 1.000000000000000000 ) ) ;
#629 = AXIS2_PLACEMENT_3D ( 'NONE', #2190, #3968, #2147 ) ;
#630 = CARTESIAN_POINT ( 'NONE',  ( 3.174999999999698730, 7.399998617441835513, 5.836111066766338951 ) ) ;
#631 = CARTESIAN_POINT ( 'NONE',  ( -2.793106854861110655, 7.400000000000001243, 2.969791667630167442 ) ) ;
#632 = DIRECTION ( 'NONE',  ( -1.000000000000000000, 0.000000000000000000, -2.023844055306274681E-15 ) ) ;
#633 = CARTESIAN_POINT ( 'NONE',  ( 2.793106854861110655, 7.400000000000001243, 7.026736112074612350 ) ) ;
#634 = EDGE_LOOP ( 'NONE', ( #4218, #2636, #2119, #4041 ) ) ;
#635 = DIRECTION ( 'NONE',  ( 1.000000000000000000, -0.000000000000000000, -0.000000000000000000 ) ) ;
#636 = CARTESIAN_POINT ( 'NONE',  ( -3.174999999999999822, 9.233087104677062840, 6.130092592592591316 ) ) ;
#637 = ORIENTED_EDGE ( 'NONE', *, *, #2884, .T. ) ;
#638 = CARTESIAN_POINT ( 'NONE',  ( -2.793106854861109323, 5.787399005470548197, 5.145254630593130152 ) ) ;
#639 = CARTESIAN_POINT ( 'NONE',  ( 0.000000000000000000, 7.400000000000001243, 7.599999999999997868 ) ) ;
#640 = CARTESIAN_POINT ( 'NONE',  ( 1.589223612446375888, 4.649521156881329276, 3.689953464287121232 ) ) ;
#641 = CARTESIAN_POINT ( 'NONE',  ( 3.500000000000000000, 3.800000000000001155, -0.6000000000000006439 ) ) ;
#642 = ORIENTED_EDGE ( 'NONE', *, *, #1099, .F. ) ;
#643 = CARTESIAN_POINT ( 'NONE',  ( -2.763060128774161406, 8.966036904690634302, 4.102535436962194915 ) ) ;
#644 = CARTESIAN_POINT ( 'NONE',  ( 2.793106854861110655, 7.400000000000001243, 3.322569445407944855 ) ) ;
#645 = CARTESIAN_POINT ( 'NONE',  ( -1.980431703071978689, 9.881733120403161763, 6.175359961843604140 ) ) ;
#646 = LINE ( 'NONE', #2354, #3513 ) ;
#647 = CARTESIAN_POINT ( 'NONE',  ( -3.174999997300291810, 7.299276565631907410, 5.574675025215322322 ) ) ;
#648 = VECTOR ( 'NONE', #2749, 1000.000000000000000 ) ;
#649 = ORIENTED_EDGE ( 'NONE', *, *, #904, .T. ) ;
#650 = CARTESIAN_POINT ( 'NONE',  ( -1.396553427430555550, 9.818901491794177261, 3.557754630593130241 ) ) ;
#651 = EDGE_CURVE ( 'NONE', #4428, #59, #2893, .T. ) ;
#652 = FACE_OUTER_BOUND ( 'NONE', #1504, .T. ) ;
#653 = DIRECTION ( 'NONE',  ( -0.000000000000000000, -0.000000000000000000, 1.000000000000000000 ) ) ;
#654 = CARTESIAN_POINT ( 'NONE',  ( 2.793106854861110655, 9.012600994529453402, 2.675810186148685599 ) ) ;
#655 = CARTESIAN_POINT ( 'NONE',  ( -2.793106854861110211, 7.400000000000000355, 6.528924224206848592 ) ) ;
#656 = CARTESIAN_POINT ( 'NONE',  ( -3.174999999999316369, 7.400001423922410559, 4.072176237708831970 ) ) ;
#657 = ADVANCED_FACE ( 'NONE', ( #4203 ), #1756, .F. ) ;
#658 = PRODUCT_RELATED_PRODUCT_CATEGORY ( 'part', '', ( #1698 ) ) ;
#659 = EDGE_LOOP ( 'NONE', ( #687, #1289, #1957, #3371 ) ) ;
#660 = EDGE_CURVE ( 'NONE', #4244, #1566, #1345, .T. ) ;
#661 = DIRECTION ( 'NONE',  ( 1.000000000000000000, 0.000000000000000000, 0.000000000000000000 ) ) ;
#662 = CARTESIAN_POINT ( 'NONE',  ( -3.174999999999999822, 9.233087104677062840, 4.718981481481480778 ) ) ;
#663 = EDGE_CURVE ( 'NONE', #1486, #618, #3148, .T. ) ;
#664 = CARTESIAN_POINT ( 'NONE',  ( -3.148501991209590845, 6.988978710720138210, 4.879642543583656789 ) ) ;
#665 = AXIS2_PLACEMENT_3D ( 'NONE', #777, #2487, #752 ) ;
#666 = CARTESIAN_POINT ( 'NONE',  ( -3.044205307562490415, 6.498091449462355840, 6.308438107469334533 ) ) ;
#667 = DIRECTION ( 'NONE',  ( -0.000000000000000000, 1.000000000000000000, -0.000000000000000000 ) ) ;
#668 = FILL_AREA_STYLE ('',( #3781 ) ) ;
#669 = CARTESIAN_POINT ( 'NONE',  ( -1.879728564435278138, 9.960715966213866679, 4.054285717882160966 ) ) ;
#670 = CARTESIAN_POINT ( 'NONE',  ( -1.396553427430555550, 9.818901491794177261, 2.852199075037574971 ) ) ;
#671 = CARTESIAN_POINT ( 'NONE',  ( -2.450635270252805142, 9.418871893399618500, 6.198916265072393905 ) ) ;
#672 = CARTESIAN_POINT ( 'NONE',  ( 0.000000000000000000, 7.400000000000001243, 6.599999999999997868 ) ) ;
#673 = DIRECTION ( 'NONE',  ( 0.000000000000000000, 0.000000000000000000, -1.000000000000000000 ) ) ;
#674 = VERTEX_POINT ( 'NONE', #798 ) ;
#675 = LINE ( 'NONE', #1402, #3023 ) ;
#676 = CARTESIAN_POINT ( 'NONE',  ( -1.886923927133594914, 4.846492854753782886, 4.266221201144769992 ) ) ;
#677 = LINE ( 'NONE', #996, #2275 ) ;
#678 = CARTESIAN_POINT ( 'NONE',  ( -1.974866646252330782E-16, 10.62520198905890290, 4.204513889852389497 ) ) ;
#679 = CARTESIAN_POINT ( 'NONE',  ( -1.389872487702847881, 10.25464691580772225, 5.446615631735535423 ) ) ;
#680 = CARTESIAN_POINT ( 'NONE',  ( 2.821905403476151264, 8.270606364545702860, 6.441322791588955710 ) ) ;
#681 = VECTOR ( 'NONE', #1448, 1000.000000000000000 ) ;
#682 = ORIENTED_EDGE ( 'NONE', *, *, #4362, .T. ) ;
#683 = AXIS2_PLACEMENT_3D ( 'NONE', #723, #2106, #1045 ) ;
#684 = CARTESIAN_POINT ( 'NONE',  ( -3.058892978895877857, 7.596828594777217170, 0.5836268274023183045 ) ) ;
#685 = CARTESIAN_POINT ( 'NONE',  ( 6.734652765903158157E-16, 3.733825790645878051, 4.248611111111109118 ) ) ;
#686 = EDGE_CURVE ( 'NONE', #377, #1877, #2775, .T. ) ;
#687 = ORIENTED_EDGE ( 'NONE', *, *, #3123, .T. ) ;
#688 = CARTESIAN_POINT ( 'NONE',  ( 2.793106854861110211, 9.012600994529453402, 5.498032408370908009 ) ) ;
#689 = CARTESIAN_POINT ( 'NONE',  ( -3.100000000000000533, 7.331555419077825597, 0.9619637379487991913 ) ) ;
#690 = CARTESIAN_POINT ( 'NONE',  ( -1.394492887755491184, 4.547623062299059882, 3.579601923106034977 ) ) ;
#691 =( NAMED_UNIT ( * ) PLANE_ANGLE_UNIT ( ) SI_UNIT ( $, .RADIAN. ) );
#692 = ORIENTED_EDGE ( 'NONE', *, *, #4230, .T. ) ;
#693 = CARTESIAN_POINT ( 'NONE',  ( -1.542653093644324125, 10.17684482250239419, 4.040862208704678160 ) ) ;
#694 = CARTESIAN_POINT ( 'NONE',  ( -1.350662517784635197, 10.27339092207843585, 6.150679457076559942 ) ) ;
#695 = CARTESIAN_POINT ( 'NONE',  ( -1.999999999999999112, 6.505213034913026604E-16, -6.100000000000001421 ) ) ;
#696 = LINE ( 'NONE', #2087, #1458 ) ;
#697 = AXIS2_PLACEMENT_3D ( 'NONE', #3823, #1478, #727 ) ;
#698 = ORIENTED_EDGE ( 'NONE', *, *, #1195, .T. ) ;
#699 = CARTESIAN_POINT ( 'NONE',  ( 2.669999999999999485, 7.400000000000001243, 6.599999999999997868 ) ) ;
#700 = CARTESIAN_POINT ( 'NONE',  ( 0.5067795843171299941, 4.265103497698552459, 4.355572710953729221 ) ) ;
#701 = DIRECTION ( 'NONE',  ( 0.000000000000000000, -0.000000000000000000, -1.000000000000000000 ) ) ;
#702 = CARTESIAN_POINT ( 'NONE',  ( -1.396553427430553329, 4.981098508205822561, 3.792939815778315626 ) ) ;
#703 = CARTESIAN_POINT ( 'NONE',  ( 1.587500000000001465, 4.650369342984409293, 4.307407407407406019 ) ) ;
#704 = AXIS2_PLACEMENT_3D ( 'NONE', #2920, #914, #2301 ) ;
#705 = VERTEX_POINT ( 'NONE', #128 ) ;
#706 = CARTESIAN_POINT ( 'NONE',  ( 3.010906761638496132, 7.400000000000001243, 3.196822610600547065 ) ) ;
#707 = CARTESIAN_POINT ( 'NONE',  ( 3.174999999999999822, 7.400000000000001243, 7.247222222222220900 ) ) ;
#708 = ORIENTED_EDGE ( 'NONE', *, *, #846, .F. ) ;
#709 = CARTESIAN_POINT ( 'NONE',  ( -2.793106854861110655, 9.012600994529453402, 6.438773149111648664 ) ) ;
#710 = EDGE_CURVE ( 'NONE', #4034, #1017, #1270, .T. ) ;
#711 = CARTESIAN_POINT ( 'NONE',  ( 3.499999999999999556, 10.55146262057152207, -1.749976153846649840 ) ) ;
#712 = CARTESIAN_POINT ( 'NONE',  ( -1.445230682698145364, 4.572803086902258229, 3.577715091327011709 ) ) ;
#713 = DIRECTION ( 'NONE',  ( 0.000000000000000000, 1.000000000000000000, 0.000000000000000000 ) ) ;
#714 = ADVANCED_FACE ( 'NONE', ( #842, #472 ), #1881, .T. ) ;
#715 = ORIENTED_EDGE ( 'NONE', *, *, #628, .F. ) ;
#716 = CARTESIAN_POINT ( 'NONE',  ( -0.3579508020320412154, 10.55483677520024877, 3.997285100532919522 ) ) ;
#717 = EDGE_CURVE ( 'NONE', #1378, #3932, #2204, .T. ) ;
#718 = CARTESIAN_POINT ( 'NONE',  ( -2.524425157692392840, 9.325606438854208591, 6.203271879623455831 ) ) ;
#719 = LINE ( 'NONE', #1468, #1905 ) ;
#720 = CARTESIAN_POINT ( 'NONE',  ( -1.440262245407215813, 10.22962832809523270, 4.742924472942666725 ) ) ;
#721 = CARTESIAN_POINT ( 'NONE',  ( 2.669999999999999485, 7.400000000000001243, 7.599999999999997868 ) ) ;
#722 = CARTESIAN_POINT ( 'NONE',  ( -2.053417721759467796, 4.976941645558055960, 4.259014595922613111 ) ) ;
#723 = CARTESIAN_POINT ( 'NONE',  ( 0.000000000000000000, 7.400000000000001243, 0.7999999999999977129 ) ) ;
#724 = CARTESIAN_POINT ( 'NONE',  ( -2.793106854861110211, 5.787399005470547309, 3.910532408370907653 ) ) ;
#725 = CARTESIAN_POINT ( 'NONE',  ( -1.396553427430555550, 9.818901491794177261, 5.850810186148686753 ) ) ;
#726 = VERTEX_POINT ( 'NONE', #1546 ) ;
#727 = DIRECTION ( 'NONE',  ( 1.000000000000000000, 0.000000000000000000, 0.000000000000000000 ) ) ;
#728 = FACE_OUTER_BOUND ( 'NONE', #3121, .T. ) ;
#729 = VERTEX_POINT ( 'NONE', #4333 ) ;
#730 = CARTESIAN_POINT ( 'NONE',  ( -2.793106854861110655, 9.012600994529453402, 5.733217593556092950 ) ) ;
#731 = AXIS2_PLACEMENT_3D ( 'NONE', #454, #1181, #1842 ) ;
#732 = CARTESIAN_POINT ( 'NONE',  ( 3.056650899987912062, 7.620653638876143887, 0.7590797250045809852 ) ) ;
#733 = CARTESIAN_POINT ( 'NONE',  ( -1.390064730154178418, 4.545458067970939098, 3.579766150566591421 ) ) ;
#734 = ORIENTED_EDGE ( 'NONE', *, *, #3549, .T. ) ;
#735 = CARTESIAN_POINT ( 'NONE',  ( 2.117446056672633858, 9.765817666163012944, 3.903106820588852610 ) ) ;
#736 = CARTESIAN_POINT ( 'NONE',  ( 2.773986655041778437, 8.945985834947899562, 5.981317567811657021 ) ) ;
#737 = FACE_OUTER_BOUND ( 'NONE', #2585, .T. ) ;
#738 = CARTESIAN_POINT ( 'NONE',  ( -3.151786741088904886, 7.783332251844011118, 4.853264397525610008 ) ) ;
#739 = ADVANCED_FACE ( 'NONE', ( #175 ), #519, .T. ) ;
#740 = CARTESIAN_POINT ( 'NONE',  ( 1.396553427430554661, 9.818901491794177261, 4.145717593556093483 ) ) ;
#741 = CARTESIAN_POINT ( 'NONE',  ( -1.813942941486744065, 4.794160941970349477, 4.269105480226988547 ) ) ;
#742 = FACE_OUTER_BOUND ( 'NONE', #1682, .T. ) ;
#743 = CARTESIAN_POINT ( 'NONE',  ( -1.396553427430553329, 4.981098508205822561, 6.791550926889426520 ) ) ;
#744 = CARTESIAN_POINT ( 'NONE',  ( 2.793106854861110655, 7.400000000000001243, 4.910069445407945210 ) ) ;
#745 = ORIENTED_EDGE ( 'NONE', *, *, #4141, .F. ) ;
#746 = CARTESIAN_POINT ( 'NONE',  ( -3.056639958538008184, 7.179218070285514841, 0.7004963022889989510 ) ) ;
#747 = LINE ( 'NONE', #3914, #1695 ) ;
#748 = VECTOR ( 'NONE', #367, 1000.000000000000000 ) ;
#749 = ORIENTED_EDGE ( 'NONE', *, *, #610, .F. ) ;
#750 = AXIS2_PLACEMENT_3D ( 'NONE', #1132, #2527, #1434 ) ;
#751 = DIRECTION ( 'NONE',  ( 0.000000000000000000, 0.000000000000000000, -1.000000000000000000 ) ) ;
#752 = DIRECTION ( 'NONE',  ( 1.000000000000000000, 0.000000000000000000, 0.000000000000000000 ) ) ;
#753 = ORIENTED_EDGE ( 'NONE', *, *, #663, .T. ) ;
#754 = CARTESIAN_POINT ( 'NONE',  ( 0.5400681091415346913, 4.336312761998216914, 6.347071074513804589 ) ) ;
#755 = FACE_OUTER_BOUND ( 'NONE', #634, .T. ) ;
#756 = ADVANCED_FACE ( 'NONE', ( #2594 ), #4332, .T. ) ;
#757 = CARTESIAN_POINT ( 'NONE',  ( -1.587500000000000355, 10.14963065701559408, 3.954629629629628162 ) ) ;
#758 = CARTESIAN_POINT ( 'NONE',  ( 0.000000000000000000, 7.400000000000001243, 1.999999999999998224 ) ) ;
#759 = CARTESIAN_POINT ( 'NONE',  ( -2.091364728745707779, 9.797889622654739838, 4.769269067008348628 ) ) ;
#760 = EDGE_LOOP ( 'NONE', ( #2650, #2205 ) ) ;
#761 = CARTESIAN_POINT ( 'NONE',  ( -2.244884255301052719E-16, 11.06617420935412355, 3.278472224149224346 ) ) ;
#762 = CARTESIAN_POINT ( 'NONE',  ( -1.189978760583522366, 4.456433179997820737, 4.292732276451372897 ) ) ;
#763 = FACE_OUTER_BOUND ( 'NONE', #3551, .T. ) ;
#764 = CARTESIAN_POINT ( 'NONE',  ( 1.396553427430554661, 9.818901491794177261, 6.438773149111648664 ) ) ;
#765 = CARTESIAN_POINT ( 'NONE',  ( 2.793106854861110655, 9.012600994529453402, 6.379976852815351762 ) ) ;
#766 = VECTOR ( 'NONE', #1387, 1000.000000000000000 ) ;
#767 = EDGE_CURVE ( 'NONE', #883, #4428, #507, .T. ) ;
#768 = CARTESIAN_POINT ( 'NONE',  ( 2.669999999999999485, 7.400000000000001243, 9.859920353756539413 ) ) ;
#769 = ADVANCED_FACE ( 'NONE', ( #1290, #3344 ), #4127, .F. ) ;
#770 = CARTESIAN_POINT ( 'NONE',  ( 0.000000000000000000, 7.400000000000001243, 6.308438114059240931 ) ) ;
#771 = DIRECTION ( 'NONE',  ( 1.000000000000000000, 0.000000000000000000, 0.000000000000000000 ) ) ;
#772 = ORIENTED_EDGE ( 'NONE', *, *, #3565, .T. ) ;
#773 = ORIENTED_EDGE ( 'NONE', *, *, #2180, .F. ) ;
#774 = B_SPLINE_CURVE_WITH_KNOTS ( 'NONE', 3,
 ( #2386, #2725, #2772, #4171, #3094, #1994, #2021, #999, #1360, #263, #970, #2361, #2750, #3795, #680, #1650, #1629, #4444 ),
 .UNSPECIFIED., .F., .F.,
 ( 4, 2, 2, 2, 2, 2, 2, 2, 4 ),
 ( 0.000000000000000000, 0.0006609283310251833641, 0.001321856662050366728, 0.001982784993075549767, 0.002643713324100732589, 0.003304641655125914977, 0.003965569986151096932, 0.004626498317176279754, 0.005287426648201460841 ),
 .UNSPECIFIED. ) ;
#775 = VECTOR ( 'NONE', #1007, 1000.000000000000000 ) ;
#776 = CARTESIAN_POINT ( 'NONE',  ( -2.201843234021083173, 9.118526192836899469, 3.071075775792517781 ) ) ;
#777 = CARTESIAN_POINT ( 'NONE',  ( 0.000000000000000000, 7.400000000000001243, 0.7999999999999977129 ) ) ;
#778 = ORIENTED_EDGE ( 'NONE', *, *, #262, .F. ) ;
#779 = CARTESIAN_POINT ( 'NONE',  ( 3.500000000000000000, 10.80000000000000249, -7.600000000000001421 ) ) ;
#780 = PLANE ( 'NONE',  #3532 ) ;
#781 = CARTESIAN_POINT ( 'NONE',  ( -3.500000000000000000, 10.27233507433390436, -0.6000000000000006439 ) ) ;
#782 = CARTESIAN_POINT ( 'NONE',  ( 3.100000000000000977, 7.331313735152560795, 0.9619637379487331330 ) ) ;
#783 = CARTESIAN_POINT ( 'NONE',  ( 0.000000000000000000, 6.505213034913026604E-16, 0.000000000000000000 ) ) ;
#784 = ORIENTED_EDGE ( 'NONE', *, *, #3663, .F. ) ;
#785 = CARTESIAN_POINT ( 'NONE',  ( -3.174999999999998934, 5.566912895322936983, 4.924768520445520714 ) ) ;
#786 = CARTESIAN_POINT ( 'NONE',  ( -2.504375248901552276, 9.367603124569452433, 3.379473936094559150 ) ) ;
#787 = CARTESIAN_POINT ( 'NONE',  ( -3.500000000000000000, 1.300000000000006040, -7.600000000000002309 ) ) ;
#788 = CARTESIAN_POINT ( 'NONE',  ( 1.396553427430556660, 4.981098508205824338, 4.792476852815352295 ) ) ;
#789 = CARTESIAN_POINT ( 'NONE',  ( 5.924599938756993332E-16, 4.174798010941098703, 4.028125000963500568 ) ) ;
#790 = LINE ( 'NONE', #397, #1080 ) ;
#791 = CARTESIAN_POINT ( 'NONE',  ( -3.174999999998819433, 7.400001854056975858, 5.483272909751758739 ) ) ;
#792 = CARTESIAN_POINT ( 'NONE',  ( -3.174999999999999822, 9.233087104677062840, 3.307870370370368907 ) ) ;
#793 = AXIS2_PLACEMENT_3D ( 'NONE', #4306, #2201, #3248 ) ;
#794 = ORIENTED_EDGE ( 'NONE', *, *, #1795, .F. ) ;
#795 = VERTEX_POINT ( 'NONE', #3097 ) ;
#796 = ADVANCED_FACE ( 'NONE', ( #4057 ), #907, .F. ) ;
#797 = SHAPE_REPRESENTATION_RELATIONSHIP ( 'NONE' , 'NONE' ,  #1696, #480 ) ;
#798 = CARTESIAN_POINT ( 'NONE',  ( -1.999999999999999112, 1.300000000000006040, -6.100000000000001421 ) ) ;
#799 = CARTESIAN_POINT ( 'NONE',  ( -0.5000000000000004441, 7.400000000000001243, 7.214213562373092969 ) ) ;
#800 = CARTESIAN_POINT ( 'NONE',  ( 1.999999999999999556, 6.505213034913026604E-16, -7.600000000000002309 ) ) ;
#801 = DIRECTION ( 'NONE',  ( -5.782411586589368486E-16, -0.000000000000000000, -1.000000000000000000 ) ) ;
#802 = CARTESIAN_POINT ( 'NONE',  ( -2.660091628055016866, 9.133394119730853689, 4.800837521159659893 ) ) ;
#803 = PRESENTATION_LAYER_ASSIGNMENT (  '', '', ( #2766 ) ) ;
#804 = CARTESIAN_POINT ( 'NONE',  ( -1.587499999999997691, 4.650369342984407517, 2.866898150075150919 ) ) ;
#805 =( BOUNDED_SURFACE ( )  B_SPLINE_SURFACE ( 3, 2, ( 
 ( #2546, #1194, #1924 ),
 ( #2589, #1217, #144 ),
 ( #101, #1856, #3937 ),
 ( #4307, #1502, #1563 ),
 ( #2954, #4351, #1522 ),
 ( #1540, #3319, #4287 ),
 ( #1241, #815, #3982 ),
 ( #880, #902, #513 ),
 ( #3249, #2202, #3270 ),
 ( #3591, #192, #2267 ) ),
 .UNSPECIFIED., .F., .F., .T. ) 
 B_SPLINE_SURFACE_WITH_KNOTS ( ( 4, 2, 2, 2, 4 ),
 ( 3, 3 ),
 ( 0.000000000000000000, 0.0002040734825753660160, 0.0004081469651507320319, 0.0006122204477260980750, 0.0008162939303014640638 ),
 ( 0.000000000000000000, 1.000000000000000000 ),
 .UNSPECIFIED. ) 
 GEOMETRIC_REPRESENTATION_ITEM ( )  RATIONAL_B_SPLINE_SURFACE ( (
 ( 1.000000000000000000, 0.7445231720605924863, 1.000000000000000000),
 ( 1.000000000000000000, 0.7443408045293832265, 1.000000000000000000),
 ( 1.000000000000000000, 0.7478668588382328952, 1.000000000000000000),
 ( 1.000000000000000000, 0.7552131938717148163, 1.000000000000000000),
 ( 1.000000000000000000, 0.7585773722524982166, 1.000000000000000000),
 ( 1.000000000000000000, 0.7586194146337628119, 1.000000000000000000),
 ( 1.000000000000000000, 0.7553268063546438871, 1.000000000000000000),
 ( 1.000000000000000000, 0.7478919505535821521, 1.000000000000000000),
 ( 1.000000000000000000, 0.7444163700151191776, 1.000000000000000000),
 ( 1.000000000000000000, 0.7445231733989221556, 1.000000000000000000) ) ) 
 REPRESENTATION_ITEM ( '' )  SURFACE ( )  );
#806 = CARTESIAN_POINT ( 'NONE',  ( -3.121724628980759420, 6.820805651489091126, 4.179975473117054641 ) ) ;
#807 = SURFACE_STYLE_FILL_AREA ( #1917 ) ;
#808 = CARTESIAN_POINT ( 'NONE',  ( 2.793106854861110655, 9.012600994529453402, 5.674421297259797825 ) ) ;
#809 = CARTESIAN_POINT ( 'NONE',  ( 1.396553427430556660, 4.981098508205824338, 6.909143519482019435 ) ) ;
#810 = B_SPLINE_CURVE_WITH_KNOTS ( 'NONE', 3,
 ( #3757, #2732, #3076, #711, #2370, #15 ),
 .UNSPECIFIED., .F., .F.,
 ( 4, 2, 4 ),
 ( 0.007269988138945393183, 0.009047616259563665345, 0.01082524438018193751 ),
 .UNSPECIFIED. ) ;
#811 = ORIENTED_EDGE ( 'NONE', *, *, #3565, .F. ) ;
#812 = DIRECTION ( 'NONE',  ( -8.673617379884035472E-16, -0.000000000000000000, 1.000000000000000000 ) ) ;
#813 = LINE ( 'NONE', #1896, #3822 ) ;
#814 = FACE_OUTER_BOUND ( 'NONE', #2774, .T. ) ;
#815 = CARTESIAN_POINT ( 'NONE',  ( 3.098045602677503840, 7.280909060256226972, 0.4969547707435023054 ) ) ;
#816 = PRESENTATION_LAYER_ASSIGNMENT (  '', '', ( #2417 ) ) ;
#817 = EDGE_LOOP ( 'NONE', ( #3055, #2980 ) ) ;
#818 = ORIENTED_EDGE ( 'NONE', *, *, #425, .T. ) ;
#819 = B_SPLINE_CURVE_WITH_KNOTS ( 'NONE', 3,
 ( #4487, #600, #4510, #1041, #1015, #1987 ),
 .UNSPECIFIED., .F., .F.,
 ( 4, 2, 4 ),
 ( 0.003699340269219999339, 0.005484664204082696261, 0.007269988138945393183 ),
 .UNSPECIFIED. ) ;
#820 = CARTESIAN_POINT ( 'NONE',  ( 0.7324250595002897990, 10.49117334487064035, 5.368283892356894071 ) ) ;
#821 = EDGE_CURVE ( 'NONE', #1029, #3895, #2388, .T. ) ;
#822 = CARTESIAN_POINT ( 'NONE',  ( 0.000000000000000000, 7.400000000000001243, 9.859920353756539413 ) ) ;
#823 = AXIS2_PLACEMENT_3D ( 'NONE', #1352, #4067, #1257 ) ;
#824 = CARTESIAN_POINT ( 'NONE',  ( -3.500000000000000000, 6.505213034913026604E-16, -0.5999999999999969802 ) ) ;
#825 = DIRECTION ( 'NONE',  ( -0.000000000000000000, 1.000000000000000000, -0.000000000000000000 ) ) ;
#826 = LINE ( 'NONE', #1823, #1328 ) ;
#827 = CARTESIAN_POINT ( 'NONE',  ( 3.098006591986855351, 7.279950465648305169, 0.9024718573536335553 ) ) ;
#828 = ORIENTED_EDGE ( 'NONE', *, *, #1543, .T. ) ;
#829 = CARTESIAN_POINT ( 'NONE',  ( -2.244884255301052719E-16, 11.06617420935412355, 5.395138890815890598 ) ) ;
#830 = FILL_AREA_STYLE_COLOUR ( '', #4249 ) ;
#831 = CARTESIAN_POINT ( 'NONE',  ( 1.606380996528031790, 4.660512029568970149, 5.807355942068625154 ) ) ;
#832 = CARTESIAN_POINT ( 'NONE',  ( -3.174999999999999822, 7.400000000000001243, 7.599999999999997868 ) ) ;
#833 = CARTESIAN_POINT ( 'NONE',  ( 3.100000000000001421, 7.331555419077827374, 0.4380362620511993321 ) ) ;
#834 = CARTESIAN_POINT ( 'NONE',  ( -0.4164237614071957250, 4.584139490300866981, 3.100021552988919460 ) ) ;
#835 = PLANE ( 'NONE',  #3796 ) ;
#836 = CYLINDRICAL_SURFACE ( 'NONE', #1016, 3.099999999999999645 ) ;
#837 = ORIENTED_EDGE ( 'NONE', *, *, #1202, .T. ) ;
#838 = EDGE_LOOP ( 'NONE', ( #642, #2292, #4425, #3703 ) ) ;
#839 = CARTESIAN_POINT ( 'NONE',  ( 1.655027132662284073, 10.10976033891564008, 5.333809076288167361 ) ) ;
#840 =( NAMED_UNIT ( * ) PLANE_ANGLE_UNIT ( ) SI_UNIT ( $, .RADIAN. ) );
#841 = AXIS2_PLACEMENT_3D ( 'NONE', #2602, #1958, #3307 ) ;
#842 = FACE_BOUND ( 'NONE', #760, .T. ) ;
#843 = DIRECTION ( 'NONE',  ( -0.000000000000000000, 1.000000000000000000, -6.144666340335573524E-16 ) ) ;
#844 = CARTESIAN_POINT ( 'NONE',  ( -1.172866836375770161, 10.74385936067396408, -0.6000000000000005329 ) ) ;
#845 = DIRECTION ( 'NONE',  ( -0.000000000000000000, -0.000000000000000000, 1.000000000000000000 ) ) ;
#846 = EDGE_CURVE ( 'NONE', #2255, #3289, #3752, .T. ) ;
#847 = CARTESIAN_POINT ( 'NONE',  ( 3.091393635325079714, 7.164005351139101307, 0.8355084488499074924 ) ) ;
#848 = ORIENTED_EDGE ( 'NONE', *, *, #4423, .T. ) ;
#849 = CARTESIAN_POINT ( 'NONE',  ( -3.064870571574016989, 7.400000000000001243, 0.9222406876754647431 ) ) ;
#850 = CARTESIAN_POINT ( 'NONE',  ( -3.174999999999999822, 7.400000000000001243, 4.865972224149224701 ) ) ;
#851 = DIRECTION ( 'NONE',  ( 0.000000000000000000, 1.000000000000000000, 0.000000000000000000 ) ) ;
#852 = EDGE_CURVE ( 'NONE', #729, #2784, #4137, .T. ) ;
#853 = CARTESIAN_POINT ( 'NONE',  ( 3.500000000000000000, 6.505213034913026604E-16, -2.100000000000001865 ) ) ;
#854 = CARTESIAN_POINT ( 'NONE',  ( -1.154322108727076079, 4.439410583883844019, 5.705212884113939786 ) ) ;
#855 = EDGE_LOOP ( 'NONE', ( #3972, #3994, #1976, #2390, #4400, #3367, #1347, #3814, #4370, #445, #3238, #4154, #3894, #489, #1070 ) ) ;
#856 = VECTOR ( 'NONE', #3934, 1000.000000000000000 ) ;
#857 = CARTESIAN_POINT ( 'NONE',  ( -3.174999999999999822, 9.233087104677062840, 5.424537037037035603 ) ) ;
#858 = PLANE ( 'NONE',  #1039 ) ;
#859 = CARTESIAN_POINT ( 'NONE',  ( -3.058824766076743362, 7.202212688320929423, 0.5849457056317167725 ) ) ;
#860 = DIRECTION ( 'NONE',  ( 1.000000000000000000, 0.000000000000000000, 0.000000000000000000 ) ) ;
#861 = CARTESIAN_POINT ( 'NONE',  ( -3.174999999999998934, 5.566912895322937871, 6.247685185185183343 ) ) ;
#862 = ORIENTED_EDGE ( 'NONE', *, *, #875, .T. ) ;
#863 = EDGE_LOOP ( 'NONE', ( #560, #1941, #971, #2674 ) ) ;
#864 = CARTESIAN_POINT ( 'NONE',  ( -0.4240666193385519422, 10.55364693104238505, 5.410857811251645444 ) ) ;
#865 = DIRECTION ( 'NONE',  ( -0.000000000000000000, -0.000000000000000000, 1.000000000000000000 ) ) ;
#866 = CARTESIAN_POINT ( 'NONE',  ( -0.7576211612335320700, 4.315923462227921448, 5.014503897337170280 ) ) ;
#867 = CARTESIAN_POINT ( 'NONE',  ( -2.793106854861109323, 5.787399005470548197, 5.321643519482019080 ) ) ;
#868 = DIRECTION ( 'NONE',  ( -0.000000000000000000, -0.000000000000000000, -1.000000000000000000 ) ) ;
#869 = CARTESIAN_POINT ( 'NONE',  ( 3.111395955835529303, 8.059145828757559471, 4.535712480458457208 ) ) ;
#870 = CARTESIAN_POINT ( 'NONE',  ( -3.499999999999999112, 6.505213034913026604E-16, -6.100000000000001421 ) ) ;
#871 = CARTESIAN_POINT ( 'NONE',  ( -2.793106854861110211, 5.787399005470547309, 5.145254630593130152 ) ) ;
#872 = FACE_OUTER_BOUND ( 'NONE', #2609, .T. ) ;
#873 = DIRECTION ( 'NONE',  ( 0.000000000000000000, 0.000000000000000000, 1.000000000000000000 ) ) ;
#874 = CARTESIAN_POINT ( 'NONE',  ( 2.667593393021367554, 5.676859287707848090, 5.859661816921884814 ) ) ;
#875 = EDGE_CURVE ( 'NONE', #2339, #3504, #2295, .T. ) ;
#876 = AXIS2_PLACEMENT_3D ( 'NONE', #1034, #3807, #2420 ) ;
#877 = ORIENTED_EDGE ( 'NONE', *, *, #4116, .F. ) ;
#878 = CARTESIAN_POINT ( 'NONE',  ( 3.174999999999999822, 7.400000000000001243, 9.859920353756539413 ) ) ;
#879 = CARTESIAN_POINT ( 'NONE',  ( 1.396553427430554661, 9.818901491794177261, 6.967939815778314561 ) ) ;
#880 = CARTESIAN_POINT ( 'NONE',  ( 3.058867045784261496, 7.202723865877960208, 0.5840442372107047531 ) ) ;
#881 = CARTESIAN_POINT ( 'NONE',  ( -3.066051821621968099, 7.342811049668293677, 0.9225887859470240926 ) ) ;
#882 = ORIENTED_EDGE ( 'NONE', *, *, #1173, .T. ) ;
#883 = VERTEX_POINT ( 'NONE', #3368 ) ;
#884 = CARTESIAN_POINT ( 'NONE',  ( 0.9616284072023321139, 10.42588807603489442, 5.359488726209407972 ) ) ;
#885 = CARTESIAN_POINT ( 'NONE',  ( 2.012053755908613351, 4.942980878423172797, 5.118439400456718857 ) ) ;
#886 = CARTESIAN_POINT ( 'NONE',  ( 2.793106854861110211, 9.012600994529453402, 6.379976852815351762 ) ) ;
#887 = CARTESIAN_POINT ( 'NONE',  ( 2.624635741683248646, 5.609039291565313334, 3.740093474056429557 ) ) ;
#888 = CARTESIAN_POINT ( 'NONE',  ( 3.174999999993802113, 7.400006273435250748, 4.513194619944298935 ) ) ;
#889 = AXIS2_PLACEMENT_3D ( 'NONE', #4228, #3130, #1718 ) ;
#890 = EDGE_CURVE ( 'NONE', #1877, #195, #1446, .T. ) ;
#891 = CIRCLE ( 'NONE', #1252, 2.669999999999999485 ) ;
#892 = DIRECTION ( 'NONE',  ( 0.000000000000000000, 0.7071067811865483499, 0.7071067811865467956 ) ) ;
#893 = AXIS2_PLACEMENT_3D ( 'NONE', #2195, #551, #1850 ) ;
#894 = CARTESIAN_POINT ( 'NONE',  ( 2.793106854861111543, 5.787399005470550861, 4.674884260222760268 ) ) ;
#895 = AXIS2_PLACEMENT_3D ( 'NONE', #3472, #1415, #1731 ) ;
#896 = CARTESIAN_POINT ( 'NONE',  ( -1.383495886314928702, 10.25774408211928979, 3.329718833118445520 ) ) ;
#897 = SURFACE_STYLE_USAGE ( .BOTH. , #1231 ) ;
#898 = CARTESIAN_POINT ( 'NONE',  ( -1.309855495283572591, 4.507717597724748337, 5.699405910702079581 ) ) ;
#899 = ORIENTED_EDGE ( 'NONE', *, *, #3171, .F. ) ;
#900 = CARTESIAN_POINT ( 'NONE',  ( 2.967283237609868785, 6.270383359209434460, 4.473115398347438543 ) ) ;
#901 = CARTESIAN_POINT ( 'NONE',  ( -3.099989374535035758, 7.330471140281140663, 0.4381604098164816885 ) ) ;
#902 = CARTESIAN_POINT ( 'NONE',  ( 3.093731498775169619, 7.196016348260260820, 0.5821321488161207425 ) ) ;
#903 = DIRECTION ( 'NONE',  ( 1.000000000000000000, 0.000000000000000000, 0.000000000000000000 ) ) ;
#904 = EDGE_CURVE ( 'NONE', #1339, #1482, #1656, .T. ) ;
#905 = VERTEX_POINT ( 'NONE', #244 ) ;
#906 = VERTEX_POINT ( 'NONE', #2317 ) ;
#907 = PLANE ( 'NONE',  #2363 ) ;
#908 = VECTOR ( 'NONE', #4498, 1000.000000000000000 ) ;
#909 = CARTESIAN_POINT ( 'NONE',  ( 0.5280549422325435671, 4.269108468990310712, 5.061918771392381444 ) ) ;
#910 = CARTESIAN_POINT ( 'NONE',  ( -1.396553427430553329, 4.981098508205822561, 3.969328704667204111 ) ) ;
#911 = CARTESIAN_POINT ( 'NONE',  ( 1.968825424714630623, 4.909144243882220593, 3.705408057764596474 ) ) ;
#912 = CARTESIAN_POINT ( 'NONE',  ( 2.478928679203307617, 9.400086320580118837, 4.590194915305122692 ) ) ;
#913 = ORIENTED_EDGE ( 'NONE', *, *, #2125, .T. ) ;
#914 = DIRECTION ( 'NONE',  ( -0.000000000000000000, -0.000000000000000000, 1.000000000000000000 ) ) ;
#915 = CARTESIAN_POINT ( 'NONE',  ( 5.924599938756993332E-16, 4.174798010941098703, 5.968402778741277892 ) ) ;
#916 = DIRECTION ( 'NONE',  ( -0.000000000000000000, 1.000000000000000000, -0.000000000000000000 ) ) ;
#917 = DIRECTION ( 'NONE',  ( -0.000000000000000000, 1.000000000000000000, -0.000000000000000000 ) ) ;
#918 = CARTESIAN_POINT ( 'NONE',  ( -0.6011800577951392777, 4.275717079658557296, 5.725844424527432253 ) ) ;
#919 = EDGE_LOOP ( 'NONE', ( #3418, #1025, #1653, #2073, #2630 ) ) ;
#920 = CARTESIAN_POINT ( 'NONE',  ( 3.174999999993802113, 7.400006273435250748, 4.513194619944298935 ) ) ;
#921 = CYLINDRICAL_SURFACE ( 'NONE', #1480, 2.669999999999999485 ) ;
#922 = CARTESIAN_POINT ( 'NONE',  ( -2.793106854861111099, 9.012600994529453402, 7.144328704667204377 ) ) ;
#923 = CARTESIAN_POINT ( 'NONE',  ( 0.5000000000000002220, 7.400000000000001243, 0.7999999999999977129 ) ) ;
#924 = CARTESIAN_POINT ( 'NONE',  ( -3.098045602677503840, 7.280909060256258947, 0.9030452292565185335 ) ) ;
#925 = SURFACE_STYLE_FILL_AREA ( #470 ) ;
#926 = ORIENTED_EDGE ( 'NONE', *, *, #2158, .F. ) ;
#927 = ORIENTED_EDGE ( 'NONE', *, *, #2601, .F. ) ;
#928 = FACE_OUTER_BOUND ( 'NONE', #3571, .T. ) ;
#929 = PRODUCT_RELATED_PRODUCT_CATEGORY ( 'part', '', ( #4216 ) ) ;
#930 = ADVANCED_FACE ( 'NONE', ( #219 ), #2662, .F. ) ;
#931 = ORIENTED_EDGE ( 'NONE', *, *, #177, .F. ) ;
#932 = CARTESIAN_POINT ( 'NONE',  ( 2.417280464868879708, 5.325920051288614232, 5.138344355195832769 ) ) ;
#933 = CARTESIAN_POINT ( 'NONE',  ( -1.974866646252331029E-16, 10.62520198905890290, 3.675347223185722711 ) ) ;
#934 = CARTESIAN_POINT ( 'NONE',  ( -0.2120305623467507450, 4.225017706165984599, 3.623698354717959091 ) ) ;
#935 = CARTESIAN_POINT ( 'NONE',  ( 3.499999999999999556, 10.74385936067395697, -5.272866836375779798 ) ) ;
#936 = CARTESIAN_POINT ( 'NONE',  ( -3.056650939182618654, 7.179346820696422604, 0.7587307413149486646 ) ) ;
#937 = CARTESIAN_POINT ( 'NONE',  ( -2.793106854861110211, 5.787399005470547309, 6.556365741704241579 ) ) ;
#938 = CARTESIAN_POINT ( 'NONE',  ( -1.623254177746112692, 10.13509965028484672, 3.338349482244364896 ) ) ;
#939 = DIRECTION ( 'NONE',  ( -0.000000000000000000, -0.000000000000000000, 1.000000000000000000 ) ) ;
#940 = CARTESIAN_POINT ( 'NONE',  ( -3.085410757068797860, 6.621192601545339507, 5.598385122870823238 ) ) ;
#941 = ORIENTED_EDGE ( 'NONE', *, *, #119, .T. ) ;
#942 = CARTESIAN_POINT ( 'NONE',  ( 1.999999999999999556, 6.505213034913026604E-16, -7.600000000000002309 ) ) ;
#943 = LINE ( 'NONE', #4071, #3874 ) ;
#944 = CARTESIAN_POINT ( 'NONE',  ( -3.097327680891227342, 7.537601426819109385, 0.4663251313105721274 ) ) ;
#945 = CARTESIAN_POINT ( 'NONE',  ( -2.050243868350164256, 9.824309840921083392, 5.472934524936799328 ) ) ;
#946 = CARTESIAN_POINT ( 'NONE',  ( -2.793106854861111099, 9.012600994529453402, 7.320717593556093306 ) ) ;
#947 = APPLICATION_PROTOCOL_DEFINITION ( 'draft international standard', 'automotive_design', 1998, #1669 ) ;
#948 =( GEOMETRIC_REPRESENTATION_CONTEXT ( 3 ) GLOBAL_UNCERTAINTY_ASSIGNED_CONTEXT ( ( #3952 ) ) GLOBAL_UNIT_ASSIGNED_CONTEXT ( ( #4088, #691, #3735 ) ) REPRESENTATION_CONTEXT ( 'NONE', 'WORKASPACE' ) );
#949 = ORIENTED_EDGE ( 'NONE', *, *, #541, .F. ) ;
#950 = ORIENTED_EDGE ( 'NONE', *, *, #2606, .F. ) ;
#951 = CARTESIAN_POINT ( 'NONE',  ( 1.999999999999999556, 6.505213034913026604E-16, -7.600000000000002309 ) ) ;
#952 = AXIS2_PLACEMENT_3D ( 'NONE', #3869, #40, #1135 ) ;
#953 = CARTESIAN_POINT ( 'NONE',  ( -1.587500000000000355, 10.14963065701559408, 6.776851851851850128 ) ) ;
#954 =( BOUNDED_CURVE ( )  B_SPLINE_CURVE ( 2, ( #3983, #2635, #4031, #861, #3635 ),
 .UNSPECIFIED., .F., .F. ) 
 B_SPLINE_CURVE_WITH_KNOTS ( ( 3, 2, 3 ),
 ( 0.2806857032834255139, 0.2811729178212737934, 0.3067340661227588861 ),
 .UNSPECIFIED. ) 
 CURVE ( )  GEOMETRIC_REPRESENTATION_ITEM ( )  RATIONAL_B_SPLINE_CURVE ( ( 0.9949900428505221717, 0.9974463469443300978, 1.000000000000000000, 0.8660254037844387076, 1.000000000000000000 ) ) 
 REPRESENTATION_ITEM ( '' )  );
#955 = ORIENTED_EDGE ( 'NONE', *, *, #1571, .F. ) ;
#956 = CARTESIAN_POINT ( 'NONE',  ( 1.925156680156693501, 4.875156877323107985, 5.114625266408085125 ) ) ;
#957 = CARTESIAN_POINT ( 'NONE',  ( -1.396553427430553329, 4.981098508205822561, 6.085995371333870807 ) ) ;
#958 = CARTESIAN_POINT ( 'NONE',  ( 0.8754663092483325748, 4.347295668935431401, 3.663684455918066352 ) ) ;
#959 = ORIENTED_EDGE ( 'NONE', *, *, #3324, .F. ) ;
#960 = CARTESIAN_POINT ( 'NONE',  ( -2.030803590344508081, 9.840673132256471334, 4.060943499543576252 ) ) ;
#961 = CARTESIAN_POINT ( 'NONE',  ( -2.793106854861111099, 9.012600994529453402, 4.322106482444982412 ) ) ;
#962 = CARTESIAN_POINT ( 'NONE',  ( -1.181588784266536463, 10.34800967350931344, 3.322327671206262156 ) ) ;
#963 = AXIS2_PLACEMENT_3D ( 'NONE', #2854, #3454, #20 ) ;
#964 = CARTESIAN_POINT ( 'NONE',  ( 0.000000000000000000, 1.300000000000006040, -4.099999999999997868 ) ) ;
#965 = ORIENTED_EDGE ( 'NONE', *, *, #651, .F. ) ;
#966 = DIRECTION ( 'NONE',  ( 0.000000000000000000, 0.000000000000000000, -1.000000000000000000 ) ) ;
#967 = DIRECTION ( 'NONE',  ( -0.000000000000000000, -1.000000000000000000, -4.396451289603110513E-16 ) ) ;
#968 = CARTESIAN_POINT ( 'NONE',  ( 2.793106854861110655, 7.400000000000001243, 4.733680556519056282 ) ) ;
#969 = CARTESIAN_POINT ( 'NONE',  ( -1.537181390195891506, 10.17838251248356762, 5.452127113401940228 ) ) ;
#970 = CARTESIAN_POINT ( 'NONE',  ( 2.122248623694347192, 9.387055470346901132, 6.467819313596002040 ) ) ;
#971 = ORIENTED_EDGE ( 'NONE', *, *, #4107, .T. ) ;
#972 = DIRECTION ( 'NONE',  ( -0.000000000000000000, -0.000000000000000000, 1.000000000000000000 ) ) ;
#973 = CARTESIAN_POINT ( 'NONE',  ( 3.174999999999999822, 7.400000000000001243, 5.130555555555553759 ) ) ;
#974 = VERTEX_POINT ( 'NONE', #287 ) ;
#975 = CARTESIAN_POINT ( 'NONE',  ( -1.974866646252331029E-16, 10.62520198905890290, 5.615625000963500923 ) ) ;
#976 = CARTESIAN_POINT ( 'NONE',  ( 4.041334437186266496E-16, 3.800000000000002043, -7.400000000000002132 ) ) ;
#977 = VECTOR ( 'NONE', #1051, 1000.000000000000000 ) ;
#978 = CARTESIAN_POINT ( 'NONE',  ( -0.4237883989829687170, 4.246292195145957571, 3.615863440544092366 ) ) ;
#979 = CARTESIAN_POINT ( 'NONE',  ( 3.091844011655798141, 7.627564214548907984, 0.7595127880014893584 ) ) ;
#980 = ADVANCED_FACE ( 'NONE', ( #928 ), #3069, .F. ) ;
#981 = ORIENTED_EDGE ( 'NONE', *, *, #3600, .T. ) ;
#982 = CARTESIAN_POINT ( 'NONE',  ( -0.3799377393331784813, 10.55224622642048615, 3.998099481345875894 ) ) ;
#983 = CARTESIAN_POINT ( 'NONE',  ( -1.396553427430553329, 4.981098508205822561, 3.792939815778315626 ) ) ;
#984 = EDGE_CURVE ( 'NONE', #1775, #2213, #585, .T. ) ;
#985 = CARTESIAN_POINT ( 'NONE',  ( -1.452511699088005370, 10.22371580687597437, 6.154314751116243265 ) ) ;
#986 = CARTESIAN_POINT ( 'NONE',  ( -1.441615737714399659, 9.797122081767870583, 6.528924224206847704 ) ) ;
#987 = CIRCLE ( 'NONE', #623, 3.099999999999999645 ) ;
#988 = CARTESIAN_POINT ( 'NONE',  ( -3.500000000000000000, 2.600000000000005862, -0.6000000000000006439 ) ) ;
#989 = ADVANCED_FACE ( 'NONE', ( #1340 ), #266, .T. ) ;
#990 = EDGE_CURVE ( 'NONE', #1444, #3504, #2821, .T. ) ;
#991 = ORIENTED_EDGE ( 'NONE', *, *, #30, .F. ) ;
#992 = CARTESIAN_POINT ( 'NONE',  ( 0.000000000000000000, 7.400000000000001243, 6.599999999999997868 ) ) ;
#993 = EDGE_CURVE ( 'NONE', #2571, #1631, #2159, .T. ) ;
#994 = CARTESIAN_POINT ( 'NONE',  ( 3.174986252941984777, 7.389190176363046092, 4.512847378039667845 ) ) ;
#995 = AXIS2_PLACEMENT_3D ( 'NONE', #639, #2802, #2440 ) ;
#996 = CARTESIAN_POINT ( 'NONE',  ( -2.669999999999999485, 7.400000000000001243, 9.859920353756539413 ) ) ;
#997 = CARTESIAN_POINT ( 'NONE',  ( 1.396553427430554661, 9.818901491794177261, 7.144328704667204377 ) ) ;
#998 = CARTESIAN_POINT ( 'NONE',  ( -3.499999999999999112, 6.505213034913026604E-16, -6.100000000000001421 ) ) ;
#999 = CARTESIAN_POINT ( 'NONE',  ( 1.408831195357450827, 9.910579217969965882, 6.484377109600154121 ) ) ;
#1000 = APPLICATION_PROTOCOL_DEFINITION ( 'draft international standard', 'automotive_design', 1998, #497 ) ;
#1001 = AXIS2_PLACEMENT_3D ( 'NONE', #4064, #4385, #548 ) ;
#1002 = ORIENTED_EDGE ( 'NONE', *, *, #1953, .F. ) ;
#1003 = DIRECTION ( 'NONE',  ( -1.000000000000000000, 0.000000000000000000, 0.000000000000000000 ) ) ;
#1004 = CARTESIAN_POINT ( 'NONE',  ( 3.174999999999998934, 9.233087104677062840, 5.894907407407405486 ) ) ;
#1005 = VERTEX_POINT ( 'NONE', #3544 ) ;
#1006 = CARTESIAN_POINT ( 'NONE',  ( 5.924599938756992346E-16, 4.174798010941098703, 5.968402778741277892 ) ) ;
#1007 = DIRECTION ( 'NONE',  ( -1.000000000000000000, 0.000000000000000000, 0.000000000000000000 ) ) ;
#1008 = CARTESIAN_POINT ( 'NONE',  ( -1.953805840135484972, 4.897316205756720997, 3.557721882735100039 ) ) ;
#1009 = SURFACE_STYLE_FILL_AREA ( #295 ) ;
#1010 = VERTEX_POINT ( 'NONE', #2074 ) ;
#1011 = CARTESIAN_POINT ( 'NONE',  ( -2.798351989750486268, 8.901464385174580940, 4.105248925853247854 ) ) ;
#1012 = EDGE_CURVE ( 'NONE', #1815, #195, #102, .T. ) ;
#1013 = CARTESIAN_POINT ( 'NONE',  ( 2.793106854861110655, 7.400000000000001243, 2.617013889852389141 ) ) ;
#1014 = CARTESIAN_POINT ( 'NONE',  ( 0.3909349472361169919, 10.55292749082205717, 6.086227023705116146 ) ) ;
#1015 = CARTESIAN_POINT ( 'NONE',  ( -3.500000000000000000, 10.80000000000000249, -4.687597141717331439 ) ) ;
#1016 = AXIS2_PLACEMENT_3D ( 'NONE', #2290, #3633, #1899 ) ;
#1017 = VERTEX_POINT ( 'NONE', #4174 ) ;
#1018 = CARTESIAN_POINT ( 'NONE',  ( 1.396553427430556660, 4.981098508205824338, 3.204976852815352384 ) ) ;
#1019 = CARTESIAN_POINT ( 'NONE',  ( 1.490441036481932935, 4.596558846763023176, 4.392007386190006635 ) ) ;
#1020 = DIRECTION ( 'NONE',  ( -0.000000000000000000, -0.000000000000000000, 1.000000000000000000 ) ) ;
#1021 = CARTESIAN_POINT ( 'NONE',  ( 1.396553427430554661, 9.818901491794177261, 4.851273149111649197 ) ) ;
#1023 = ADVANCED_FACE ( 'NONE', ( #3141 ), #4120, .T. ) ;
#1022 = CARTESIAN_POINT ( 'NONE',  ( -2.977490422150568694, 8.502392857207992094, 5.532511028562578481 ) ) ;
#1024 = FACE_OUTER_BOUND ( 'NONE', #517, .T. ) ;
#1025 = ORIENTED_EDGE ( 'NONE', *, *, #1795, .T. ) ;
#1026 = CARTESIAN_POINT ( 'NONE',  ( -3.056639957652750539, 7.620781940094322415, 0.6995084149797298201 ) ) ;
#1027 = CARTESIAN_POINT ( 'NONE',  ( -1.587499999999997691, 4.650369342984407517, 7.012037037037035070 ) ) ;
#1028 = STYLED_ITEM ( 'NONE', ( #2849 ), #4461 ) ;
#1029 = VERTEX_POINT ( 'NONE', #3524 ) ;
#1030 = CARTESIAN_POINT ( 'NONE',  ( -2.793106854861110655, 7.400000000000001243, 5.086458334296833250 ) ) ;
#1031 =( GEOMETRIC_REPRESENTATION_CONTEXT ( 3 ) GLOBAL_UNCERTAINTY_ASSIGNED_CONTEXT ( ( #4320 ) ) GLOBAL_UNIT_ASSIGNED_CONTEXT ( ( #1879, #1287, #1545 ) ) REPRESENTATION_CONTEXT ( 'NONE', 'WORKASPACE' ) );
#1032 = CARTESIAN_POINT ( 'NONE',  ( -3.099999999999999645, 7.400000000000041211, 0.9619637379485940221 ) ) ;
#1033 = CARTESIAN_POINT ( 'NONE',  ( -2.856097161476869761, 6.013113085265842983, 3.505251087789209130 ) ) ;
#1034 = CARTESIAN_POINT ( 'NONE',  ( 0.000000000000000000, 7.400000000000001243, 3.291561885940756493 ) ) ;
#1035 = ORIENTED_EDGE ( 'NONE', *, *, #3107, .F. ) ;
#1036 = CARTESIAN_POINT ( 'NONE',  ( -2.994327559038695075, 8.459237310564638790, 4.123071873726060765 ) ) ;
#1037 = CARTESIAN_POINT ( 'NONE',  ( 2.793106854861110655, 9.012600994529453402, 3.381365741704241312 ) ) ;
#1038 = CARTESIAN_POINT ( 'NONE',  ( 0.2290352525721560950, 10.56675286138811209, 6.092211520470209862 ) ) ;
#1039 = AXIS2_PLACEMENT_3D ( 'NONE', #1943, #3631, #4394 ) ;
#1040 = CARTESIAN_POINT ( 'NONE',  ( 0.000000000000000000, 7.400000000000001243, 5.799999999999998046 ) ) ;
#1041 = CARTESIAN_POINT ( 'NONE',  ( -3.499999999999999556, 10.74385936067395697, -5.272866836375779798 ) ) ;
#1042 = EDGE_CURVE ( 'NONE', #609, #2340, #2146, .T. ) ;
#1043 = CARTESIAN_POINT ( 'NONE',  ( -3.174999999999999822, 7.400000000282918045, 3.454861104187875398 ) ) ;
#1044 = CARTESIAN_POINT ( 'NONE',  ( -1.123258209485202608, 4.430198307945583558, 4.295227402842869857 ) ) ;
#1045 = DIRECTION ( 'NONE',  ( 1.000000000000000000, 0.000000000000000000, 0.000000000000000000 ) ) ;
#1046 = CARTESIAN_POINT ( 'NONE',  ( -1.974866646252330782E-16, 10.62520198905890290, 2.793402778741278514 ) ) ;
#1047 = FACE_OUTER_BOUND ( 'NONE', #855, .T. ) ;
#1048 = VECTOR ( 'NONE', #2191, 1000.000000000000000 ) ;
#1049 = EDGE_CURVE ( 'NONE', #3306, #2812, #3204, .T. ) ;
#1050 = ORIENTED_EDGE ( 'NONE', *, *, #2134, .F. ) ;
#1051 = DIRECTION ( 'NONE',  ( -0.000000000000000000, 1.000000000000000000, -0.000000000000000000 ) ) ;
#1052 = CARTESIAN_POINT ( 'NONE',  ( 3.175000000000001155, 5.566912895322941424, 7.188425925925924886 ) ) ;
#1053 = EDGE_CURVE ( 'NONE', #1435, #4202, #4354, .T. ) ;
#1054 = ADVANCED_FACE ( 'NONE', ( #357 ), #77, .T. ) ;
#1055 = EDGE_LOOP ( 'NONE', ( #1576, #4403, #1989, #649 ) ) ;
#1056 = CARTESIAN_POINT ( 'NONE',  ( -3.158201078863964728, 7.073581375622433498, 4.876753103912206733 ) ) ;
#1057 = CARTESIAN_POINT ( 'NONE',  ( 3.099999999999999645, 7.468691985771489072, 0.4380362620512248673 ) ) ;
#1058 = CARTESIAN_POINT ( 'NONE',  ( -2.669999999999999485, 7.400000000000001243, 6.599999999999997868 ) ) ;
#1059 = ORIENTED_EDGE ( 'NONE', *, *, #1740, .F. ) ;
#1060 = CARTESIAN_POINT ( 'NONE',  ( 0.9553549255781716987, 10.42801825210172773, 3.948649414512251266 ) ) ;
#1061 = CARTESIAN_POINT ( 'NONE',  ( -1.860113129702278600, 9.973915997275717871, 6.170166073719787647 ) ) ;
#1062 = DIRECTION ( 'NONE',  ( 1.000000000000000000, 0.000000000000000000, 0.000000000000000000 ) ) ;
#1063 = DIRECTION ( 'NONE',  ( -1.000000000000000000, 0.000000000000000000, 0.000000000000000000 ) ) ;
#1064 = VECTOR ( 'NONE', #1178, 1000.000000000000000 ) ;
#1065 = CARTESIAN_POINT ( 'NONE',  ( 0.4307232031459117816, 4.254314293914102763, 4.352757882897222430 ) ) ;
#1066 = DIRECTION ( 'NONE',  ( 0.000000000000000000, 0.000000000000000000, 1.000000000000000000 ) ) ;
#1067 = CARTESIAN_POINT ( 'NONE',  ( -2.793106854861110655, 7.400000000000001243, 3.675347223185722711 ) ) ;
#1068 = CARTESIAN_POINT ( 'NONE',  ( 2.793106854861111543, 5.787399005470550861, 6.967939815778315449 ) ) ;
#1069 = AXIS2_PLACEMENT_3D ( 'NONE', #1780, #3177, #1379 ) ;
#1070 = ORIENTED_EDGE ( 'NONE', *, *, #3744, .T. ) ;
#1071 = CARTESIAN_POINT ( 'NONE',  ( -2.502890580550642508, 9.353500381813873332, 3.291741903554313620 ) ) ;
#1072 = CARTESIAN_POINT ( 'NONE',  ( -1.587499999999997691, 4.650369342984407517, 3.484259259259258279 ) ) ;
#1073 = CARTESIAN_POINT ( 'NONE',  ( -2.535903913357930417, 5.443272707172927660, 4.940632609422451083 ) ) ;
#1074 = CARTESIAN_POINT ( 'NONE',  ( 3.066046579522008653, 7.457475414839428218, 0.9225266951877251209 ) ) ;
#1075 = FACE_OUTER_BOUND ( 'NONE', #2909, .T. ) ;
#1076 = FACE_OUTER_BOUND ( 'NONE', #863, .T. ) ;
#1077 = EDGE_CURVE ( 'NONE', #3314, #726, #2334, .T. ) ;
#1078 = ORIENTED_EDGE ( 'NONE', *, *, #5, .T. ) ;
#1079 = CARTESIAN_POINT ( 'NONE',  ( 2.480124208291857535, 5.632683401473763674, 6.390009166320642642 ) ) ;
#1080 = VECTOR ( 'NONE', #3246, 1000.000000000000000 ) ;
#1081 = CARTESIAN_POINT ( 'NONE',  ( 2.287311270600005386, 9.610866619656890819, 6.011500870081252224 ) ) ;
#1082 = CARTESIAN_POINT ( 'NONE',  ( 3.174999999999530864, 7.399998274928630160, 4.424999944669294472 ) ) ;
#1083 = CARTESIAN_POINT ( 'NONE',  ( -2.641030688623915434, 9.162278486219651796, 4.799558765751524625 ) ) ;
#1084 = CARTESIAN_POINT ( 'NONE',  ( 2.793106854861111099, 5.787399005470551749, 3.969328704667204111 ) ) ;
#1085 = CARTESIAN_POINT ( 'NONE',  ( -1.636309848357786922, 4.671560875020896120, 4.276047566985825554 ) ) ;
#1086 = CARTESIAN_POINT ( 'NONE',  ( 0.000000000000000000, 10.80000000000000071, -4.099999999999997868 ) ) ;
#1087 = CARTESIAN_POINT ( 'NONE',  ( -1.396553427430553329, 4.981098508205822561, 4.674884260222760268 ) ) ;
#1088 = CARTESIAN_POINT ( 'NONE',  ( 1.396553427430556660, 4.981098508205824338, 5.498032408370908009 ) ) ;
#1089 = ORIENTED_EDGE ( 'NONE', *, *, #2472, .T. ) ;
#1090 = CARTESIAN_POINT ( 'NONE',  ( -3.088786819479643508, 7.663431174709493199, 0.6994210220873543493 ) ) ;
#1091 = CARTESIAN_POINT ( 'NONE',  ( 1.587499999999999245, 10.14963065701559408, 3.131481481481479978 ) ) ;
#1092 = ORIENTED_EDGE ( 'NONE', *, *, #596, .F. ) ;
#1093 = VECTOR ( 'NONE', #3063, 1000.000000000000000 ) ;
#1094 = CARTESIAN_POINT ( 'NONE',  ( -1.568020183975258330, 4.636803769336703240, 3.573108466997125809 ) ) ;
#1095 = ORIENTED_EDGE ( 'NONE', *, *, #2262, .F. ) ;
#1096 = CARTESIAN_POINT ( 'NONE',  ( 1.295968127390734193, 4.590143828454239738, 6.361562783631584672 ) ) ;
#1097 = CARTESIAN_POINT ( 'NONE',  ( -2.793106854861110655, 7.400000000000001243, 3.071075775793149720 ) ) ;
#1098 = LINE ( 'NONE', #1120, #4102 ) ;
#1099 = EDGE_CURVE ( 'NONE', #4176, #1017, #1788, .T. ) ;
#1100 = CARTESIAN_POINT ( 'NONE',  ( -3.146521279073649424, 7.824836317671269192, 4.851876408201603041 ) ) ;
#1101 = EDGE_CURVE ( 'NONE', #3932, #526, #3463, .T. ) ;
#1102 = CARTESIAN_POINT ( 'NONE',  ( -3.174999999999998934, 5.566912895322936983, 3.513657409334409287 ) ) ;
#1103 = CARTESIAN_POINT ( 'NONE',  ( -1.829551562860801672, 4.805072608338059936, 4.268494071895999831 ) ) ;
#1104 = DIRECTION ( 'NONE',  ( -0.000000000000000000, -0.000000000000000000, 1.000000000000000000 ) ) ;
#1105 = CARTESIAN_POINT ( 'NONE',  ( 2.793106854861111543, 5.787399005470550861, 4.851273149111649197 ) ) ;
#1106 = CARTESIAN_POINT ( 'NONE',  ( 2.793106854861110655, 9.012600994529453402, 4.968865741704241223 ) ) ;
#1107 = ORIENTED_EDGE ( 'NONE', *, *, #1599, .F. ) ;
#1108 = CARTESIAN_POINT ( 'NONE',  ( -3.174999999997925038, 7.400002524908216195, 4.865890772129384700 ) ) ;
#1109 = CARTESIAN_POINT ( 'NONE',  ( 3.500000000000000000, 1.300000000000006040, -7.600000000000002309 ) ) ;
#1110 = FACE_OUTER_BOUND ( 'NONE', #2957, .T. ) ;
#1111 = AXIS2_PLACEMENT_3D ( 'NONE', #393, #2815, #2793 ) ;
#1112 = EDGE_LOOP ( 'NONE', ( #1401, #1438, #2366, #1726, #2558 ) ) ;
#1113 = ORIENTED_EDGE ( 'NONE', *, *, #2171, .T. ) ;
#1114 = CIRCLE ( 'NONE', #4032, 2.199999999999998845 ) ;
#1115 = CARTESIAN_POINT ( 'NONE',  ( -3.056629103082379117, 7.620909035308655710, 0.7575471701321577767 ) ) ;
#1116 = ORIENTED_EDGE ( 'NONE', *, *, #1042, .T. ) ;
#1117 = CARTESIAN_POINT ( 'NONE',  ( 3.145421628400522085, 7.844046565308187446, 3.822471048944306560 ) ) ;
#1118 = DIRECTION ( 'NONE',  ( -0.000000000000000000, -0.000000000000000000, 1.000000000000000000 ) ) ;
#1119 = CARTESIAN_POINT ( 'NONE',  ( -2.059963847255791514, 5.502257057671801732, 3.071075775793147944 ) ) ;
#1120 = CARTESIAN_POINT ( 'NONE',  ( -2.000000000000000444, 1.300000000000006040, -0.6000000000000006439 ) ) ;
#1121 = CARTESIAN_POINT ( 'NONE',  ( -1.478200030684049926, 10.20991487858409386, 4.744331595771996923 ) ) ;
#1122 = ORIENTED_EDGE ( 'NONE', *, *, #3019, .T. ) ;
#1123 = CARTESIAN_POINT ( 'NONE',  ( 3.174999999999999822, 7.400000000000001243, 5.218750001927002558 ) ) ;
#1124 = CARTESIAN_POINT ( 'NONE',  ( 2.500000000000000444, 7.400000000000001243, 5.599999999999997868 ) ) ;
#1125 = DIRECTION ( 'NONE',  ( -0.000000000000000000, 1.000000000000000000, -6.144666340335573524E-16 ) ) ;
#1126 = CARTESIAN_POINT ( 'NONE',  ( -1.396553427430555550, 9.818901491794177261, 6.556365741704241579 ) ) ;
#1127 = CARTESIAN_POINT ( 'NONE',  ( 5.924599938756993332E-16, 4.174798010941098703, 6.144791667630167709 ) ) ;
#1128 = VECTOR ( 'NONE', #3891, 1000.000000000000000 ) ;
#1129 = EDGE_CURVE ( 'NONE', #3127, #3222, #1560, .T. ) ;
#1130 = LINE ( 'NONE', #4304, #1440 ) ;
#1131 = DIRECTION ( 'NONE',  ( 0.000000000000000000, 0.000000000000000000, 1.000000000000000000 ) ) ;
#1132 = CARTESIAN_POINT ( 'NONE',  ( 0.000000000000000000, 7.400000000000001243, 3.421465696508421583 ) ) ;
#1133 = ORIENTED_EDGE ( 'NONE', *, *, #1569, .T. ) ;
#1134 = ORIENTED_EDGE ( 'NONE', *, *, #2644, .T. ) ;
#1135 = DIRECTION ( 'NONE',  ( 1.000000000000000000, 0.000000000000000000, -0.000000000000000000 ) ) ;
#1136 = EDGE_LOOP ( 'NONE', ( #949, #3821, #3870, #2316, #2421 ) ) ;
#1137 = CARTESIAN_POINT ( 'NONE',  ( 3.170832930057901677, 7.568207170376310522, 3.813122347862531569 ) ) ;
#1138 = DIRECTION ( 'NONE',  ( 1.000000000000000000, 0.000000000000000000, 0.000000000000000000 ) ) ;
#1139 = CARTESIAN_POINT ( 'NONE',  ( 0.000000000000000000, 1.500000000000003997, -4.099999999999997868 ) ) ;
#1140 = DIRECTION ( 'NONE',  ( 0.000000000000000000, 0.000000000000000000, -1.000000000000000000 ) ) ;
#1141 = CARTESIAN_POINT ( 'NONE',  ( -3.155495677407839317, 7.751442138485706401, 4.854299913053472082 ) ) ;
#1142 = CARTESIAN_POINT ( 'NONE',  ( 3.175000000000001155, 5.566912895322941424, 3.748842594519594229 ) ) ;
#1143 = CARTESIAN_POINT ( 'NONE',  ( -3.048931505679906451, 7.660032062777757389, 0.6994210220872374428 ) ) ;
#1144 = CARTESIAN_POINT ( 'NONE',  ( 3.056639958538008184, 7.179218070285514841, 0.6995036977109998499 ) ) ;
#1145 = CARTESIAN_POINT ( 'NONE',  ( 2.793106854861110655, 7.400000000000001243, 4.204513889852389497 ) ) ;
#1146 = CARTESIAN_POINT ( 'NONE',  ( -1.396553427430555550, 9.818901491794177261, 6.556365741704241579 ) ) ;
#1147 = VERTEX_POINT ( 'NONE', #3865 ) ;
#1148 = EDGE_CURVE ( 'NONE', #674, #4512, #4520, .T. ) ;
#1149 = CARTESIAN_POINT ( 'NONE',  ( -1.313404445075972760, 4.900237684698681484, 3.081169425922829941 ) ) ;
#1150 = PLANE ( 'NONE',  #2569 ) ;
#1151 = DIRECTION ( 'NONE',  ( -0.000000000000000000, -0.000000000000000000, -1.000000000000000000 ) ) ;
#1152 = ORIENTED_EDGE ( 'NONE', *, *, #1713, .T. ) ;
#1153 = EDGE_LOOP ( 'NONE', ( #41, #1707 ) ) ;
#1154 = CARTESIAN_POINT ( 'NONE',  ( 3.166531739262875789, 7.638954747264226519, 5.226516447081384520 ) ) ;
#1155 = DIRECTION ( 'NONE',  ( 0.000000000000000000, -0.000000000000000000, -1.000000000000000000 ) ) ;
#1156 = DIRECTION ( 'NONE',  ( 2.891205793294674875E-16, 0.000000000000000000, -1.000000000000000000 ) ) ;
#1157 = CARTESIAN_POINT ( 'NONE',  ( 3.165175053207350597, 7.716270990905425009, 5.934701699832696242 ) ) ;
#1158 = DIRECTION ( 'NONE',  ( -0.000000000000000000, -0.000000000000000000, 1.000000000000000000 ) ) ;
#1159 = CARTESIAN_POINT ( 'NONE',  ( 2.693133960416674189, 9.083030205268364909, 4.576098379285271633 ) ) ;
#1160 = VECTOR ( 'NONE', #503, 1000.000000000000000 ) ;
#1161 = ORIENTED_EDGE ( 'NONE', *, *, #2466, .T. ) ;
#1162 = CARTESIAN_POINT ( 'NONE',  ( 1.587499999999999245, 10.14963065701559408, 3.925231483408483601 ) ) ;
#1163 = CARTESIAN_POINT ( 'NONE',  ( -2.781365148732829251, 8.938094330951074085, 3.398245489227799787 ) ) ;
#1164 = CARTESIAN_POINT ( 'NONE',  ( -3.500000000000000000, 6.505213034913026604E-16, -0.5999999999999969802 ) ) ;
#1165 = CARTESIAN_POINT ( 'NONE',  ( -1.974866646252330782E-16, 10.62520198905890290, 4.380902778741278425 ) ) ;
#1166 = CARTESIAN_POINT ( 'NONE',  ( -3.174999999999999822, 9.233087104677062840, 7.541203703703702743 ) ) ;
#1167 = ORIENTED_EDGE ( 'NONE', *, *, #1713, .F. ) ;
#1168 = CARTESIAN_POINT ( 'NONE',  ( -1.750897127602934145, 5.223809486459442653, 3.071075775793148832 ) ) ;
#1169 = DIRECTION ( 'NONE',  ( 0.000000000000000000, 0.000000000000000000, -1.000000000000000000 ) ) ;
#1170 = CARTESIAN_POINT ( 'NONE',  ( -2.000000000000000444, 6.505213034913026604E-16, -7.600000000000001421 ) ) ;
#1171 = VERTEX_POINT ( 'NONE', #1768 ) ;
#1172 = ORIENTED_EDGE ( 'NONE', *, *, #2308, .T. ) ;
#1173 = EDGE_CURVE ( 'NONE', #1631, #608, #331, .T. ) ;
#1174 = CARTESIAN_POINT ( 'NONE',  ( 0.8349922946036896221, 10.46505905061778563, 5.364383301670917703 ) ) ;
#1175 = VECTOR ( 'NONE', #3151, 1000.000000000000000 ) ;
#1176 = CARTESIAN_POINT ( 'NONE',  ( 3.175000000000069100, 5.566912895322980503, 3.660648148148148984 ) ) ;
#1177 = VECTOR ( 'NONE', #1610, 1000.000000000000000 ) ;
#1178 = DIRECTION ( 'NONE',  ( -0.000000000000000000, -0.000000000000000000, 1.000000000000000000 ) ) ;
#1179 = EDGE_CURVE ( 'NONE', #3203, #974, #3566, .T. ) ;
#1180 = B_SPLINE_CURVE_WITH_KNOTS ( 'NONE', 3,
 ( #190, #2907, #1261, #3292, #163, #3590 ),
 .UNSPECIFIED., .F., .F.,
 ( 4, 2, 4 ),
 ( 0.001232314647443970160, 0.001437496901371014633, 0.001642679155298059322 ),
 .UNSPECIFIED. ) ;
#1181 = DIRECTION ( 'NONE',  ( 0.000000000000000000, -1.000000000000000000, -0.000000000000000000 ) ) ;
#1182 = CARTESIAN_POINT ( 'NONE',  ( 0.000000000000000000, 7.400000000000001243, 5.799999999999998046 ) ) ;
#1183 = CARTESIAN_POINT ( 'NONE',  ( 1.138345364326307285, 10.36915732283985747, 4.647526037946886568 ) ) ;
#1184 = ORIENTED_EDGE ( 'NONE', *, *, #990, .F. ) ;
#1185 = CARTESIAN_POINT ( 'NONE',  ( 0.000000000000000000, 7.400000000000001243, 5.599999999999997868 ) ) ;
#1186 = CARTESIAN_POINT ( 'NONE',  ( 1.587499999999999245, 10.14963065701559408, 6.041898150075150298 ) ) ;
#1187 = FACE_OUTER_BOUND ( 'NONE', #2099, .T. ) ;
#1188 = DIRECTION ( 'NONE',  ( 1.000000000000000000, 0.000000000000000000, 0.000000000000000000 ) ) ;
#1189 = CARTESIAN_POINT ( 'NONE',  ( 0.5211014997908344215, 4.266348078888937856, 5.767152752534128624 ) ) ;
#1190 = CARTESIAN_POINT ( 'NONE',  ( 2.957922158184252304, 6.859695019598801125, 3.187292459621041019 ) ) ;
#1191 = VECTOR ( 'NONE', #2532, 1000.000000000000000 ) ;
#1192 = DIRECTION ( 'NONE',  ( 1.000000000000000000, 0.000000000000000000, 0.000000000000000000 ) ) ;
#1193 = CARTESIAN_POINT ( 'NONE',  ( -3.093695017765283772, 7.195494745549531501, 0.5830547303109421264 ) ) ;
#1194 = CARTESIAN_POINT ( 'NONE',  ( 3.091834716763572910, 7.627693927710883059, 0.7005001482479328301 ) ) ;
#1195 = EDGE_CURVE ( 'NONE', #4069, #4176, #2580, .T. ) ;
#1196 = ORIENTED_EDGE ( 'NONE', *, *, #3802, .F. ) ;
#1197 = ORIENTED_EDGE ( 'NONE', *, *, #398, .T. ) ;
#1198 = CARTESIAN_POINT ( 'NONE',  ( 2.308830419241036935, 9.580074194151343647, 5.304718853224610342 ) ) ;
#1199 = AXIS2_PLACEMENT_3D ( 'NONE', #4313, #2533, #1528 ) ;
#1200 = DIRECTION ( 'NONE',  ( -0.000000000000000000, -0.000000000000000000, 1.000000000000000000 ) ) ;
#1201 = CARTESIAN_POINT ( 'NONE',  ( 2.803538619278901578, 5.909316902866183163, 5.164060091609458780 ) ) ;
#1202 = EDGE_CURVE ( 'NONE', #462, #1430, #3234, .T. ) ;
#1203 = CARTESIAN_POINT ( 'NONE',  ( -1.396553427430555550, 9.818901491794177261, 5.145254630593130152 ) ) ;
#1204 = DIRECTION ( 'NONE',  ( -0.000000000000000000, 1.000000000000000000, -0.000000000000000000 ) ) ;
#1205 = CARTESIAN_POINT ( 'NONE',  ( -0.9692982367593929727, 10.43136214292946384, 4.725335729944839969 ) ) ;
#1206 = EDGE_LOOP ( 'NONE', ( #1167, #1634, #3002, #626 ) ) ;
#1207 = CARTESIAN_POINT ( 'NONE',  ( -3.081310591489752060, 8.167587168749776083, 4.134058414350967325 ) ) ;
#1208 = CARTESIAN_POINT ( 'NONE',  ( 1.396553427430554661, 9.818901491794177261, 5.556828704667204910 ) ) ;
#1209 = CARTESIAN_POINT ( 'NONE',  ( -2.965774071755155283, 8.534845825594674196, 3.414567143209858102 ) ) ;
#1210 = CARTESIAN_POINT ( 'NONE',  ( 6.613092715395692676E-17, 0.05000000000000056483, -4.639999999999996128 ) ) ;
#1211 = CARTESIAN_POINT ( 'NONE',  ( 0.4186158526268560220, 4.251013606652570331, 5.763396355725879161 ) ) ;
#1212 = ORIENTED_EDGE ( 'NONE', *, *, #34, .T. ) ;
#1213 = AXIS2_PLACEMENT_3D ( 'NONE', #1767, #3160, #2219 ) ;
#1214 = CARTESIAN_POINT ( 'NONE',  ( 0.7996968998550617602, 4.613416722596404007, 3.124935849114033104 ) ) ;
#1215 = LINE ( 'NONE', #3317, #3359 ) ;
#1216 = DIRECTION ( 'NONE',  ( 0.000000000000000000, 4.956352788505158337E-16, -1.000000000000000000 ) ) ;
#1217 = CARTESIAN_POINT ( 'NONE',  ( 3.091825441538753161, 7.627823371188457990, 0.6414814372396375752 ) ) ;
#1218 = FACE_OUTER_BOUND ( 'NONE', #1136, .T. ) ;
#1219 = ORIENTED_EDGE ( 'NONE', *, *, #1202, .F. ) ;
#1220 = ORIENTED_EDGE ( 'NONE', *, *, #174, .F. ) ;
#1221 = DIRECTION ( 'NONE',  ( -0.000000000000000000, 1.000000000000000000, -6.144666340335573524E-16 ) ) ;
#1222 = EDGE_CURVE ( 'NONE', #3140, #1927, #813, .T. ) ;
#1223 = CARTESIAN_POINT ( 'NONE',  ( -1.570992748073228862, 4.640893315502603755, 4.984178009247703045 ) ) ;
#1224 = DIRECTION ( 'NONE',  ( -1.000000000000000000, -0.000000000000000000, -0.000000000000000000 ) ) ;
#1225 = PLANE ( 'NONE',  #4470 ) ;
#1226 = CARTESIAN_POINT ( 'NONE',  ( 3.099992159481976373, 7.339588644856820387, 0.9274987727602758136 ) ) ;
#1227 = CARTESIAN_POINT ( 'NONE',  ( -2.502890580550642508, 9.353500381813873332, 3.291741903554313620 ) ) ;
#1228 = CARTESIAN_POINT ( 'NONE',  ( 1.396553427430556660, 4.981098508205824338, 6.732754630593130507 ) ) ;
#1229 = EDGE_CURVE ( 'NONE', #3207, #1631, #2069, .T. ) ;
#1230 = CARTESIAN_POINT ( 'NONE',  ( -3.157721083390686356, 7.731777400000460432, 6.265924666126956311 ) ) ;
#1231 = SURFACE_SIDE_STYLE ('',( #807 ) ) ;
#1232 = AXIS2_PLACEMENT_3D ( 'NONE', #4229, #3579, #1063 ) ;
#1233 = CARTESIAN_POINT ( 'NONE',  ( 0.000000000000000000, 2.300000000000006040, -6.099999999999997868 ) ) ;
#1234 = EDGE_CURVE ( 'NONE', #1408, #883, #1906, .T. ) ;
#1235 =( GEOMETRIC_REPRESENTATION_CONTEXT ( 3 ) GLOBAL_UNCERTAINTY_ASSIGNED_CONTEXT ( ( #1534 ) ) GLOBAL_UNIT_ASSIGNED_CONTEXT ( ( #2704, #840, #3044 ) ) REPRESENTATION_CONTEXT ( 'NONE', 'WORKASPACE' ) );
#1236 = VERTEX_POINT ( 'NONE', #3316 ) ;
#1237 = CARTESIAN_POINT ( 'NONE',  ( 2.982466431696791265, 6.311079911006339138, 4.474701736142390196 ) ) ;
#1238 = B_SPLINE_CURVE_WITH_KNOTS ( 'NONE', 3,
 ( #1097, #3534, #2916, #4314, #2231, #494, #1467, #1119, #3279, #150 ),
 .UNSPECIFIED., .F., .F.,
 ( 4, 2, 2, 2, 4 ),
 ( 0.001858048059919703045, 0.002484294296728207715, 0.003110540533536712386, 0.003736786770345217057, 0.004363033007153721728 ),
 .UNSPECIFIED. ) ;
#1239 =( LENGTH_UNIT ( ) NAMED_UNIT ( * ) SI_UNIT ( .MILLI., .METRE. ) );
#1240 = CARTESIAN_POINT ( 'NONE',  ( -3.100010552569296252, 7.468578119855660447, 0.4379129657816228094 ) ) ;
#1241 = CARTESIAN_POINT ( 'NONE',  ( 3.063831464276065120, 7.285247763454210101, 0.5010545472446663595 ) ) ;
#1242 = CARTESIAN_POINT ( 'NONE',  ( -3.056639958537976209, 7.179218070285184439, 0.7004963022889996171 ) ) ;
#1243 = ORIENTED_EDGE ( 'NONE', *, *, #564, .F. ) ;
#1244 = EDGE_LOOP ( 'NONE', ( #125, #22 ) ) ;
#1245 = CARTESIAN_POINT ( 'NONE',  ( 3.057580181864554270, 8.255706857437338897, 5.248383564841933691 ) ) ;
#1246 = CIRCLE ( 'NONE', #226, 2.000000000000000000 ) ;
#1247 = CARTESIAN_POINT ( 'NONE',  ( 1.249948191975303491, 4.481386122409841910, 5.088678747561353077 ) ) ;
#1248 = CARTESIAN_POINT ( 'NONE',  ( 1.396553427430554661, 9.818901491794177261, 4.322106482444982412 ) ) ;
#1249 = CARTESIAN_POINT ( 'NONE',  ( 1.478291929949405281, 4.590033495814142661, 3.685889146640125791 ) ) ;
#1250 = CARTESIAN_POINT ( 'NONE',  ( 3.097327680891227342, 7.537601426819109385, 0.9336748686894262850 ) ) ;
#1251 = VECTOR ( 'NONE', #801, 1000.000000000000000 ) ;
#1252 = AXIS2_PLACEMENT_3D ( 'NONE', #1626, #1967, #3792 ) ;
#1253 = CYLINDRICAL_SURFACE ( 'NONE', #704, 0.5000000000000002220 ) ;
#1254 = CIRCLE ( 'NONE', #528, 3.500000000000003109 ) ;
#1255 = CARTESIAN_POINT ( 'NONE',  ( 2.793106854861110655, 7.400000000000001243, 6.850347223185723422 ) ) ;
#1256 = LINE ( 'NONE', #232, #2039 ) ;
#1257 = DIRECTION ( 'NONE',  ( 0.000000000000000000, 0.000000000000000000, -1.000000000000000000 ) ) ;
#1258 = CARTESIAN_POINT ( 'NONE',  ( 1.732326615558933636, 4.739220723604417707, 5.812246776269861748 ) ) ;
#1259 = ORIENTED_EDGE ( 'NONE', *, *, #89, .F. ) ;
#1260 = CARTESIAN_POINT ( 'NONE',  ( 0.000000000000000000, 10.07000000000000028, 1.999999999999999112 ) ) ;
#1261 = CARTESIAN_POINT ( 'NONE',  ( 3.097349427132620292, 7.537128740111183944, 0.9339245544031685720 ) ) ;
#1262 = CARTESIAN_POINT ( 'NONE',  ( -3.066028824511657813, 7.341727790682803345, 0.4776833410631467491 ) ) ;
#1264 = ADVANCED_FACE ( 'NONE', ( #1920 ), #3226, .T. ) ;
#1263 = CARTESIAN_POINT ( 'NONE',  ( 0.000000000000000000, 1.300000000000006040, -4.099999999999997868 ) ) ;
#1265 = CARTESIAN_POINT ( 'NONE',  ( -3.097979460562149789, 7.520593478974417323, 0.9019467327596220052 ) ) ;
#1266 = ORIENTED_EDGE ( 'NONE', *, *, #1222, .F. ) ;
#1267 = ORIENTED_EDGE ( 'NONE', *, *, #1377, .F. ) ;
#1268 = CARTESIAN_POINT ( 'NONE',  ( -3.500000000000000444, 10.74406153241037387, -2.927046804695247140 ) ) ;
#1269 =( BOUNDED_CURVE ( )  B_SPLINE_CURVE ( 2, ( #2068, #2310, #4420, #577, #2676, #4098, #630 ),
 .UNSPECIFIED., .F., .T. ) 
 B_SPLINE_CURVE_WITH_KNOTS ( ( 3, 2, 2, 3 ),
 ( 0.3067340661227588861, 0.3322952665159898955, 0.3578564408633737037, 0.3834176263414055819 ),
 .UNSPECIFIED. ) 
 CURVE ( )  GEOMETRIC_REPRESENTATION_ITEM ( )  RATIONAL_B_SPLINE_CURVE ( ( 1.000000000000000000, 0.8660254037844387076, 1.000000000000000000, 0.8660254037844387076, 1.000000000000000000, 0.8660254037844387076, 1.000000000000000000 ) ) 
 REPRESENTATION_ITEM ( '' )  );
#1270 = CIRCLE ( 'NONE', #1921, 0.4000000000000003553 ) ;
#1271 = CARTESIAN_POINT ( 'NONE',  ( 1.894282906372468434, 4.851994648809038857, 5.113306144447332890 ) ) ;
#1272 = CARTESIAN_POINT ( 'NONE',  ( 2.793106854861110655, 7.400000000000001243, 4.910069445407945210 ) ) ;
#1273 = CARTESIAN_POINT ( 'NONE',  ( 1.718942742003998214, 4.727244110807339084, 3.694917304230864286 ) ) ;
#1274 = DIRECTION ( 'NONE',  ( -1.000000000000000000, -0.000000000000000000, -0.000000000000000000 ) ) ;
#1275 = VECTOR ( 'NONE', #2791, 1000.000000000000000 ) ;
#1276 = ORIENTED_EDGE ( 'NONE', *, *, #4224, .F. ) ;
#1277 = DIRECTION ( 'NONE',  ( 1.000000000000000000, 0.000000000000000000, 0.000000000000000000 ) ) ;
#1278 = CARTESIAN_POINT ( 'NONE',  ( -3.174999999999998934, 5.566912895322936983, 2.808101853778854462 ) ) ;
#1279 = DIRECTION ( 'NONE',  ( 1.000000000000000000, 0.000000000000000000, 0.000000000000000000 ) ) ;
#1280 = CARTESIAN_POINT ( 'NONE',  ( -2.793106854861111099, 9.012600994529453402, 3.087384260222760357 ) ) ;
#1281 = VERTEX_POINT ( 'NONE', #2544 ) ;
#1282 = FACE_BOUND ( 'NONE', #516, .T. ) ;
#1283 = CARTESIAN_POINT ( 'NONE',  ( -2.201843234021083173, 9.118526192836901245, 3.071075775792517781 ) ) ;
#1284 = CARTESIAN_POINT ( 'NONE',  ( 2.793106854861111543, 5.787399005470550861, 6.085995371333871695 ) ) ;
#1285 = CARTESIAN_POINT ( 'NONE',  ( 2.000000000000000000, 6.505213034913026604E-16, -2.100000000000001865 ) ) ;
#1286 = CARTESIAN_POINT ( 'NONE',  ( 6.734652765903158157E-16, 3.733825790645878051, 4.248611111111109118 ) ) ;
#1287 =( NAMED_UNIT ( * ) PLANE_ANGLE_UNIT ( ) SI_UNIT ( $, .RADIAN. ) );
#1288 = ORIENTED_EDGE ( 'NONE', *, *, #1195, .F. ) ;
#1289 = ORIENTED_EDGE ( 'NONE', *, *, #3265, .F. ) ;
#1290 = FACE_OUTER_BOUND ( 'NONE', #817, .T. ) ;
#1291 = CARTESIAN_POINT ( 'NONE',  ( 3.174999999999998934, 9.233087104677062840, 5.189351851851850661 ) ) ;
#1292 = EDGE_LOOP ( 'NONE', ( #242, #1332, #4401, #4135, #3147, #1565, #3230, #402 ) ) ;
#1293 = CARTESIAN_POINT ( 'NONE',  ( 2.641392849428535250, 5.633711324596506032, 5.152280305053499987 ) ) ;
#1294 = CARTESIAN_POINT ( 'NONE',  ( 0.3831081214702796167, 10.40401441199930233, 6.481440210263015089 ) ) ;
#1295 = CARTESIAN_POINT ( 'NONE',  ( 1.313055787936097563, 4.508950739418273734, 3.679959760558316084 ) ) ;
#1296 = CARTESIAN_POINT ( 'NONE',  ( 3.088786819479643508, 7.663431174709492311, 0.7005789779127609140 ) ) ;
#1297 = ORIENTED_EDGE ( 'NONE', *, *, #2494, .T. ) ;
#1298 = CARTESIAN_POINT ( 'NONE',  ( -3.013310129608922416, 8.400967094795564805, 4.125313391851152645 ) ) ;
#1299 = CARTESIAN_POINT ( 'NONE',  ( -1.974866646252330782E-16, 10.62520198905890290, 4.910069445407944322 ) ) ;
#1300 = CARTESIAN_POINT ( 'NONE',  ( -0.7807244919359445090, 10.47755918971405720, 3.307389516693814091 ) ) ;
#1301 = CARTESIAN_POINT ( 'NONE',  ( -1.969183829100574101, 4.909373981829146416, 5.673688295160928874 ) ) ;
#1302 = CIRCLE ( 'NONE', #731, 0.5399999999999988143 ) ;
#1303 = CARTESIAN_POINT ( 'NONE',  ( 3.175000008203432866, 7.395851946770677365, 4.513061341914703206 ) ) ;
#1304 = DIRECTION ( 'NONE',  ( -0.000000000000000000, -0.000000000000000000, 1.000000000000000000 ) ) ;
#1305 = CARTESIAN_POINT ( 'NONE',  ( 2.793106854861111543, 5.787399005470550861, 5.380439815778315982 ) ) ;
#1306 = CARTESIAN_POINT ( 'NONE',  ( -3.158167277484841939, 7.726745985448634890, 5.560692331880583872 ) ) ;
#1307 = CARTESIAN_POINT ( 'NONE',  ( 1.396553427430554661, 9.818901491794177261, 7.144328704667204377 ) ) ;
#1308 =( NAMED_UNIT ( * ) PLANE_ANGLE_UNIT ( ) SI_UNIT ( $, .RADIAN. ) );
#1309 = CIRCLE ( 'NONE', #1677, 2.000000000000000000 ) ;
#1310 = ORIENTED_EDGE ( 'NONE', *, *, #170, .F. ) ;
#1311 = EDGE_LOOP ( 'NONE', ( #4464, #1838, #1297, #2160 ) ) ;
#1312 = CARTESIAN_POINT ( 'NONE',  ( -3.500000000000000000, 10.27233507433390436, -0.6000000000000006439 ) ) ;
#1313 = CARTESIAN_POINT ( 'NONE',  ( -2.244884255301052719E-16, 11.06617420935412355, 6.718055555555553227 ) ) ;
#1314 = ADVANCED_FACE ( 'NONE', ( #4121 ), #1942, .F. ) ;
#1315 = ORIENTED_EDGE ( 'NONE', *, *, #1053, .T. ) ;
#1316 = CARTESIAN_POINT ( 'NONE',  ( -3.143084340670273313, 6.949893431670717270, 4.880988739882132776 ) ) ;
#1317 = B_SPLINE_CURVE_WITH_KNOTS ( 'NONE', 3,
 ( #3195, #3902, #67, #4251, #782, #328 ),
 .UNSPECIFIED., .F., .F.,
 ( 4, 2, 4 ),
 ( 0.0008210342066546087898, 0.001026674427049289583, 0.001232314647443970160 ),
 .UNSPECIFIED. ) ;
#1318 = EDGE_CURVE ( 'NONE', #4009, #4408, #3164, .T. ) ;
#1319 = CARTESIAN_POINT ( 'NONE',  ( 3.088786819479643508, 7.663431174709493199, 0.7005789779126440076 ) ) ;
#1320 = CARTESIAN_POINT ( 'NONE',  ( 0.7217122822263188908, 4.308100957907154971, 3.657980048137149165 ) ) ;
#1321 = LINE ( 'NONE', #4112, #1463 ) ;
#1322 = EDGE_CURVE ( 'NONE', #3705, #2637, #3745, .T. ) ;
#1323 = ORIENTED_EDGE ( 'NONE', *, *, #231, .T. ) ;
#1324 = CARTESIAN_POINT ( 'NONE',  ( -1.716305223441859651, 10.07675707255974373, 4.047482851387800729 ) ) ;
#1325 = FACE_OUTER_BOUND ( 'NONE', #2715, .T. ) ;
#1326 = CYLINDRICAL_SURFACE ( 'NONE', #2479, 3.174999999999999822 ) ;
#1327 =( NAMED_UNIT ( * ) PLANE_ANGLE_UNIT ( ) SI_UNIT ( $, .RADIAN. ) );
#1328 = VECTOR ( 'NONE', #1204, 1000.000000000000000 ) ;
#1329 = CARTESIAN_POINT ( 'NONE',  ( -1.934476144537616404, 4.882155930642222863, 5.675137840628866392 ) ) ;
#1330 = AXIS2_PLACEMENT_3D ( 'NONE', #2747, #967, #3064 ) ;
#1331 = CIRCLE ( 'NONE', #3516, 2.669999999999999485 ) ;
#1332 = ORIENTED_EDGE ( 'NONE', *, *, #663, .F. ) ;
#1333 = FACE_BOUND ( 'NONE', #1760, .T. ) ;
#1334 = FACE_OUTER_BOUND ( 'NONE', #1750, .T. ) ;
#1335 = CARTESIAN_POINT ( 'NONE',  ( 1.396553427430556660, 4.981098508205824338, 3.910532408370907653 ) ) ;
#1336 = LINE ( 'NONE', #1359, #57 ) ;
#1337 = CYLINDRICAL_SURFACE ( 'NONE', #382, 2.000000000000000000 ) ;
#1338 = CONTEXT_DEPENDENT_SHAPE_REPRESENTATION ( #3617, #2828 ) ;
#1339 = VERTEX_POINT ( 'NONE', #942 ) ;
#1340 = FACE_OUTER_BOUND ( 'NONE', #36, .T. ) ;
#1341 = CARTESIAN_POINT ( 'NONE',  ( -3.174999999999999822, 7.400000000000001243, 5.483333333333331616 ) ) ;
#1342 = EDGE_CURVE ( 'NONE', #1147, #3696, #286, .T. ) ;
#1343 = CARTESIAN_POINT ( 'NONE',  ( -1.396553427430555550, 9.818901491794177261, 6.379976852815351762 ) ) ;
#1344 = DIRECTION ( 'NONE',  ( 1.000000000000000000, 0.000000000000000000, 0.000000000000000000 ) ) ;
#1345 = CIRCLE ( 'NONE', #1710, 0.03999999999999981348 ) ;
#1346 = CARTESIAN_POINT ( 'NONE',  ( 0.9373887896921878626, 4.365941778214851077, 3.665990397544690360 ) ) ;
#1347 = ORIENTED_EDGE ( 'NONE', *, *, #3926, .T. ) ;
#1348 = CARTESIAN_POINT ( 'NONE',  ( -3.025179114265121871, 8.363805785665112680, 4.126727990320326889 ) ) ;
#1349 = CARTESIAN_POINT ( 'NONE',  ( -1.974866646252330782E-16, 10.62520198905890290, 3.498958334296833783 ) ) ;
#1350 = ADVANCED_FACE ( 'NONE', ( #1282, #652 ), #210, .F. ) ;
#1351 = CARTESIAN_POINT ( 'NONE',  ( 1.395920394571138701, 10.25361569005307416, 6.049276259841641412 ) ) ;
#1352 = CARTESIAN_POINT ( 'NONE',  ( -3.500000000000000000, 1.300000000000006040, -0.6000000000000006439 ) ) ;
#1353 = CARTESIAN_POINT ( 'NONE',  ( 0.000000000000000000, 3.800000000000004263, -4.100000000000001421 ) ) ;
#1354 = CARTESIAN_POINT ( 'NONE',  ( -2.500000000000000444, 7.400000000000001243, 5.599999999999997868 ) ) ;
#1355 = CARTESIAN_POINT ( 'NONE',  ( -2.267132970856538421, 5.176344505119354622, 4.248576716814294940 ) ) ;
#1356 = CIRCLE ( 'NONE', #4129, 2.000000000000000000 ) ;
#1357 = DIRECTION ( 'NONE',  ( -1.000000000000000000, -0.000000000000000000, -0.000000000000000000 ) ) ;
#1358 = CARTESIAN_POINT ( 'NONE',  ( -2.793106854861111099, 9.012600994529453402, 5.027662038000536349 ) ) ;
#1359 = CARTESIAN_POINT ( 'NONE',  ( -3.499999999999999112, 1.300000000000006040, -2.100000000000000533 ) ) ;
#1360 = CARTESIAN_POINT ( 'NONE',  ( 1.600068325425265670, 9.801018740597946532, 6.480586351997278172 ) ) ;
#1361 = ORIENTED_EDGE ( 'NONE', *, *, #2884, .F. ) ;
#1362 = DIRECTION ( 'NONE',  ( -0.000000000000000000, 1.000000000000000000, 1.239088197126290817E-16 ) ) ;
#1363 = CARTESIAN_POINT ( 'NONE',  ( 1.587499999999999245, 10.14963065701559408, 7.364814814814812927 ) ) ;
#1364 = CARTESIAN_POINT ( 'NONE',  ( -3.084009399089562731, 6.637154674220081318, 4.892009741326067918 ) ) ;
#1365 = EDGE_CURVE ( 'NONE', #2784, #2240, #1990, .T. ) ;
#1366 = CARTESIAN_POINT ( 'NONE',  ( 3.099999999999999645, 7.400000000000041211, 0.4380362620514045013 ) ) ;
#1367 = CARTESIAN_POINT ( 'NONE',  ( -3.500000000000000000, 6.505213034913026604E-16, -7.599999999999997868 ) ) ;
#1368 = DIRECTION ( 'NONE',  ( -0.000000000000000000, -0.000000000000000000, 1.000000000000000000 ) ) ;
#1369 = ORIENTED_EDGE ( 'NONE', *, *, #875, .F. ) ;
#1370 = CARTESIAN_POINT ( 'NONE',  ( -1.240346543957444814, 10.32272366726690116, 4.029994708669912384 ) ) ;
#1371 = CARTESIAN_POINT ( 'NONE',  ( 1.396553427430556660, 4.981098508205824338, 3.204976852815352384 ) ) ;
#1372 = CARTESIAN_POINT ( 'NONE',  ( 1.604498348410190012, 10.14064358173280134, 6.041340419348662394 ) ) ;
#1373 = CARTESIAN_POINT ( 'NONE',  ( 0.5000000000000002220, 7.400000000000001243, 5.599999999999997868 ) ) ;
#1374 = DIRECTION ( 'NONE',  ( 0.000000000000000000, -1.000000000000000000, 0.000000000000000000 ) ) ;
#1375 = ADVANCED_FACE ( 'NONE', ( #1333, #2016 ), #280, .F. ) ;
#1376 = AXIS2_PLACEMENT_3D ( 'NONE', #3661, #466, #1586 ) ;
#1377 = EDGE_CURVE ( 'NONE', #4069, #4034, #2675, .T. ) ;
#1378 = VERTEX_POINT ( 'NONE', #4465 ) ;
#1379 = DIRECTION ( 'NONE',  ( 2.891205793294674875E-16, 0.000000000000000000, -1.000000000000000000 ) ) ;
#1381 = EDGE_CURVE ( 'NONE', #974, #4519, #2220, .T. ) ;
#1380 = CARTESIAN_POINT ( 'NONE',  ( 1.578619457192966813, 4.644912946446287272, 4.395311341238106628 ) ) ;
#1382 = CARTESIAN_POINT ( 'NONE',  ( -2.793106854861110655, 7.709622402518199635, 3.071075775793148832 ) ) ;
#1383 = CARTESIAN_POINT ( 'NONE',  ( 5.924599938756993332E-16, 4.174798010941098703, 5.262847223185722179 ) ) ;
#1384 = CARTESIAN_POINT ( 'NONE',  ( -0.7411465056354240577, 10.48778961809788690, 5.422588152693467833 ) ) ;
#1385 = DIRECTION ( 'NONE',  ( 8.673617379884034486E-16, 0.000000000000000000, 1.000000000000000000 ) ) ;
#1386 = EDGE_LOOP ( 'NONE', ( #2092, #4126, #1310, #2263 ) ) ;
#1387 = DIRECTION ( 'NONE',  ( -1.000000000000000000, -0.000000000000000000, -0.000000000000000000 ) ) ;
#1388 = CARTESIAN_POINT ( 'NONE',  ( -1.587500000000000355, 10.14963065701559408, 6.071296296296295303 ) ) ;
#1389 = COLOUR_RGB ( '',1.000000000000000000, 1.000000000000000000, 1.000000000000000000 ) ;
#1390 = ORIENTED_EDGE ( 'NONE', *, *, #227, .T. ) ;
#1391 =( GEOMETRIC_REPRESENTATION_CONTEXT ( 3 ) GLOBAL_UNCERTAINTY_ASSIGNED_CONTEXT ( ( #3260 ) ) GLOBAL_UNIT_ASSIGNED_CONTEXT ( ( #428, #1308, #1506 ) ) REPRESENTATION_CONTEXT ( 'NONE', 'WORKASPACE' ) );
#1392 = CARTESIAN_POINT ( 'NONE',  ( -3.088786820535910138, 7.136568837675454802, 0.7005845338070444406 ) ) ;
#1393 = DIRECTION ( 'NONE',  ( 1.000000000000000000, 0.000000000000000000, -2.312964634635743450E-15 ) ) ;
#1394 =( NAMED_UNIT ( * ) SI_UNIT ( $, .STERADIAN. ) SOLID_ANGLE_UNIT ( ) );
#1395 = VERTEX_POINT ( 'NONE', #2237 ) ;
#1396 = CARTESIAN_POINT ( 'NONE',  ( -2.301278089105983415, 9.595435614498901700, 4.073837795209379387 ) ) ;
#1397 = CARTESIAN_POINT ( 'NONE',  ( 1.737190981603125906, 10.05760544316641614, 6.036173280931164342 ) ) ;
#1398 =( GEOMETRIC_REPRESENTATION_CONTEXT ( 3 ) GLOBAL_UNCERTAINTY_ASSIGNED_CONTEXT ( ( #156 ) ) GLOBAL_UNIT_ASSIGNED_CONTEXT ( ( #1239, #2288, #3658 ) ) REPRESENTATION_CONTEXT ( 'NONE', 'WORKASPACE' ) );
#1399 = CARTESIAN_POINT ( 'NONE',  ( -2.793106854861110211, 7.400000000000000355, 6.528924224206848592 ) ) ;
#1400 = CARTESIAN_POINT ( 'NONE',  ( -1.463164505360313727, 10.21777333826841350, 4.743774315571518407 ) ) ;
#1401 = ORIENTED_EDGE ( 'NONE', *, *, #2938, .F. ) ;
#1402 = CARTESIAN_POINT ( 'NONE',  ( 0.000000000000000000, -4.356854249492373654, -2.099999999999997868 ) ) ;
#1403 = CARTESIAN_POINT ( 'NONE',  ( -1.435735766359393706, 4.559857541006818948, 4.283614729095402751 ) ) ;
#1404 = FACE_OUTER_BOUND ( 'NONE', #3588, .T. ) ;
#1405 = CARTESIAN_POINT ( 'NONE',  ( 2.793106854861110655, 9.012600994529453402, 3.381365741704241312 ) ) ;
#1406 = CARTESIAN_POINT ( 'NONE',  ( -1.974866646252330782E-16, 10.62520198905890290, 5.086458334296833250 ) ) ;
#1407 = MECHANICAL_DESIGN_GEOMETRIC_PRESENTATION_REPRESENTATION (  '', ( #2426 ), #3582 ) ;
#1408 = VERTEX_POINT ( 'NONE', #3219 ) ;
#1409 = ADVANCED_FACE ( 'NONE', ( #2518, #872 ), #4278, .F. ) ;
#1410 = DIRECTION ( 'NONE',  ( -0.000000000000000000, -0.000000000000000000, -1.000000000000000000 ) ) ;
#1411 = CARTESIAN_POINT ( 'NONE',  ( 0.5000000000000002220, 7.400000000000001243, 5.599999999999997868 ) ) ;
#1412 = VERTEX_POINT ( 'NONE', #1494 ) ;
#1413 = CARTESIAN_POINT ( 'NONE',  ( 5.924599938756992346E-16, 4.174798010941098703, 5.262847223185722179 ) ) ;
#1414 = CARTESIAN_POINT ( 'NONE',  ( 3.056639958538008184, 7.179218070285514841, 0.6995036977109998499 ) ) ;
#1415 = DIRECTION ( 'NONE',  ( 0.0001885588283994537088, 0.002210892663251577250, -0.9999975381965696686 ) ) ;
#1416 = ORIENTED_EDGE ( 'NONE', *, *, #4081, .F. ) ;
#1417 = CARTESIAN_POINT ( 'NONE',  ( 0.6689340974442792298, 4.366229848860665008, 6.349526374087075098 ) ) ;
#1418 = ADVANCED_FACE ( 'NONE', ( #1187 ), #2922, .T. ) ;
#1419 = VECTOR ( 'NONE', #635, 1000.000000000000000 ) ;
#1420 = CARTESIAN_POINT ( 'NONE',  ( -1.960315786193364662, 9.897683139811279673, 6.174475886302116301 ) ) ;
#1421 = CARTESIAN_POINT ( 'NONE',  ( 0.000000000000000000, 1.500000000000003997, -4.099999999999997868 ) ) ;
#1422 = CARTESIAN_POINT ( 'NONE',  ( 3.056639957652750539, 7.620781940094322415, 0.7004915850202685368 ) ) ;
#1423 = CARTESIAN_POINT ( 'NONE',  ( -1.974866646252331029E-16, 10.62520198905890290, 3.498958334296833783 ) ) ;
#1424 = AXIS2_PLACEMENT_3D ( 'NONE', #3192, #2166, #3920 ) ;
#1425 = CARTESIAN_POINT ( 'NONE',  ( 0.04827356453097297190, 4.221060828811994625, 4.338654584156094174 ) ) ;
#1426 = PLANE ( 'NONE',  #1693 ) ;
#1427 = CARTESIAN_POINT ( 'NONE',  ( 2.793106854861110655, 7.400000000000001243, 6.321180556519056637 ) ) ;
#1428 = CARTESIAN_POINT ( 'NONE',  ( -2.793106854861111099, 9.012600994529453402, 3.792939815778315626 ) ) ;
#1429 = CIRCLE ( 'NONE', #1639, 0.4000000000000003553 ) ;
#1430 = VERTEX_POINT ( 'NONE', #1124 ) ;
#1431 = ORIENTED_EDGE ( 'NONE', *, *, #3708, .T. ) ;
#1432 = CIRCLE ( 'NONE', #1787, 0.5000000000000002220 ) ;
#1433 = CARTESIAN_POINT ( 'NONE',  ( -3.063786874114287517, 7.284317738258700103, 0.5016091382169541868 ) ) ;
#1434 = DIRECTION ( 'NONE',  ( 1.000000000000000000, 0.000000000000000000, 0.000000000000000000 ) ) ;
#1435 = VERTEX_POINT ( 'NONE', #1849 ) ;
#1436 = ORIENTED_EDGE ( 'NONE', *, *, #2933, .T. ) ;
#1437 = CARTESIAN_POINT ( 'NONE',  ( 0.000000000000000000, 7.400000000000001243, 5.599999999999997868 ) ) ;
#1438 = ORIENTED_EDGE ( 'NONE', *, *, #3573, .T. ) ;
#1439 = CARTESIAN_POINT ( 'NONE',  ( 2.586378264989682485, 9.245330917272369220, 3.877579927241908475 ) ) ;
#1440 = VECTOR ( 'NONE', #54, 1000.000000000000000 ) ;
#1441 = CARTESIAN_POINT ( 'NONE',  ( -1.920454397031703841, 9.928460788190719200, 6.172748031267622615 ) ) ;
#1442 = DIRECTION ( 'NONE',  ( 1.000000000000000000, 0.000000000000000000, 0.000000000000000000 ) ) ;
#1443 = CARTESIAN_POINT ( 'NONE',  ( 0.000000000000000000, 7.400000000000001243, 9.859920353756539413 ) ) ;
#1444 = VERTEX_POINT ( 'NONE', #3538 ) ;
#1445 = LINE ( 'NONE', #3112, #1275 ) ;
#1446 =( BOUNDED_CURVE ( )  B_SPLINE_CURVE ( 2, ( #3415, #3775, #2728 ),
 .UNSPECIFIED., .F., .T. ) 
 B_SPLINE_CURVE_WITH_KNOTS ( ( 3, 3 ),
 ( 0.2806560405598769181, 0.2806857032834255139 ),
 .UNSPECIFIED. ) 
 CURVE ( )  GEOMETRIC_REPRESENTATION_ITEM ( )  RATIONAL_B_SPLINE_CURVE ( ( 0.9946913129860495140, 0.9948404974992751670, 0.9949900428510248807 ) ) 
 REPRESENTATION_ITEM ( '' )  );
#1447 = CARTESIAN_POINT ( 'NONE',  ( 2.324723556623141008, 5.237132583025293719, 4.428030614192439707 ) ) ;
#1448 = DIRECTION ( 'NONE',  ( -0.000000000000000000, -0.000000000000000000, -1.000000000000000000 ) ) ;
#1449 = CARTESIAN_POINT ( 'NONE',  ( 2.793106854861110655, 9.012600994529453402, 4.263310186148686398 ) ) ;
#1450 = CARTESIAN_POINT ( 'NONE',  ( 1.396553427430554661, 9.818901491794177261, 5.027662038000538125 ) ) ;
#1451 = EDGE_LOOP ( 'NONE', ( #692, #2659, #3343, #2286 ) ) ;
#1452 = CARTESIAN_POINT ( 'NONE',  ( 2.921442209083449537, 8.260378644407824211, 3.212379480027355516 ) ) ;
#1453 = LINE ( 'NONE', #3545, #157 ) ;
#1454 = PRODUCT_DEFINITION_CONTEXT ( 'detailed design', #1669, 'design' ) ;
#1455 = EDGE_LOOP ( 'NONE', ( #2548, #2616, #1315, #2271, #3322, #3166, #1266, #228, #4522, #877 ) ) ;
#1456 = VECTOR ( 'NONE', #2721, 1000.000000000000000 ) ;
#1457 = ADVANCED_FACE ( 'NONE', ( #3954, #3975 ), #415, .T. ) ;
#1458 = VECTOR ( 'NONE', #350, 1000.000000000000000 ) ;
#1459 = CARTESIAN_POINT ( 'NONE',  ( -2.868226252908293805, 6.038395224788740023, 3.504215649981599512 ) ) ;
#1460 = CARTESIAN_POINT ( 'NONE',  ( -3.174999999994765343, 7.400003998784404402, 6.276953595002327191 ) ) ;
#1461 = EDGE_CURVE ( 'NONE', #3314, #4202, #136, .T. ) ;
#1462 = ORIENTED_EDGE ( 'NONE', *, *, #1322, .F. ) ;
#1463 = VECTOR ( 'NONE', #1368, 1000.000000000000000 ) ;
#1464 = CARTESIAN_POINT ( 'NONE',  ( 2.134224861678707619, 9.750683509886250988, 3.902310741063657495 ) ) ;
#1465 = CARTESIAN_POINT ( 'NONE',  ( 2.973018148554091855, 7.400000000000082956, 6.425052390362954391 ) ) ;
#1466 = ADVANCED_FACE ( 'NONE', ( #2216 ), #3271, .F. ) ;
#1467 = CARTESIAN_POINT ( 'NONE',  ( -2.318784893664287416, 5.828976147834900701, 3.071075775793148388 ) ) ;
#1468 = CARTESIAN_POINT ( 'NONE',  ( 1.999999999999999556, 1.300000000000006040, -7.600000000000002309 ) ) ;
#1469 = CARTESIAN_POINT ( 'NONE',  ( -2.748402627835635936, 8.990132377712825473, 4.807049509488236616 ) ) ;
#1470 = EDGE_CURVE ( 'NONE', #490, #608, #2329, .T. ) ;
#1471 = ORIENTED_EDGE ( 'NONE', *, *, #3993, .T. ) ;
#1472 = CARTESIAN_POINT ( 'NONE',  ( 3.175000000000001155, 5.566912895322941424, 3.043287038964039404 ) ) ;
#1473 = CARTESIAN_POINT ( 'NONE',  ( -3.099999999999999645, 7.400000000000001243, 0.6999999999999992895 ) ) ;
#1474 = CARTESIAN_POINT ( 'NONE',  ( -3.500000000000000000, 6.505213034913026604E-16, -0.5999999999999969802 ) ) ;
#1475 = CARTESIAN_POINT ( 'NONE',  ( -1.396553427430553329, 4.981098508205822561, 6.085995371333870807 ) ) ;
#1476 = CARTESIAN_POINT ( 'NONE',  ( 2.793106854861111543, 5.787399005470550861, 6.262384260222760624 ) ) ;
#1477 = CARTESIAN_POINT ( 'NONE',  ( 0.000000000000000000, 7.400000000000001243, 0.7999999999999977129 ) ) ;
#1478 = DIRECTION ( 'NONE',  ( -0.000000000000000000, -0.000000000000000000, 1.000000000000000000 ) ) ;
#1479 = AXIS2_PLACEMENT_3D ( 'NONE', #2964, #3621, #3216 ) ;
#1480 = AXIS2_PLACEMENT_3D ( 'NONE', #2358, #1722, #2700 ) ;
#1481 = CIRCLE ( 'NONE', #893, 2.000000000000000000 ) ;
#1482 = VERTEX_POINT ( 'NONE', #2991 ) ;
#1483 = AXIS2_PLACEMENT_3D ( 'NONE', #3484, #310, #2045 ) ;
#1484 = CARTESIAN_POINT ( 'NONE',  ( -3.091834717522270903, 7.172306082877321742, 0.7005049476900118144 ) ) ;
#1485 = PRESENTATION_STYLE_ASSIGNMENT (( #4181 ) ) ;
#1486 = VERTEX_POINT ( 'NONE', #3715 ) ;
#1487 = CARTESIAN_POINT ( 'NONE',  ( 0.1437732803795896130, 4.279403433020103620, 6.339562947663368142 ) ) ;
#1488 = CARTESIAN_POINT ( 'NONE',  ( 0.000000000000000000, 7.400000000000001243, 9.859920353756539413 ) ) ;
#1489 = CARTESIAN_POINT ( 'NONE',  ( -3.174999999999316369, 7.400001423922410559, 4.072176237708831970 ) ) ;
#1490 = CARTESIAN_POINT ( 'NONE',  ( 0.000000000000000000, 0.05000000000000056483, -4.099999999999997868 ) ) ;
#1491 = CARTESIAN_POINT ( 'NONE',  ( -1.999999999999999112, 1.300000000000006040, -2.100000000000000533 ) ) ;
#1492 = EDGE_CURVE ( 'NONE', #1541, #3289, #326, .T. ) ;
#1493 = CARTESIAN_POINT ( 'NONE',  ( -3.174999999999999822, 7.400000000000001243, 3.454861113038113274 ) ) ;
#1494 = CARTESIAN_POINT ( 'NONE',  ( 0.000000000000000000, 1.500000000000003997, -6.099999999999997868 ) ) ;
#1495 = CARTESIAN_POINT ( 'NONE',  ( 3.063831548439996055, 7.285248330562234642, 0.5010526473534566705 ) ) ;
#1496 = CARTESIAN_POINT ( 'NONE',  ( -2.793106854861110211, 5.787399005470547309, 3.204976852815352828 ) ) ;
#1497 = CARTESIAN_POINT ( 'NONE',  ( -1.396553427430553329, 4.981098508205822561, 3.263773149111649285 ) ) ;
#1498 = VECTOR ( 'NONE', #1362, 1000.000000000000000 ) ;
#1499 = LINE ( 'NONE', #2542, #856 ) ;
#1500 = DIRECTION ( 'NONE',  ( -0.000000000000000000, -0.000000000000000000, 1.000000000000000000 ) ) ;
#1501 = DIRECTION ( 'NONE',  ( 0.000000000000000000, 0.000000000000000000, 1.000000000000000000 ) ) ;
#1502 = CARTESIAN_POINT ( 'NONE',  ( 3.097979460562149789, 7.520593478974355151, 0.4980532672403596983 ) ) ;
#1503 = ORIENTED_EDGE ( 'NONE', *, *, #4221, .F. ) ;
#1504 = EDGE_LOOP ( 'NONE', ( #4055, #2503, #58, #3297 ) ) ;
#1505 = CARTESIAN_POINT ( 'NONE',  ( 3.049656052861037026, 8.283697945257118889, 5.249474515338378389 ) ) ;
#1506 =( NAMED_UNIT ( * ) SI_UNIT ( $, .STERADIAN. ) SOLID_ANGLE_UNIT ( ) );
#1507 = CARTESIAN_POINT ( 'NONE',  ( 2.127537799359118686, 9.756746474431571059, 3.902629011584269669 ) ) ;
#1508 = DIRECTION ( 'NONE',  ( -0.000000000000000000, -0.000000000000000000, 1.000000000000000000 ) ) ;
#1509 = EDGE_CURVE ( 'NONE', #601, #4512, #3650, .T. ) ;
#1510 = DIRECTION ( 'NONE',  ( 1.000000000000000000, 0.000000000000000000, 0.000000000000000000 ) ) ;
#1511 = LINE ( 'NONE', #3257, #83 ) ;
#1512 = CARTESIAN_POINT ( 'NONE',  ( 3.058824766076738477, 7.202212688320939193, 0.8150542943682907993 ) ) ;
#1513 = CARTESIAN_POINT ( 'NONE',  ( 3.174999999999998934, 9.233087104677062840, 4.571990742667742857 ) ) ;
#1514 = CARTESIAN_POINT ( 'NONE',  ( 0.000000000000000000, 1.300000000000006040, 0.000000000000000000 ) ) ;
#1515 = DIRECTION ( 'NONE',  ( 0.000000000000000000, -1.239088197126290570E-16, 1.000000000000000000 ) ) ;
#1516 = CARTESIAN_POINT ( 'NONE',  ( 1.396553427430556660, 4.981098508205824338, 6.203587963926463722 ) ) ;
#1517 = CARTESIAN_POINT ( 'NONE',  ( -2.793106854861111099, 9.012600994529453402, 3.087384260222760357 ) ) ;
#1518 = EDGE_CURVE ( 'NONE', #2531, #3229, #1256, .T. ) ;
#1519 = DIRECTION ( 'NONE',  ( 1.000000000000000000, 0.000000000000000000, 0.000000000000000000 ) ) ;
#1520 = CARTESIAN_POINT ( 'NONE',  ( 2.191538801860984265, 5.436939904193155648, 3.155339747317345456 ) ) ;
#1521 = CARTESIAN_POINT ( 'NONE',  ( -3.500000000000000000, 3.800000000000001155, -0.6000000000000006439 ) ) ;
#1522 = CARTESIAN_POINT ( 'NONE',  ( 3.099983001312448305, 7.469755490384899943, 0.4382348004546278708 ) ) ;
#1523 = ORIENTED_EDGE ( 'NONE', *, *, #3879, .F. ) ;
#1524 = ORIENTED_EDGE ( 'NONE', *, *, #177, .T. ) ;
#1525 = CARTESIAN_POINT ( 'NONE',  ( 0.000000000000000000, 3.800000000000004263, -4.100000000000001421 ) ) ;
#1526 = DIRECTION ( 'NONE',  ( 1.000000000000000000, 0.000000000000000000, 0.000000000000000000 ) ) ;
#1527 = DIRECTION ( 'NONE',  ( 0.000000000000000000, 0.000000000000000000, 1.000000000000000000 ) ) ;
#1528 = DIRECTION ( 'NONE',  ( 1.000000000000000000, 0.000000000000000000, 0.000000000000000000 ) ) ;
#1529 = DIRECTION ( 'NONE',  ( 0.000000000000000000, 6.570922257487904077E-16, 1.000000000000000000 ) ) ;
#1530 = CARTESIAN_POINT ( 'NONE',  ( -3.500000000000000000, 10.80000000000000249, -7.600000000000001421 ) ) ;
#1531 = CARTESIAN_POINT ( 'NONE',  ( 3.174999739432403434, 7.531858376446706416, 4.517423759737225097 ) ) ;
#1532 = CARTESIAN_POINT ( 'NONE',  ( -3.164909286547727518, 7.658284612882776621, 4.151944899379623521 ) ) ;
#1533 = CARTESIAN_POINT ( 'NONE',  ( 6.734652765903158157E-16, 3.733825790645878051, 5.042361113038112741 ) ) ;
#1534 = UNCERTAINTY_MEASURE_WITH_UNIT (LENGTH_MEASURE( 1.000000000000000082E-05 ), #2704, 'distance_accuracy_value', 'NONE');
#1535 = CARTESIAN_POINT ( 'NONE',  ( -3.174999999999264411, 7.399998497968044653, 4.160465197233158996 ) ) ;
#1536 = CARTESIAN_POINT ( 'NONE',  ( -0.4000000000000003553, 7.400000000000001243, 5.799999999999998046 ) ) ;
#1537 = CARTESIAN_POINT ( 'NONE',  ( 2.340665072154282544, 9.414799686010113078, 3.237194952744733900 ) ) ;
#1538 = SURFACE_STYLE_FILL_AREA ( #2223 ) ;
#1539 = CARTESIAN_POINT ( 'NONE',  ( -1.396553427430553329, 4.981098508205822561, 5.909606482444981879 ) ) ;
#1540 = CARTESIAN_POINT ( 'NONE',  ( 3.066051821621968099, 7.342811049668264367, 0.4774112140529742643 ) ) ;
#1541 = VERTEX_POINT ( 'NONE', #3693 ) ;
#1542 = VERTEX_POINT ( 'NONE', #3058 ) ;
#1543 = EDGE_CURVE ( 'NONE', #2950, #4489, #4448, .T. ) ;
#1544 = CARTESIAN_POINT ( 'NONE',  ( -0.2126651950901027877, 10.57491653088674433, 5.403164911300946116 ) ) ;
#1545 =( NAMED_UNIT ( * ) SI_UNIT ( $, .STERADIAN. ) SOLID_ANGLE_UNIT ( ) );
#1546 = CARTESIAN_POINT ( 'NONE',  ( -3.056639958538008184, 7.179218070285514841, 0.7004963022889989510 ) ) ;
#1547 = VECTOR ( 'NONE', #3341, 1000.000000000000000 ) ;
#1548 = DIRECTION ( 'NONE',  ( -0.000000000000000000, -0.000000000000000000, -1.000000000000000000 ) ) ;
#1549 = FACE_OUTER_BOUND ( 'NONE', #2135, .T. ) ;
#1550 = DIRECTION ( 'NONE',  ( -0.8660254037844413721, 0.000000000000000000, -0.4999999999999952816 ) ) ;
#1551 = CARTESIAN_POINT ( 'NONE',  ( 3.100007786471196347, 7.459583218982483110, 0.9277161512099433294 ) ) ;
#1552 = LINE ( 'NONE', #4017, #256 ) ;
#1553 = CARTESIAN_POINT ( 'NONE',  ( -3.174999999999999822, 7.400000000000001243, 4.160416668593668099 ) ) ;
#1554 = DIRECTION ( 'NONE',  ( -1.000000000000000000, -0.000000000000000000, 0.000000000000000000 ) ) ;
#1555 = DIRECTION ( 'NONE',  ( -0.000000000000000000, -1.000000000000000000, -4.396451289603110513E-16 ) ) ;
#1556 = CARTESIAN_POINT ( 'NONE',  ( -1.676312293943443166, 4.701710598553250797, 5.685544553436133519 ) ) ;
#1557 = VERTEX_POINT ( 'NONE', #1986 ) ;
#1558 = ADVANCED_FACE ( 'NONE', ( #4460 ), #1326, .T. ) ;
#1559 = CARTESIAN_POINT ( 'NONE',  ( 1.587499999999999245, 10.14963065701559408, 5.248148148148146674 ) ) ;
#1560 = CIRCLE ( 'NONE', #2727, 3.300000000000000711 ) ;
#1561 = DIRECTION ( 'NONE',  ( 0.000000000000000000, -1.000000000000000000, 0.000000000000000000 ) ) ;
#1562 = CARTESIAN_POINT ( 'NONE',  ( -3.091844011655798141, 7.627564214548907096, 0.6404872119985071111 ) ) ;
#1563 = CARTESIAN_POINT ( 'NONE',  ( 3.097276762447686682, 7.538665278353042787, 0.4669475729333812386 ) ) ;
#1564 = CARTESIAN_POINT ( 'NONE',  ( 1.999999999999999556, 6.505213034913026604E-16, -0.6000000000000000888 ) ) ;
#1565 = ORIENTED_EDGE ( 'NONE', *, *, #3019, .F. ) ;
#1566 = VERTEX_POINT ( 'NONE', #1916 ) ;
#1567 = CARTESIAN_POINT ( 'NONE',  ( 3.068191951234487735, 8.216840831971612857, 5.246880605264639286 ) ) ;
#1568 = CARTESIAN_POINT ( 'NONE',  ( -0.5172500655723029084, 4.288793669071518266, 6.327167482387199726 ) ) ;
#1569 = EDGE_CURVE ( 'NONE', #4526, #906, #44, .T. ) ;
#1570 = CARTESIAN_POINT ( 'NONE',  ( -0.2096745711826164815, 4.224880343054996601, 5.034871302874444510 ) ) ;
#1571 = EDGE_CURVE ( 'NONE', #3485, #2784, #2501, .T. ) ;
#1572 = AXIS2_PLACEMENT_3D ( 'NONE', #3577, #110, #1529 ) ;
#1573 = CARTESIAN_POINT ( 'NONE',  ( 2.793106854861110655, 7.400000000000001243, 3.498958334296834227 ) ) ;
#1574 = CARTESIAN_POINT ( 'NONE',  ( 3.500000000000000000, 6.505213034913026604E-16, -2.100000000000001865 ) ) ;
#1575 = CARTESIAN_POINT ( 'NONE',  ( 2.658314584989557527, 9.137250427436576672, 4.578482984579770765 ) ) ;
#1576 = ORIENTED_EDGE ( 'NONE', *, *, #3663, .T. ) ;
#1577 = CARTESIAN_POINT ( 'NONE',  ( -3.048604506891443133, 8.287708479113589988, 4.129602274918609872 ) ) ;
#1578 = CARTESIAN_POINT ( 'NONE',  ( -3.174999999999999822, 7.400000000000001243, 2.749305557482558005 ) ) ;
#1579 = DIRECTION ( 'NONE',  ( -0.000000000000000000, -0.000000000000000000, 1.000000000000000000 ) ) ;
#1580 = CARTESIAN_POINT ( 'NONE',  ( 0.000000000000000000, 1.300000000000006040, -3.459999999999997300 ) ) ;
#1581 = CARTESIAN_POINT ( 'NONE',  ( -1.288388103938131302, 4.498113452494759024, 5.700206226510363905 ) ) ;
#1582 = ORIENTED_EDGE ( 'NONE', *, *, #821, .F. ) ;
#1583 = CARTESIAN_POINT ( 'NONE',  ( 3.167358404827486318, 7.174690944537248427, 4.505814882503154095 ) ) ;
#1584 = CARTESIAN_POINT ( 'NONE',  ( 0.000000000000000000, 2.300000000000006040, -4.099999999999997868 ) ) ;
#1585 = DIRECTION ( 'NONE',  ( 8.659560562354951347E-17, -0.7071067811865460184, 0.7071067811865489050 ) ) ;
#1586 = DIRECTION ( 'NONE',  ( 1.000000000000000000, 0.000000000000000000, 0.000000000000000000 ) ) ;
#1587 = CARTESIAN_POINT ( 'NONE',  ( -3.088800027108301371, 7.136723687566343344, 0.7697217407855615479 ) ) ;
#1588 = ORIENTED_EDGE ( 'NONE', *, *, #993, .F. ) ;
#1589 = EDGE_LOOP ( 'NONE', ( #1035, #4096, #1197, #2790, #882, #3450, #4288, #715, #2139, #468, #534, #773, #124, #4266 ) ) ;
#1590 = CARTESIAN_POINT ( 'NONE',  ( 1.066166537143745874, 10.39087043111230990, 5.355564373904615927 ) ) ;
#1591 = AXIS2_PLACEMENT_3D ( 'NONE', #1525, #1221, #2617 ) ;
#1592 = CARTESIAN_POINT ( 'NONE',  ( 1.313636725290601381, 4.509357518708378088, 5.090921762494683200 ) ) ;
#1593 = EDGE_CURVE ( 'NONE', #1339, #1395, #3922, .T. ) ;
#1594 = CARTESIAN_POINT ( 'NONE',  ( -1.396553427430555550, 9.818901491794177261, 5.850810186148686753 ) ) ;
#1595 = CARTESIAN_POINT ( 'NONE',  ( -0.6572670919986237648, 4.293663626474629069, 3.606981997190404687 ) ) ;
#1596 = CARTESIAN_POINT ( 'NONE',  ( 3.167095916165061364, 7.691138240993444342, 4.522773170846393853 ) ) ;
#1597 = CARTESIAN_POINT ( 'NONE',  ( -3.169468338065971835, 7.587359156195679688, 4.154304683638000206 ) ) ;
#1598 = CARTESIAN_POINT ( 'NONE',  ( 1.396553427430554661, 9.818901491794177261, 4.851273149111649197 ) ) ;
#1599 = EDGE_CURVE ( 'NONE', #1714, #1837, #1302, .T. ) ;
#1600 = DIRECTION ( 'NONE',  ( -0.000000000000000000, 1.000000000000000000, -0.000000000000000000 ) ) ;
#1601 = DIRECTION ( 'NONE',  ( -0.000000000000000000, 1.000000000000000000, -0.000000000000000000 ) ) ;
#1602 = VECTOR ( 'NONE', #2427, 1000.000000000000000 ) ;
#1603 = CARTESIAN_POINT ( 'NONE',  ( 2.793106854861110655, 9.012600994529453402, 2.852199075037574971 ) ) ;
#1604 = STYLED_ITEM ( 'NONE', ( #1485 ), #4496 ) ;
#1605 = VERTEX_POINT ( 'NONE', #3555 ) ;
#1606 = CARTESIAN_POINT ( 'NONE',  ( 0.000000000000000000, 7.400000000000001243, 5.599999999999997868 ) ) ;
#1607 = SURFACE_STYLE_USAGE ( .BOTH. , #3959 ) ;
#1608 = CARTESIAN_POINT ( 'NONE',  ( 5.924599938756993332E-16, 4.174798010941098703, 6.673958334296833605 ) ) ;
#1609 = CARTESIAN_POINT ( 'NONE',  ( -2.924705426091049887, 8.636540206695521249, 5.527242585022261068 ) ) ;
#1610 = DIRECTION ( 'NONE',  ( 0.000000000000000000, 0.000000000000000000, 1.000000000000000000 ) ) ;
#1611 = ORIENTED_EDGE ( 'NONE', *, *, #1318, .T. ) ;
#1612 = ORIENTED_EDGE ( 'NONE', *, *, #2994, .F. ) ;
#1613 = CARTESIAN_POINT ( 'NONE',  ( -3.174999999999998934, 5.566912895322937871, 4.836574074074072804 ) ) ;
#1614 = CARTESIAN_POINT ( 'NONE',  ( 1.841547188313661598, 4.813137109730381447, 5.111082660008009704 ) ) ;
#1615 = CARTESIAN_POINT ( 'NONE',  ( 2.793106854861111099, 5.787399005470551749, 4.145717593556093483 ) ) ;
#1616 = CARTESIAN_POINT ( 'NONE',  ( 2.867808175774625656, 6.037514881698615277, 3.758248399265386119 ) ) ;
#1617 = CARTESIAN_POINT ( 'NONE',  ( -2.000000000000000444, 6.505213034913026604E-16, -0.6000000000000006439 ) ) ;
#1618 = CARTESIAN_POINT ( 'NONE',  ( -0.5875971417173259104, 10.80000000000000249, -7.600000000000000533 ) ) ;
#1619 = CARTESIAN_POINT ( 'NONE',  ( 2.793106854861110655, 7.400000000000001243, 5.439236112074611995 ) ) ;
#1620 = DIRECTION ( 'NONE',  ( 0.000000000000000000, 0.000000000000000000, 1.000000000000000000 ) ) ;
#1621 = DIRECTION ( 'NONE',  ( 1.000000000000000000, 0.000000000000000000, 0.000000000000000000 ) ) ;
#1622 = CARTESIAN_POINT ( 'NONE',  ( -1.396553427430555550, 9.818901491794177261, 3.028587963926463900 ) ) ;
#1623 = EDGE_CURVE ( 'NONE', #1755, #1395, #3875, .T. ) ;
#1624 = EDGE_LOOP ( 'NONE', ( #2449, #1161, #3809, #3475 ) ) ;
#1625 = CARTESIAN_POINT ( 'NONE',  ( 2.504599325180093761, 5.445764719692821387, 4.438230809321700221 ) ) ;
#1626 = CARTESIAN_POINT ( 'NONE',  ( 0.000000000000000000, 7.400000000000001243, 1.999999999999998224 ) ) ;
#1627 = CARTESIAN_POINT ( 'NONE',  ( 1.396553427430554661, 9.818901491794177261, 6.262384260222759735 ) ) ;
#1628 = CARTESIAN_POINT ( 'NONE',  ( -2.149907698006170431, 9.737636357357791539, 5.477718382367485539 ) ) ;
#1629 = CARTESIAN_POINT ( 'NONE',  ( 2.966487783558628522, 7.620137376798230555, 6.428822698350983522 ) ) ;
#1630 = VERTEX_POINT ( 'NONE', #2877 ) ;
#1631 = VERTEX_POINT ( 'NONE', #2491 ) ;
#1632 = CARTESIAN_POINT ( 'NONE',  ( -3.500000000000000000, 10.41968951581031178, -1.172548604234028513 ) ) ;
#1633 = CARTESIAN_POINT ( 'NONE',  ( -3.174999999999998934, 5.566912895322936983, 6.953240740740739945 ) ) ;
#1634 = ORIENTED_EDGE ( 'NONE', *, *, #2124, .T. ) ;
#1635 = CARTESIAN_POINT ( 'NONE',  ( 1.256289859546635856, 4.484111822837648198, 5.088903126773041130 ) ) ;
#1636 = CARTESIAN_POINT ( 'NONE',  ( -2.793106854861109323, 5.787399005470548197, 3.204976852815353272 ) ) ;
#1637 = CARTESIAN_POINT ( 'NONE',  ( 2.030906204046400099, 4.958860521740153793, 3.708160607457982927 ) ) ;
#1638 = CARTESIAN_POINT ( 'NONE',  ( -0.5000000000000002220, 7.400000000000001243, 5.599999999999997868 ) ) ;
#1639 = AXIS2_PLACEMENT_3D ( 'NONE', #3106, #3057, #4459 ) ;
#1640 = CARTESIAN_POINT ( 'NONE',  ( -0.5319902123859826526, 10.53103688716217512, 4.003734942262122232 ) ) ;
#1641 = CARTESIAN_POINT ( 'NONE',  ( -2.244884255301052719E-16, 11.06617420935412355, 2.572916668593669076 ) ) ;
#1642 = CARTESIAN_POINT ( 'NONE',  ( -3.145236362863424340, 7.833720695680524315, 6.262622089143446757 ) ) ;
#1643 =( LENGTH_UNIT ( ) NAMED_UNIT ( * ) SI_UNIT ( .MILLI., .METRE. ) );
#1644 = CARTESIAN_POINT ( 'NONE',  ( -3.145808122534273998, 6.970437740773856028, 5.585847318209095747 ) ) ;
#1645 = VERTEX_POINT ( 'NONE', #2853 ) ;
#1646 = CARTESIAN_POINT ( 'NONE',  ( 2.354858851782774654, 5.270365581542073130, 4.429683736698833307 ) ) ;
#1647 = CARTESIAN_POINT ( 'NONE',  ( -2.000000000000000444, 6.505213034913026604E-16, -0.6000000000000006439 ) ) ;
#1648 = CARTESIAN_POINT ( 'NONE',  ( -1.396553427430555550, 9.818901491794177261, 3.557754630593130241 ) ) ;
#1649 = LINE ( 'NONE', #923, #648 ) ;
#1650 = CARTESIAN_POINT ( 'NONE',  ( 2.934605147980461126, 7.842033655164097006, 6.432894143037692913 ) ) ;
#1651 = DIRECTION ( 'NONE',  ( 0.000000000000000000, 0.000000000000000000, 1.000000000000000000 ) ) ;
#1652 = ADVANCED_FACE ( 'NONE', ( #1549 ), #4345, .F. ) ;
#1653 = ORIENTED_EDGE ( 'NONE', *, *, #1571, .T. ) ;
#1654 = ORIENTED_EDGE ( 'NONE', *, *, #3272, .T. ) ;
#1655 = CLOSED_SHELL ( 'NONE', ( #3686, #1985, #2294, #2596, #1652, #3830, #1703, #2523, #453, #739, #3080, #2800, #1558, #221, #1264, #1054, #989, #2629, #756, #4282, #2739, #2050, #1457, #1314, #194, #2935, #4145, #1418, #3967, #3771, #1023, #2438, #657, #4173, #1375, #3941, #504, #4047, #3884, #376, #3497, #2270, #2857, #347, #796, #2982, #2619, #3889, #1350, #1846, #2543, #2603, #3880, #2129, #2771, #980, #930, #4225, #414, #3441, #3414, #2183, #2686, #1466, #3997, #714, #515, #2352, #3912, #4284, #1409, #4019 ) ) ;
#1656 = LINE ( 'NONE', #3048, #908 ) ;
#1657 = CARTESIAN_POINT ( 'NONE',  ( 6.734652765903158157E-16, 3.733825790645878051, 7.070833333333331971 ) ) ;
#1658 = ADVANCED_FACE ( 'NONE', ( #3235 ), #432, .T. ) ;
#1659 = VERTEX_POINT ( 'NONE', #3901 ) ;
#1660 = CARTESIAN_POINT ( 'NONE',  ( -0.9307588361077078210, 4.364487648702965572, 5.007893293545449431 ) ) ;
#1661 = CARTESIAN_POINT ( 'NONE',  ( 3.066028831088371653, 7.341727809466538801, 0.9223166652266534538 ) ) ;
#1662 = CARTESIAN_POINT ( 'NONE',  ( 2.401223806600918831, 5.307809431881210571, 3.726367646868125938 ) ) ;
#1663 = VERTEX_POINT ( 'NONE', #66 ) ;
#1664 = CARTESIAN_POINT ( 'NONE',  ( -0.4188161411841848647, 10.54731663447378764, 3.999539753655762642 ) ) ;
#1665 = CARTESIAN_POINT ( 'NONE',  ( -2.793106854861110655, 7.400000000000001243, 3.675347223185722711 ) ) ;
#1666 = CARTESIAN_POINT ( 'NONE',  ( 2.350023846153340035, 10.55146262057152917, -7.599999999999999645 ) ) ;
#1667 =( NAMED_UNIT ( * ) SI_UNIT ( $, .STERADIAN. ) SOLID_ANGLE_UNIT ( ) );
#1668 = CARTESIAN_POINT ( 'NONE',  ( -3.500000000000000000, 2.600000000000005862, -0.6000000000000006439 ) ) ;
#1669 = APPLICATION_CONTEXT ( 'automotive_design' ) ;
#1670 = AXIS2_PLACEMENT_3D ( 'NONE', #1143, #2194, #2946 ) ;
#1671 = EDGE_LOOP ( 'NONE', ( #81, #2113, #1092 ) ) ;
#1672 = DIRECTION ( 'NONE',  ( -1.000000000000000000, 0.000000000000000000, -0.000000000000000000 ) ) ;
#1673 = CARTESIAN_POINT ( 'NONE',  ( 2.669999999999999485, 7.400000000000001243, 2.999999999999999112 ) ) ;
#1674 = CARTESIAN_POINT ( 'NONE',  ( -1.396553427430555550, 9.818901491794177261, 2.852199075037574971 ) ) ;
#1675 = CARTESIAN_POINT ( 'NONE',  ( -3.156149434123125985, 7.745521884082584130, 5.560087156559581523 ) ) ;
#1676 = CARTESIAN_POINT ( 'NONE',  ( 0.000000000000000000, 7.400000000000001243, 5.599999999999997868 ) ) ;
#1677 = AXIS2_PLACEMENT_3D ( 'NONE', #2873, #3126, #3829 ) ;
#1678 = ORIENTED_EDGE ( 'NONE', *, *, #227, .F. ) ;
#1679 = DIRECTION ( 'NONE',  ( 1.000000000000000000, 0.000000000000000000, -0.000000000000000000 ) ) ;
#1680 = CARTESIAN_POINT ( 'NONE',  ( 3.174999999999998934, 9.233087104677062840, 7.306018518518516913 ) ) ;
#1681 = EDGE_CURVE ( 'NONE', #905, #1378, #2378, .T. ) ;
#1682 = EDGE_LOOP ( 'NONE', ( #3456, #4010 ) ) ;
#1683 = CARTESIAN_POINT ( 'NONE',  ( -2.793106854861110655, 7.400000000000001243, 5.792013889852388964 ) ) ;
#1684 = CARTESIAN_POINT ( 'NONE',  ( 3.063798062203321848, 7.515323907692504690, 0.8984031608134643854 ) ) ;
#1685 = CARTESIAN_POINT ( 'NONE',  ( -1.247994892440734471, 4.479982882030681957, 3.585007270330667684 ) ) ;
#1686 = DIRECTION ( 'NONE',  ( 0.000000000000000000, 0.000000000000000000, -1.000000000000000000 ) ) ;
#1687 = ORIENTED_EDGE ( 'NONE', *, *, #1785, .F. ) ;
#1688 = CARTESIAN_POINT ( 'NONE',  ( 1.138944748226015102, 10.36446920399146343, 3.941848393779354254 ) ) ;
#1689 = CARTESIAN_POINT ( 'NONE',  ( -2.793106854861111099, 9.012600994529453402, 2.910995371333870985 ) ) ;
#1690 = CARTESIAN_POINT ( 'NONE',  ( -2.980388053265151882, 8.514966068923966347, 6.237457858416268763 ) ) ;
#1691 = AXIS2_PLACEMENT_3D ( 'NONE', #672, #3059, #2648 ) ;
#1692 = CARTESIAN_POINT ( 'NONE',  ( -1.996958653805817274, 4.931642045446997358, 5.672519594945003796 ) ) ;
#1693 = AXIS2_PLACEMENT_3D ( 'NONE', #1808, #3482, #701 ) ;
#1694 = CIRCLE ( 'NONE', #2865, 2.500000000000001776 ) ;
#1695 = VECTOR ( 'NONE', #4215, 1000.000000000000000 ) ;
#1696 = SHAPE_REPRESENTATION ( 'CONSMA002-SMD-G_CONSMA002-SMD-G', ( #436 ), #1391 ) ;
#1697 = CARTESIAN_POINT ( 'NONE',  ( 1.396553427430554661, 9.818901491794177261, 3.440162038000537770 ) ) ;
#1698 = PRODUCT ( 'CONSMA002-SMD-G_CONSMA002-SMD-G', 'CONSMA002-SMD-G_CONSMA002-SMD-G', '', ( #1995 ) ) ;
#1699 = CARTESIAN_POINT ( 'NONE',  ( -1.925357017397612669, 4.875193483450897425, 4.264633609727856545 ) ) ;
#1700 = CARTESIAN_POINT ( 'NONE',  ( -2.793106854861110655, 7.400000000000001243, 5.086458334296833250 ) ) ;
#1701 = CARTESIAN_POINT ( 'NONE',  ( -1.716832290238033298, 10.07590883249429226, 5.459000422028307931 ) ) ;
#1702 = DIRECTION ( 'NONE',  ( -0.000000000000000000, -0.000000000000000000, 1.000000000000000000 ) ) ;
#1703 = ADVANCED_FACE ( 'NONE', ( #4273 ), #3620, .T. ) ;
#1704 = ORIENTED_EDGE ( 'NONE', *, *, #389, .T. ) ;
#1705 = CARTESIAN_POINT ( 'NONE',  ( 3.500000000000000000, 10.80000000000000249, -7.600000000000001421 ) ) ;
#1706 = CARTESIAN_POINT ( 'NONE',  ( 1.587500000000001465, 4.650369342984409293, 4.307407407407406019 ) ) ;
#1707 = ORIENTED_EDGE ( 'NONE', *, *, #2938, .T. ) ;
#1708 = CARTESIAN_POINT ( 'NONE',  ( -1.396553427430555550, 9.818901491794177261, 5.674421297259796937 ) ) ;
#1709 = CARTESIAN_POINT ( 'NONE',  ( -3.499999999999999112, 6.505213034913026604E-16, -2.100000000000000533 ) ) ;
#1710 = AXIS2_PLACEMENT_3D ( 'NONE', #3899, #2100, #2165 ) ;
#1711 = CARTESIAN_POINT ( 'NONE',  ( -3.174999999999999822, 7.400000000282918045, 3.454861104187875398 ) ) ;
#1712 = PRESENTATION_STYLE_ASSIGNMENT (( #3447 ) ) ;
#1713 = EDGE_CURVE ( 'NONE', #4392, #4187, #3175, .T. ) ;
#1714 = VERTEX_POINT ( 'NONE', #4295 ) ;
#1715 = CARTESIAN_POINT ( 'NONE',  ( -3.027117203442650784, 8.357700819570673900, 4.126959849341748310 ) ) ;
#1716 = CARTESIAN_POINT ( 'NONE',  ( 2.771766478108466991, 7.055389359557323381, 2.603999975654328392 ) ) ;
#1717 = CARTESIAN_POINT ( 'NONE',  ( -2.137386950467550228, 9.750009019496175711, 6.182497811243338859 ) ) ;
#1718 = DIRECTION ( 'NONE',  ( 0.000000000000000000, 0.000000000000000000, 1.000000000000000000 ) ) ;
#1719 = CARTESIAN_POINT ( 'NONE',  ( -2.662062341554479517, 5.669220872673474965, 5.636567591599153992 ) ) ;
#1720 = CARTESIAN_POINT ( 'NONE',  ( 0.000000000000000000, 3.800000000000003819, -0.8000000000000003775 ) ) ;
#1721 = CARTESIAN_POINT ( 'NONE',  ( 0.5660119806648298280, 4.275307701578148212, 4.357762616950726198 ) ) ;
#1722 = DIRECTION ( 'NONE',  ( -0.000000000000000000, -0.000000000000000000, 1.000000000000000000 ) ) ;
#1723 = CARTESIAN_POINT ( 'NONE',  ( 1.396553427430554661, 9.818901491794177261, 2.734606482444982056 ) ) ;
#1724 = CARTESIAN_POINT ( 'NONE',  ( -1.405195624724823178, 10.24711830501565046, 5.447183178290691430 ) ) ;
#1725 = CARTESIAN_POINT ( 'NONE',  ( -1.587499999999997691, 4.650369342984407517, 4.189814814814813104 ) ) ;
#1726 = ORIENTED_EDGE ( 'NONE', *, *, #1895, .F. ) ;
#1727 = DIRECTION ( 'NONE',  ( -0.000000000000000000, 1.000000000000000000, -6.144666340335573524E-16 ) ) ;
#1728 = CARTESIAN_POINT ( 'NONE',  ( -1.587500000000000355, 10.14963065701559408, 3.954629629629628162 ) ) ;
#1729 = CARTESIAN_POINT ( 'NONE',  ( -1.396553427430555550, 9.818901491794177261, 4.968865741704241223 ) ) ;
#1730 = CARTESIAN_POINT ( 'NONE',  ( -3.097366618097384450, 7.263042655518043844, 0.4656795270851173951 ) ) ;
#1731 = DIRECTION ( 'NONE',  ( 0.000000000000000000, 0.9999975559737422914, 0.002210892702554217385 ) ) ;
#1732 =( LENGTH_UNIT ( ) NAMED_UNIT ( * ) SI_UNIT ( .MILLI., .METRE. ) );
#1733 = ORIENTED_EDGE ( 'NONE', *, *, #4230, .F. ) ;
#1734 = CARTESIAN_POINT ( 'NONE',  ( 0.5218227726586230908, 10.54349329338462127, 3.964914585518105383 ) ) ;
#1735 = B_SPLINE_CURVE_WITH_KNOTS ( 'NONE', 3,
 ( #2879, #2448, #434, #4275, #2789, #1141, #2536, #4206, #738, #68, #1100, #1824, #456, #1759, #3174, #47, #3924, #1779, #1469, #2192, #3835, #802, #2123, #1083, #2493, #3536, #759, #1845, #412, #2856, #4253, #1121, #1400, #720, #3153, #3517, #496, #1205, #3281, #3258, #2578, #3645, #1866, #1183, #4337, #569, #132, #1956, #2600, #4297, #2987, #3970, #2212, #912, #1575, #1159, #3601, #2557, #2622, #2897, #112, #869, #1596, #1531, #888 ),
 .UNSPECIFIED., .F., .F.,
 ( 4, 2, 1, 2, 2, 2, 2, 2, 2, 2, 1, 1, 2, 2, 2, 2, 2, 2, 1, 1, 2, 2, 2, 2, 2, 2, 2, 2, 2, 2, 2, 2, 2, 2, 4 ),
 ( 0.4816452362463181647, 0.4847101149128391628, 0.4850932247461542945, 0.4852847796628118604, 0.4854763345794694263, 0.4862425542460997452, 0.4877749935793604941, 0.4939047509124034341, 0.4969696295789248763, 0.4985020689121855697, 0.4992682885788159441, 0.4996513984121311314, 0.4998429533287886972, 0.5000345082454462631, 0.5061642655784905909, 0.5122940229115349187, 0.5153589015780570826, 0.5157420114113724363, 0.5161251212446876790, 0.5168913409113183866, 0.5184237802445795795, 0.5245535375776244624, 0.5306832949106692343, 0.5368130522437141172, 0.5429428095767590001, 0.5460076882432813861, 0.5475401275765425790, 0.5490725669098037720, 0.5552023242428486549, 0.5613320815758934268, 0.5628645209091546198, 0.5643969602424158127, 0.5674618389089381987, 0.5735915962419828595, 0.5797213535750275204 ),
 .UNSPECIFIED. ) ;
#1736 = CARTESIAN_POINT ( 'NONE',  ( 1.012256531611150034, 10.41649682976071922, 6.063525305375435437 ) ) ;
#1737 = CYLINDRICAL_SURFACE ( 'NONE', #889, 2.000000000000000000 ) ;
#1738 = DIRECTION ( 'NONE',  ( -0.000000000000000000, -0.000000000000000000, 1.000000000000000000 ) ) ;
#1739 =( BOUNDED_CURVE ( )  B_SPLINE_CURVE ( 2, ( #3199, #3137, #3560, #3520, #3, #4258, #416 ),
 .UNSPECIFIED., .F., .F. ) 
 B_SPLINE_CURVE_WITH_KNOTS ( ( 3, 2, 2, 3 ),
 ( 0.6134681536459621887, 0.6390293586845958718, 0.6645905330319796800, 0.6901517212675040147 ),
 .UNSPECIFIED. ) 
 CURVE ( )  GEOMETRIC_REPRESENTATION_ITEM ( )  RATIONAL_B_SPLINE_CURVE ( ( 1.000000000000000000, 0.8660254037844387076, 1.000000000000000000, 0.8660254037844387076, 1.000000000000000000, 0.8660254037844387076, 1.000000000000000000 ) ) 
 REPRESENTATION_ITEM ( '' )  );
#1740 = EDGE_CURVE ( 'NONE', #63, #3207, #1238, .T. ) ;
#1741 = CARTESIAN_POINT ( 'NONE',  ( -2.793106854861110655, 7.400000000000001243, 3.675347223185722711 ) ) ;
#1742 = CARTESIAN_POINT ( 'NONE',  ( -2.467718314272764779, 5.402175889545465459, 4.237596094592569251 ) ) ;
#1743 = DIRECTION ( 'NONE',  ( 1.000000000000000000, 0.000000000000000000, 0.000000000000000000 ) ) ;
#1744 = CARTESIAN_POINT ( 'NONE',  ( -1.396553427430553329, 4.981098508205822561, 3.087384260222760357 ) ) ;
#1745 = CARTESIAN_POINT ( 'NONE',  ( -1.396553427430553329, 4.981098508205822561, 5.380439815778315094 ) ) ;
#1746 = ORIENTED_EDGE ( 'NONE', *, *, #199, .T. ) ;
#1747 = CARTESIAN_POINT ( 'NONE',  ( -3.066028831088371653, 7.341727809466538801, 0.4776833347733449031 ) ) ;
#1748 = SPHERICAL_SURFACE ( 'NONE', #2714, 0.2250000000000000611 ) ;
#1749 = AXIS2_PLACEMENT_3D ( 'NONE', #4186, #2515, #2471 ) ;
#1750 = EDGE_LOOP ( 'NONE', ( #1219, #3169, #1390, #96 ) ) ;
#1751 = CARTESIAN_POINT ( 'NONE',  ( -2.160396768106072951, 5.070945226250737292, 4.959456968031696888 ) ) ;
#1752 = AXIS2_PLACEMENT_3D ( 'NONE', #2442, #3850, #1774 ) ;
#1753 = CARTESIAN_POINT ( 'NONE',  ( -1.531415293607089056, 4.618767724540878028, 6.308498074214886842 ) ) ;
#1754 = CARTESIAN_POINT ( 'NONE',  ( -2.009697129126933213, 4.941718368146791995, 3.555346036241188834 ) ) ;
#1755 = VERTEX_POINT ( 'NONE', #4227 ) ;
#1756 = PLANE ( 'NONE',  #4488 ) ;
#1757 = CARTESIAN_POINT ( 'NONE',  ( -2.283382524602426855, 9.608422426548560935, 6.189745904544507127 ) ) ;
#1758 = CARTESIAN_POINT ( 'NONE',  ( -2.000000000000000444, 6.505213034913026604E-16, -0.6000000000000006439 ) ) ;
#1759 = CARTESIAN_POINT ( 'NONE',  ( -3.090546067152332821, 8.163794628228560057, 4.839842388895815972 ) ) ;
#1760 = EDGE_LOOP ( 'NONE', ( #3798, #2754 ) ) ;
#1761 = CARTESIAN_POINT ( 'NONE',  ( -1.583083425952075629, 5.088791653064163256, 3.079531160695162306 ) ) ;
#1762 = VECTOR ( 'NONE', #1601, 1000.000000000000000 ) ;
#1763 = CARTESIAN_POINT ( 'NONE',  ( 1.481486075600376040, 4.591824103607922147, 4.391675420992556589 ) ) ;
#1764 = DIRECTION ( 'NONE',  ( 0.000000000000000000, -1.000000000000000000, 0.000000000000000000 ) ) ;
#1765 = CARTESIAN_POINT ( 'NONE',  ( 5.924599938756993332E-16, 4.174798010941098703, 6.144791667630167709 ) ) ;
#1766 = CARTESIAN_POINT ( 'NONE',  ( -2.793106854861111099, 9.012600994529453402, 5.204050926889427053 ) ) ;
#1767 = CARTESIAN_POINT ( 'NONE',  ( 0.000000000000000000, 7.400000000000001243, 7.214213562373092969 ) ) ;
#1768 = CARTESIAN_POINT ( 'NONE',  ( -3.500000000000000000, 1.300000000000006040, -2.100000000000000533 ) ) ;
#1769 = CARTESIAN_POINT ( 'NONE',  ( 3.099999999999999645, 7.400000000000001243, 0.6999999999999992895 ) ) ;
#1770 = PRODUCT_DEFINITION_SHAPE ( 'NONE', 'NONE',  #2743 ) ;
#1771 = ORIENTED_EDGE ( 'NONE', *, *, #2268, .F. ) ;
#1772 = CARTESIAN_POINT ( 'NONE',  ( -2.946728007685411210, 6.217579545109136241, 4.908276135997346579 ) ) ;
#1773 = CARTESIAN_POINT ( 'NONE',  ( -2.206625990301681384, 5.112952685504020600, 3.546120338141411477 ) ) ;
#1774 = DIRECTION ( 'NONE',  ( 1.000000000000000000, 0.000000000000000000, 0.000000000000000000 ) ) ;
#1775 = VERTEX_POINT ( 'NONE', #410 ) ;
#1776 = CARTESIAN_POINT ( 'NONE',  ( 2.892651303021299025, 8.708936989116944360, 3.854850652411956347 ) ) ;
#1777 = CARTESIAN_POINT ( 'NONE',  ( 2.443659648878792723, 9.443412629792804935, 6.003275463168927573 ) ) ;
#1778 = CARTESIAN_POINT ( 'NONE',  ( 3.099999999999999645, 7.400000000000042100, 0.9619637379485941331 ) ) ;
#1779 = CARTESIAN_POINT ( 'NONE',  ( -2.807416723806265058, 8.885088641216679406, 4.811489477566392559 ) ) ;
#1780 = CARTESIAN_POINT ( 'NONE',  ( 1.999999999999999556, 6.505213034913026604E-16, -0.6000000000000000888 ) ) ;
#1781 = CARTESIAN_POINT ( 'NONE',  ( 1.997807015967759892, 4.920980466560739508, 4.412041724447453461 ) ) ;
#1782 = DIRECTION ( 'NONE',  ( -0.8660254037844413721, 1.060575238724910243E-16, 0.4999999999999952816 ) ) ;
#1783 = CARTESIAN_POINT ( 'NONE',  ( -1.396553427430555550, 9.818901491794177261, 4.439699075037575327 ) ) ;
#1784 = CARTESIAN_POINT ( 'NONE',  ( 2.793106854861110655, 7.400000000000001243, 3.498958334296834227 ) ) ;
#1785 = EDGE_CURVE ( 'NONE', #1005, #601, #3194, .T. ) ;
#1786 = EDGE_LOOP ( 'NONE', ( #981, #3636, #1462, #4452, #1184, #1503, #784, #3095 ) ) ;
#1787 = AXIS2_PLACEMENT_3D ( 'NONE', #3960, #2908, #165 ) ;
#1788 = LINE ( 'NONE', #2457, #3308 ) ;
#1789 = LINE ( 'NONE', #10, #2483 ) ;
#1790 = EDGE_CURVE ( 'NONE', #1645, #3726, #3919, .T. ) ;
#1791 = EDGE_CURVE ( 'NONE', #4244, #3068, #4294, .T. ) ;
#1792 = ORIENTED_EDGE ( 'NONE', *, *, #2082, .F. ) ;
#1793 = EDGE_LOOP ( 'NONE', ( #4077, #467, #1524, #2516 ) ) ;
#1794 = EDGE_CURVE ( 'NONE', #4058, #1775, #810, .T. ) ;
#1795 = EDGE_CURVE ( 'NONE', #1775, #3485, #3309, .T. ) ;
#1796 = CARTESIAN_POINT ( 'NONE',  ( 0.000000000000000000, 7.400000000000001243, 6.599999999999997868 ) ) ;
#1797 = EDGE_LOOP ( 'NONE', ( #313, #794, #3679 ) ) ;
#1798 = CARTESIAN_POINT ( 'NONE',  ( 2.953290022771386081, 6.866435909966469353, 6.415594354495831375 ) ) ;
#1799 = DIRECTION ( 'NONE',  ( 1.000000000000000000, 0.000000000000000000, 0.000000000000000000 ) ) ;
#1800 = CLOSED_SHELL ( 'NONE', ( #3789, #3417, #1928, #4483, #3797, #3299 ) ) ;
#1801 = CARTESIAN_POINT ( 'NONE',  ( 3.174999953048188939, 7.545889146619860099, 5.928984976735917733 ) ) ;
#1802 = DIRECTION ( 'NONE',  ( 1.000000000000000000, 0.000000000000000000, 0.000000000000000000 ) ) ;
#1803 = PLANE ( 'NONE',  #4527 ) ;
#1804 = ORIENTED_EDGE ( 'NONE', *, *, #2990, .T. ) ;
#1805 = CARTESIAN_POINT ( 'NONE',  ( -1.587499999999997691, 4.650369342984407517, 4.278009261186261014 ) ) ;
#1806 = CARTESIAN_POINT ( 'NONE',  ( -3.127886879981470081, 6.854365277828958547, 4.178784151666248725 ) ) ;
#1807 = AXIS2_PLACEMENT_3D ( 'NONE', #998, #3770, #2019 ) ;
#1808 = CARTESIAN_POINT ( 'NONE',  ( 0.000000000000000000, 6.505213034913026604E-16, 0.000000000000000000 ) ) ;
#1809 = CARTESIAN_POINT ( 'NONE',  ( -2.793106854861110655, 7.400000000000001243, 3.851736112074612084 ) ) ;
#1810 = CARTESIAN_POINT ( 'NONE',  ( -2.793106854861110655, 7.400000000000001243, 5.262847223185723067 ) ) ;
#1811 = ORIENTED_EDGE ( 'NONE', *, *, #3802, .T. ) ;
#1812 = CARTESIAN_POINT ( 'NONE',  ( -3.097349427132620292, 7.537128740111183944, 0.4660754455968300070 ) ) ;
#1813 = FACE_OUTER_BOUND ( 'NONE', #1153, .T. ) ;
#1814 = ORIENTED_EDGE ( 'NONE', *, *, #3315, .F. ) ;
#1815 = VERTEX_POINT ( 'NONE', #666 ) ;
#1816 = CIRCLE ( 'NONE', #2112, 0.6399999999999999023 ) ;
#1817 = CARTESIAN_POINT ( 'NONE',  ( -3.499999999999999112, 6.505213034913026604E-16, -2.100000000000000533 ) ) ;
#1818 = EDGE_CURVE ( 'NONE', #1630, #4108, #3909, .T. ) ;
#1819 = ORIENTED_EDGE ( 'NONE', *, *, #4224, .T. ) ;
#1820 = CARTESIAN_POINT ( 'NONE',  ( 1.748308824082791313, 4.865325446800809139, 6.370354931970460655 ) ) ;
#1821 = CARTESIAN_POINT ( 'NONE',  ( 3.174999999994322586, 7.399993995754222453, 5.218749809341080237 ) ) ;
#1822 = CARTESIAN_POINT ( 'NONE',  ( -3.174999999999999822, 9.233087104677062840, 4.013425925925924176 ) ) ;
#1823 = CARTESIAN_POINT ( 'NONE',  ( 2.000000000000000000, 6.505213034913026604E-16, -6.100000000000000533 ) ) ;
#1824 = CARTESIAN_POINT ( 'NONE',  ( -3.143127107747366367, 7.849670296042949857, 4.851024321628663039 ) ) ;
#1825 = CARTESIAN_POINT ( 'NONE',  ( 6.734652765903158157E-16, 3.733825790645878051, 3.631250001927002646 ) ) ;
#1826 = CARTESIAN_POINT ( 'NONE',  ( -1.974019159200240292, 9.886741379146965158, 3.352858483772101383 ) ) ;
#1827 = DIRECTION ( 'NONE',  ( 1.000000000000000000, 0.000000000000000000, 0.000000000000000000 ) ) ;
#1828 = CARTESIAN_POINT ( 'NONE',  ( 2.793106854861110655, 7.400000000000001243, 3.498958334296834227 ) ) ;
#1829 = CARTESIAN_POINT ( 'NONE',  ( 1.396553427430556660, 4.981098508205824338, 3.381365741704241312 ) ) ;
#1830 = CARTESIAN_POINT ( 'NONE',  ( -2.496861765303779457, 9.361200225606889802, 3.291382575290939805 ) ) ;
#1831 = CARTESIAN_POINT ( 'NONE',  ( 2.677723942278491087, 6.093126795336555546, 3.171545004371342902 ) ) ;
#1832 = CARTESIAN_POINT ( 'NONE',  ( 3.174999999999698730, 7.399998617441835513, 5.836111066766338951 ) ) ;
#1833 = CARTESIAN_POINT ( 'NONE',  ( 0.000000000000000000, 0.1500000000000021316, -4.099999999999997868 ) ) ;
#1834 = CIRCLE ( 'NONE', #153, 2.500000000000000444 ) ;
#1835 = EDGE_CURVE ( 'NONE', #70, #1339, #2078, .T. ) ;
#1836 = AXIS2_PLACEMENT_3D ( 'NONE', #2768, #4168, #1827 ) ;
#1837 = VERTEX_POINT ( 'NONE', #2781 ) ;
#1838 = ORIENTED_EDGE ( 'NONE', *, *, #4451, .T. ) ;
#1839 = DIRECTION ( 'NONE',  ( -0.000000000000000000, -1.000000000000000000, -0.000000000000000000 ) ) ;
#1840 = CARTESIAN_POINT ( 'NONE',  ( 2.878987691301478691, 8.738990289194061845, 3.856065557758868056 ) ) ;
#1841 = CARTESIAN_POINT ( 'NONE',  ( 3.091470268473096361, 7.164961905473322012, 0.5629117156938615585 ) ) ;
#1842 = DIRECTION ( 'NONE',  ( 0.000000000000000000, 0.000000000000000000, -1.000000000000000000 ) ) ;
#1843 = FACE_OUTER_BOUND ( 'NONE', #2140, .T. ) ;
#1844 = EDGE_CURVE ( 'NONE', #2778, #424, #404, .T. ) ;
#1845 = CARTESIAN_POINT ( 'NONE',  ( -1.931171968481990353, 9.928385391032220397, 4.762166557039908987 ) ) ;
#1846 = ADVANCED_FACE ( 'NONE', ( #2029 ), #3471, .F. ) ;
#1847 = ORIENTED_EDGE ( 'NONE', *, *, #426, .T. ) ;
#1848 = CARTESIAN_POINT ( 'NONE',  ( 3.174999999999998934, 9.233087104677062840, 5.983101853778854284 ) ) ;
#1849 = CARTESIAN_POINT ( 'NONE',  ( -3.099999999999999645, 7.400000000000042100, 0.4380362620514043903 ) ) ;
#1850 = DIRECTION ( 'NONE',  ( 0.000000000000000000, 0.000000000000000000, -1.000000000000000000 ) ) ;
#1851 = CARTESIAN_POINT ( 'NONE',  ( 1.396553427430556660, 4.981098508205824338, 5.498032408370908009 ) ) ;
#1852 = CARTESIAN_POINT ( 'NONE',  ( 2.793106854861110655, 9.012600994529453402, 2.852199075037574971 ) ) ;
#1853 = ORIENTED_EDGE ( 'NONE', *, *, #4390, .T. ) ;
#1854 = CARTESIAN_POINT ( 'NONE',  ( 2.691355163826196772, 8.871182733271027132, 3.224854722211221159 ) ) ;
#1855 = FACE_OUTER_BOUND ( 'NONE', #4433, .T. ) ;
#1856 = CARTESIAN_POINT ( 'NONE',  ( 3.093717676011614071, 7.604048792916612953, 0.5826184810321766161 ) ) ;
#1857 = CIRCLE ( 'NONE', #471, 3.500000000000003109 ) ;
#1858 = B_SPLINE_CURVE_WITH_KNOTS ( 'NONE', 3,
 ( #3397, #3671, #2733, #3734, #3710, #2321, #3689, #2371, #1616, #2689, #590, #4479, #249, #2279, #1980, #887, #1662, #3374, #201, #1637, #3007, #2347, #911, #294, #546, #3029, #4432, #1273, #640, #1249, #4039, #3052, #568, #271, #616, #4061, #1295, #2005, #4455, #1346, #958, #2666, #4087, #2298, #1320, #2642, #2712, #3349, #4111, #1955, #934, #978, #1595, #1934, #224, #3328, #3758, #2986, #4406, #2030, #3421, #1685, #4382, #3077, #3849, #733, #690, #343, #712, #1094, #2054, #2486, #405, #3103, #1008, #3446, #2080, #4525, #1754, #4157, #1773, #4502, #2141, #2419, #3510, #3806, #2394, #1033, #2464, #1459, #2803, #16, #2782, #4180, #3167, #320, #1711 ),
 .UNSPECIFIED., .F., .F.,
 ( 4, 2, 2, 2, 2, 2, 1, 2, 2, 2, 2, 2, 2, 1, 1, 1, 2, 1, 2, 2, 1, 2, 2, 2, 1, 2, 2, 2, 2, 2, 2, 2, 1, 2, 2, 2, 2, 2, 1, 1, 2, 1, 2, 2, 2, 2, 2, 2, 1, 2, 2, 1, 2, 2, 4 ),
 ( 0.7758703264114936715, 0.7820001852067149928, 0.7881300440019364251, 0.7896625087007417276, 0.7898540667880924460, 0.7900456248754430533, 0.7904287410501444899, 0.7911949733995471412, 0.7942599027971579684, 0.8003897615923795117, 0.8034546909899902278, 0.8038378071646915535, 0.8040293652520422718, 0.8042209233393928791, 0.8049871556887955304, 0.8065196203876008330, 0.8095845497852114381, 0.8103507821346140894, 0.8107338983093154150, 0.8109254563966661333, 0.8111170144840167406, 0.8126494791828219322, 0.8157144085804323153, 0.8172468732792375068, 0.8176299894539388324, 0.8178215475412895508, 0.8180131056286401581, 0.8187793379780428094, 0.8249091967732634645, 0.8310390555684842306, 0.8318052879178867709, 0.8321884040925880965, 0.8325715202672894222, 0.8341039849660946137, 0.8371689143637049968, 0.8387013790625101883, 0.8388929371498607956, 0.8390844952372114030, 0.8394676114119127286, 0.8402338437613152688, 0.8432987731589256519, 0.8448312378577307324, 0.8455974702071333837, 0.8459805863818345983, 0.8463637025565359240, 0.8494286319541464181, 0.8555584907493674063, 0.8586234201469779004, 0.8593896524963805517, 0.8597727686710818773, 0.8599643267584324846, 0.8601558848457830919, 0.8616883495445883945, 0.8678182083398094937, 0.8739480671350305929 ),
 .UNSPECIFIED. ) ;
#1859 = ORIENTED_EDGE ( 'NONE', *, *, #2210, .T. ) ;
#1860 = VERTEX_POINT ( 'NONE', #4132 ) ;
#1861 = DIRECTION ( 'NONE',  ( 0.000000000000000000, 0.000000000000000000, -1.000000000000000000 ) ) ;
#1862 = DIRECTION ( 'NONE',  ( 1.000000000000000000, 0.000000000000000000, 0.000000000000000000 ) ) ;
#1863 = DIRECTION ( 'NONE',  ( 1.000000000000000000, 0.000000000000000000, -0.000000000000000000 ) ) ;
#1864 = CARTESIAN_POINT ( 'NONE',  ( -2.244884255301052719E-16, 11.06617420935412355, 3.895833333333331705 ) ) ;
#1865 = LINE ( 'NONE', #2940, #2061 ) ;
#1866 = CARTESIAN_POINT ( 'NONE',  ( 0.9484941920094238643, 10.43842363826113662, 4.654585453745126777 ) ) ;
#1867 = CARTESIAN_POINT ( 'NONE',  ( -3.174999999999999822, 9.233087104677062840, 5.512731483408483513 ) ) ;
#1868 = CARTESIAN_POINT ( 'NONE',  ( -2.127851799340136907, 9.757353395732900836, 3.359916465678386199 ) ) ;
#1869 = PRESENTATION_STYLE_ASSIGNMENT (( #897 ) ) ;
#1870 = CARTESIAN_POINT ( 'NONE',  ( 2.774752793762949477, 5.855385747772337446, 5.867352016101431644 ) ) ;
#1871 = EDGE_CURVE ( 'NONE', #4317, #70, #360, .T. ) ;
#1872 = CARTESIAN_POINT ( 'NONE',  ( 1.065552622454871923, 4.693962499004075362, 3.130278565848601868 ) ) ;
#1873 = DIRECTION ( 'NONE',  ( -0.000000000000000000, -0.000000000000000000, 1.000000000000000000 ) ) ;
#1874 = DIRECTION ( 'NONE',  ( 0.000000000000000000, 0.000000000000000000, -1.000000000000000000 ) ) ;
#1875 =( BOUNDED_CURVE ( )  B_SPLINE_CURVE ( 2, ( #3143, #2755, #4155, #709, #1343, #3804, #318, #4177, #3847, #3509, #2779, #1006, #2077, #13, #1683, #730, #1708, #975, #3825, #688, #4109, #2730, #2367, #1413, #3756, #638, #1030, #3469, #1729, #4131, #3122, #3498, #332, #3432, #2813, #2474, #3766, #2450, #3790, #23, #2088, #4207, #740, #4143, #2126, #1084, #3836, #3858, #3518, #351, #1741, #3134, #650, #1423, #1697, #391, #2835, #3457, #1018, #4513, #1, #1761, #2403 ),
 .UNSPECIFIED., .F., .F. ) 
 B_SPLINE_CURVE_WITH_KNOTS ( ( 3, 2, 2, 2, 2, 2, 2, 2, 2, 2, 2, 2, 2, 2, 2, 2, 2, 2, 2, 2, 2, 2, 2, 2, 2, 2, 2, 2, 2, 2, 2, 3 ),
 ( 0.1462297759080511683, 0.1533670565273621000, 0.1789282326152548674, 0.2044894087031476071, 0.2300505847910403467, 0.2556117608789331141, 0.2811729369668258816, 0.3067341130547185934, 0.3322952891426113609, 0.3578564652305040727, 0.3834176413183968957, 0.4089788174062896076, 0.4345399934941823750, 0.4601011695820751424, 0.4856623456699679098, 0.5112235217578606772, 0.5367846978457534446, 0.5623458739336462120, 0.5879070500215388684, 0.6134682261094316358, 0.6390294021973244032, 0.6645905782852171706, 0.6901517543731099380, 0.7157129304610025944, 0.7412741065488953618, 0.7668352826367881292, 0.7923964587246810076, 0.8179576348125735530, 0.8435188109004663204, 0.8690799869883591988, 0.8946411630762519662, 0.8985035801809101441 ),
 .UNSPECIFIED. ) 
 CURVE ( )  GEOMETRIC_REPRESENTATION_ITEM ( )  RATIONAL_B_SPLINE_CURVE ( ( 0.9460731538874267432, 0.9625911465982094350, 1.000000000000000000, 0.8660254037844387076, 1.000000000000000000, 0.8660254037844387076, 1.000000000000000000, 0.8660254037844387076, 1.000000000000000000, 0.8660254037844387076, 1.000000000000000000, 0.8660254037844387076, 1.000000000000000000, 0.8660254037844387076, 1.000000000000000000, 0.8660254037844387076, 1.000000000000000000, 0.8660254037844387076, 1.000000000000000000, 0.8660254037844387076, 1.000000000000000000, 0.8660254037844387076, 1.000000000000000000, 0.8660254037844387076, 1.000000000000000000, 0.8660254037844387076, 1.000000000000000000, 0.8660254037844387076, 1.000000000000000000, 0.8660254037844387076, 1.000000000000000000, 0.8660254037844387076, 1.000000000000000000, 0.8660254037844387076, 1.000000000000000000, 0.8660254037844387076, 1.000000000000000000, 0.8660254037844387076, 1.000000000000000000, 0.8660254037844387076, 1.000000000000000000, 0.8660254037844387076, 1.000000000000000000, 0.8660254037844387076, 1.000000000000000000, 0.8660254037844387076, 1.000000000000000000, 0.8660254037844387076, 1.000000000000000000, 0.8660254037844387076, 1.000000000000000000, 0.8660254037844387076, 1.000000000000000000, 0.8660254037844387076, 1.000000000000000000, 0.8660254037844387076, 1.000000000000000000, 0.8660254037844387076, 1.000000000000000000, 0.8660254037844387076, 1.000000000000000000, 0.9797557917431756191, 0.9656295786812951754 ) ) 
 REPRESENTATION_ITEM ( '' )  );
#1876 = EDGE_LOOP ( 'NONE', ( #457, #1152 ) ) ;
#1877 = VERTEX_POINT ( 'NONE', #1753 ) ;
#1878 = CARTESIAN_POINT ( 'NONE',  ( 3.127262145919315284, 7.956261717130121980, 5.237289124100188431 ) ) ;
#1879 =( LENGTH_UNIT ( ) NAMED_UNIT ( * ) SI_UNIT ( .MILLI., .METRE. ) );
#1880 = AXIS2_PLACEMENT_3D ( 'NONE', #1260, #966, #1672 ) ;
#1881 = PLANE ( 'NONE',  #1998 ) ;
#1882 = DIRECTION ( 'NONE',  ( 1.000000000000000000, 0.000000000000000000, 0.000000000000000000 ) ) ;
#1883 = CARTESIAN_POINT ( 'NONE',  ( -2.340160642220640241, 10.55329096034102321, -0.6000000000000005329 ) ) ;
#1884 = DIRECTION ( 'NONE',  ( 0.000000000000000000, 0.000000000000000000, 1.000000000000000000 ) ) ;
#1885 = CARTESIAN_POINT ( 'NONE',  ( 3.091834717522270459, 7.172306082877321742, 0.6994950523095867512 ) ) ;
#1886 = AXIS2_PLACEMENT_3D ( 'NONE', #2395, #713, #2783 ) ;
#1887 = EDGE_CURVE ( 'NONE', #4108, #1435, #4348, .T. ) ;
#1888 = CARTESIAN_POINT ( 'NONE',  ( -3.093877240382578275, 8.115078748448143031, 4.135974123296387361 ) ) ;
#1889 = CARTESIAN_POINT ( 'NONE',  ( 1.587500000000001465, 4.650369342984409293, 5.806712964889965356 ) ) ;
#1890 = UNCERTAINTY_MEASURE_WITH_UNIT (LENGTH_MEASURE( 1.000000000000000082E-05 ), #1643, 'distance_accuracy_value', 'NONE');
#1891 = CARTESIAN_POINT ( 'NONE',  ( -2.053991471829442084, 9.821322956925419234, 3.356460407954958036 ) ) ;
#1892 = FACE_OUTER_BOUND ( 'NONE', #2720, .T. ) ;
#1893 = CARTESIAN_POINT ( 'NONE',  ( 3.103333816517172217, 6.701842671086380321, 5.900456759605668289 ) ) ;
#1894 = ORIENTED_EDGE ( 'NONE', *, *, #3324, .T. ) ;
#1895 = EDGE_CURVE ( 'NONE', #1566, #3424, #2064, .T. ) ;
#1896 = CARTESIAN_POINT ( 'NONE',  ( 3.099999999999999645, 7.400000000000001243, 9.859920353756539413 ) ) ;
#1897 = DIRECTION ( 'NONE',  ( 0.000000000000000000, -0.7071067811865460184, -0.7071067811865489050 ) ) ;
#1898 = DIRECTION ( 'NONE',  ( -0.000000000000000000, -1.000000000000000000, -4.396451289603110513E-16 ) ) ;
#1899 = DIRECTION ( 'NONE',  ( 1.000000000000000000, 0.000000000000000000, 0.000000000000000000 ) ) ;
#1900 = CARTESIAN_POINT ( 'NONE',  ( 3.500000000000000000, 6.505213034913026604E-16, -7.599999999999997868 ) ) ;
#1901 = EDGE_CURVE ( 'NONE', #540, #1029, #1356, .T. ) ;
#1902 = VERTEX_POINT ( 'NONE', #3489 ) ;
#1903 = VERTEX_POINT ( 'NONE', #976 ) ;
#1904 = CARTESIAN_POINT ( 'NONE',  ( 3.011805289778003658, 8.410366014730772832, 5.254416470041487486 ) ) ;
#1905 = VECTOR ( 'NONE', #2447, 1000.000000000000000 ) ;
#1906 =( BOUNDED_CURVE ( )  B_SPLINE_CURVE ( 2, ( #791, #857, #3935, #162, #1559, #2200, #2951 ),
 .UNSPECIFIED., .F., .T. ) 
 B_SPLINE_CURVE_WITH_KNOTS ( ( 3, 2, 2, 3 ),
 ( 0.4601011693976925776, 0.4856623126002926893, 0.5112234869476764976, 0.5367846958211893726 ),
 .UNSPECIFIED. ) 
 CURVE ( )  GEOMETRIC_REPRESENTATION_ITEM ( )  RATIONAL_B_SPLINE_CURVE ( ( 1.000000000000000000, 0.8660254037844387076, 1.000000000000000000, 0.8660254037844387076, 1.000000000000000000, 0.8660254037844387076, 1.000000000000000000 ) ) 
 REPRESENTATION_ITEM ( '' )  );
#1907 = AXIS2_PLACEMENT_3D ( 'NONE', #787, #2837, #1743 ) ;
#1908 = CARTESIAN_POINT ( 'NONE',  ( 6.734652765903158157E-16, 3.733825790645878051, 3.543055555555553848 ) ) ;
#1909 = CARTESIAN_POINT ( 'NONE',  ( 2.072254168145734710, 4.992903286996193124, 5.121187825414934558 ) ) ;
#1910 = CARTESIAN_POINT ( 'NONE',  ( -1.974866646252331029E-16, 10.62520198905890290, 4.380902778741278425 ) ) ;
#1911 = CARTESIAN_POINT ( 'NONE',  ( -0.5000000000000002220, 7.400000000000001243, 0.7999999999999977129 ) ) ;
#1912 = CARTESIAN_POINT ( 'NONE',  ( 0.000000000000000000, 7.400000000000001243, 9.859920353756539413 ) ) ;
#1913 = ORIENTED_EDGE ( 'NONE', *, *, #62, .T. ) ;
#1914 = CARTESIAN_POINT ( 'NONE',  ( -3.056639957652750539, 7.620781940094322415, 0.6995084149797298201 ) ) ;
#1915 = CARTESIAN_POINT ( 'NONE',  ( -1.974866646252330782E-16, 10.62520198905890290, 6.321180556519056637 ) ) ;
#1916 = CARTESIAN_POINT ( 'NONE',  ( 3.088786819479643508, 7.663431174709493199, 0.7005789779126440076 ) ) ;
#1917 = FILL_AREA_STYLE ('',( #830 ) ) ;
#1918 = CARTESIAN_POINT ( 'NONE',  ( 3.051105667234530916, 6.488816080498108541, 5.892676785345918766 ) ) ;
#1919 = ORIENTED_EDGE ( 'NONE', *, *, #984, .T. ) ;
#1920 = FACE_OUTER_BOUND ( 'NONE', #2443, .T. ) ;
#1921 = AXIS2_PLACEMENT_3D ( 'NONE', #2936, #2208, #1862 ) ;
#1922 = CARTESIAN_POINT ( 'NONE',  ( 0.000000000000000000, 7.400000000000001243, -0.5999999999999998668 ) ) ;
#1923 = CARTESIAN_POINT ( 'NONE',  ( -3.091834717522270459, 7.172306082877321742, 0.7005049476904121608 ) ) ;
#1924 = CARTESIAN_POINT ( 'NONE',  ( 3.088786819479643508, 7.663431174709492311, 0.7005789779127609140 ) ) ;
#1925 = CARTESIAN_POINT ( 'NONE',  ( -3.093731498775170063, 7.196016348260230622, 0.8178678511838555210 ) ) ;
#1926 = ORIENTED_EDGE ( 'NONE', *, *, #89, .T. ) ;
#1927 = VERTEX_POINT ( 'NONE', #3145 ) ;
#1928 = ADVANCED_FACE ( 'NONE', ( #444 ), #3613, .T. ) ;
#1929 = CARTESIAN_POINT ( 'NONE',  ( 3.500000000000000000, 3.800000000000001155, -0.6000000000000006439 ) ) ;
#1930 = PRODUCT_DEFINITION ( 'UNKNOWN', '', #2773, #1454 ) ;
#1931 = EDGE_CURVE ( 'NONE', #2531, #3306, #2590, .T. ) ;
#1932 = CARTESIAN_POINT ( 'NONE',  ( 2.906799166178369198, 6.121243366090074467, 5.172759013264093042 ) ) ;
#1933 = CARTESIAN_POINT ( 'NONE',  ( 2.793106854861111099, 5.787399005470551749, 6.262384260222760624 ) ) ;
#1934 = CARTESIAN_POINT ( 'NONE',  ( -0.6831433410983847043, 4.299251562731349452, 3.605994237305160333 ) ) ;
#1935 = CARTESIAN_POINT ( 'NONE',  ( 3.058892994118863395, 7.596828579356573741, 0.8163732027622025988 ) ) ;
#1936 = CARTESIAN_POINT ( 'NONE',  ( -3.500000000000000000, 10.27233507433394522, -7.600000000000052935 ) ) ;
#1937 = CARTESIAN_POINT ( 'NONE',  ( -1.396553427430555550, 9.818901491794177261, 4.968865741704241223 ) ) ;
#1938 = CARTESIAN_POINT ( 'NONE',  ( 3.500000000000000000, 10.27233507433394522, -7.600000000000052935 ) ) ;
#1939 = DIRECTION ( 'NONE',  ( 1.000000000000000000, 0.000000000000000000, 0.000000000000000000 ) ) ;
#1940 = CARTESIAN_POINT ( 'NONE',  ( 1.023872248119315653, 4.387554386691395969, 5.785533512271324952 ) ) ;
#1941 = ORIENTED_EDGE ( 'NONE', *, *, #1518, .T. ) ;
#1942 = PLANE ( 'NONE',  #4410 ) ;
#1943 = CARTESIAN_POINT ( 'NONE',  ( 0.000000000000000000, 7.400000000000001243, 0.7999999999999977129 ) ) ;
#1944 = CARTESIAN_POINT ( 'NONE',  ( 2.793106854861110655, 9.012600994529453402, 6.909143519482019435 ) ) ;
#1945 = CARTESIAN_POINT ( 'NONE',  ( 2.500000000000001776, 7.400000000000001243, 5.799999999999998046 ) ) ;
#1946 = LINE ( 'NONE', #1564, #2133 ) ;
#1947 = EDGE_CURVE ( 'NONE', #795, #3570, #1432, .T. ) ;
#1948 = ORIENTED_EDGE ( 'NONE', *, *, #1179, .F. ) ;
#1949 = EDGE_LOOP ( 'NONE', ( #4330, #3273, #1847, #2307 ) ) ;
#1950 = CARTESIAN_POINT ( 'NONE',  ( -3.500000000000000000, 10.80000000000000249, -3.514935753498431126 ) ) ;
#1951 = AXIS2_PLACEMENT_3D ( 'NONE', #542, #1839, #1861 ) ;
#1952 = CARTESIAN_POINT ( 'NONE',  ( 3.043212327503004744, 6.462434486991232241, 5.186176731696070519 ) ) ;
#1953 = EDGE_CURVE ( 'NONE', #4309, #3940, #3978, .T. ) ;
#1954 = CARTESIAN_POINT ( 'NONE',  ( -2.793106854861110655, 9.012600994529453402, 4.498495371333871340 ) ) ;
#1955 = CARTESIAN_POINT ( 'NONE',  ( 0.2114999570516315208, 4.224982316002675375, 3.639248778784648142 ) ) ;
#1956 = CARTESIAN_POINT ( 'NONE',  ( 1.584157747991501219, 10.15183662584756696, 4.630919743070633920 ) ) ;
#1957 = ORIENTED_EDGE ( 'NONE', *, *, #119, .F. ) ;
#1958 = DIRECTION ( 'NONE',  ( 0.000000000000000000, -1.000000000000000000, -0.000000000000000000 ) ) ;
#1959 = CARTESIAN_POINT ( 'NONE',  ( 2.793106854861110655, 7.400000000000001243, 6.144791667630167709 ) ) ;
#1960 = CARTESIAN_POINT ( 'NONE',  ( -3.143285775801308635, 7.847785063283086338, 6.262161824767294327 ) ) ;
#1961 = FACE_OUTER_BOUND ( 'NONE', #3530, .T. ) ;
#1962 = AXIS2_PLACEMENT_3D ( 'NONE', #617, #2006, #1686 ) ;
#1963 = CARTESIAN_POINT ( 'NONE',  ( 1.725068937602893815, 4.734510355180185037, 5.811960462934664839 ) ) ;
#1964 = AXIS2_PLACEMENT_3D ( 'NONE', #2573, #1651, #4399 ) ;
#1965 = EDGE_LOOP ( 'NONE', ( #1804, #2485, #2889, #1259 ) ) ;
#1966 = DIRECTION ( 'NONE',  ( 0.000000000000000000, 1.000000000000000000, 0.000000000000000000 ) ) ;
#1967 = DIRECTION ( 'NONE',  ( -0.000000000000000000, -0.000000000000000000, 1.000000000000000000 ) ) ;
#1968 = CARTESIAN_POINT ( 'NONE',  ( -3.088786820535882605, 7.136568837675119070, 0.7005845338075078477 ) ) ;
#1969 = CARTESIAN_POINT ( 'NONE',  ( -3.144265565752349278, 7.841923584765618571, 5.556882500735874864 ) ) ;
#1970 = LINE ( 'NONE', #2848, #2930 ) ;
#1971 = DIRECTION ( 'NONE',  ( 0.000000000000000000, 0.000000000000000000, 1.000000000000000000 ) ) ;
#1972 = ORIENTED_EDGE ( 'NONE', *, *, #3326, .T. ) ;
#1973 = ORIENTED_EDGE ( 'NONE', *, *, #4325, .T. ) ;
#1974 = CARTESIAN_POINT ( 'NONE',  ( 3.500000000000000000, 10.80000000000000249, -0.6000000000000006439 ) ) ;
#1975 = AXIS2_PLACEMENT_3D ( 'NONE', #4441, #2722, #3408 ) ;
#1976 = ORIENTED_EDGE ( 'NONE', *, *, #686, .T. ) ;
#1977 = CARTESIAN_POINT ( 'NONE',  ( 1.455221046347525693, 4.577680498931929520, 5.096028861914020602 ) ) ;
#1978 = CIRCLE ( 'NONE', #3953, 3.099999999999999645 ) ;
#1979 = CARTESIAN_POINT ( 'NONE',  ( -1.396553427430553329, 4.981098508205822561, 3.263773149111649285 ) ) ;
#1980 = CARTESIAN_POINT ( 'NONE',  ( 2.700138883197226392, 5.723157548843074593, 3.745108969546171895 ) ) ;
#1981 = CARTESIAN_POINT ( 'NONE',  ( -0.5000000000000002220, 7.400000000000001243, 0.7999999999999977129 ) ) ;
#1982 = AXIS2_PLACEMENT_3D ( 'NONE', #111, #2896, #4296 ) ;
#1983 = CARTESIAN_POINT ( 'NONE',  ( -3.169667763778432956, 7.584022942964945280, 4.154415296927635559 ) ) ;
#1984 = CARTESIAN_POINT ( 'NONE',  ( 2.793106854861110655, 9.012600994529453402, 5.498032408370908009 ) ) ;
#1985 = ADVANCED_FACE ( 'NONE', ( #2613 ), #805, .T. ) ;
#1986 = CARTESIAN_POINT ( 'NONE',  ( -3.174999999999175149, 7.399998437170397736, 6.188939422280884450 ) ) ;
#1987 = CARTESIAN_POINT ( 'NONE',  ( -3.500000000000000000, 10.80000000000000071, -4.099999999999997868 ) ) ;
#1988 = APPLICATION_CONTEXT ( 'automotive_design' ) ;
#1989 = ORIENTED_EDGE ( 'NONE', *, *, #1835, .T. ) ;
#1990 = LINE ( 'NONE', #3680, #3423 ) ;
#1991 = DIRECTION ( 'NONE',  ( -0.000000000000000000, -0.000000000000000000, 1.000000000000000000 ) ) ;
#1992 = CARTESIAN_POINT ( 'NONE',  ( -2.793106854861110211, 5.787399005470547309, 4.439699075037574438 ) ) ;
#1993 = CARTESIAN_POINT ( 'NONE',  ( -1.976043462300413944, 9.886950308467076454, 5.469671914500334964 ) ) ;
#1994 = CARTESIAN_POINT ( 'NONE',  ( 0.7854937902257719262, 10.14676227626879879, 6.497020447662730902 ) ) ;
#1995 = PRODUCT_CONTEXT ( 'NONE', #1988, 'mechanical' ) ;
#1996 = ORIENTED_EDGE ( 'NONE', *, *, #821, .T. ) ;
#1997 = ORIENTED_EDGE ( 'NONE', *, *, #3287, .F. ) ;
#1998 = AXIS2_PLACEMENT_3D ( 'NONE', #3618, #1527, #2914 ) ;
#1999 = DIRECTION ( 'NONE',  ( -0.000000000000000000, -1.000000000000000000, -0.000000000000000000 ) ) ;
#2000 = CARTESIAN_POINT ( 'NONE',  ( -1.587500000000000355, 10.14963065701559408, 5.365740740740738701 ) ) ;
#2001 = VERTEX_POINT ( 'NONE', #488 ) ;
#2002 = CARTESIAN_POINT ( 'NONE',  ( 3.164066132786534258, 7.070142802032831852, 5.207910543963716776 ) ) ;
#2003 = CIRCLE ( 'NONE', #1199, 2.500000000000000444 ) ;
#2004 = CARTESIAN_POINT ( 'NONE',  ( 1.396553427430556660, 4.981098508205824338, 4.792476852815352295 ) ) ;
#2005 = CARTESIAN_POINT ( 'NONE',  ( 1.201252118713174166, 4.459890535259327216, 3.675840791928044915 ) ) ;
#2006 = DIRECTION ( 'NONE',  ( 0.000000000000000000, -1.000000000000000000, 0.000000000000000000 ) ) ;
#2007 = VECTOR ( 'NONE', #4409, 1000.000000000000000 ) ;
#2008 = ORIENTED_EDGE ( 'NONE', *, *, #2962, .T. ) ;
#2009 = CARTESIAN_POINT ( 'NONE',  ( -0.03582140566731045056, 10.57934636317173194, 3.985407442188295235 ) ) ;
#2010 = EDGE_CURVE ( 'NONE', #424, #2778, #3193, .T. ) ;
#2011 = VECTOR ( 'NONE', #474, 1000.000000000000000 ) ;
#2012 = CARTESIAN_POINT ( 'NONE',  ( 2.793106854861110655, 9.012600994529453402, 4.086921297259796582 ) ) ;
#2013 = CARTESIAN_POINT ( 'NONE',  ( -1.415056659101717296, 10.24232089618404551, 3.330836799227317346 ) ) ;
#2014 = CARTESIAN_POINT ( 'NONE',  ( -2.639991577994734939, 5.635703151924069232, 5.638041921328484918 ) ) ;
#2015 = EDGE_LOOP ( 'NONE', ( #3910, #3388, #818, #4130 ) ) ;
#2016 = FACE_OUTER_BOUND ( 'NONE', #4339, .T. ) ;
#2017 = CARTESIAN_POINT ( 'NONE',  ( -2.500000000000000444, 7.400000000000001243, 7.599999999999997868 ) ) ;
#2018 = CARTESIAN_POINT ( 'NONE',  ( 5.924599938756993332E-16, 4.174798010941098703, 3.851736112074612084 ) ) ;
#2020 = ADVANCED_FACE ( 'NONE', ( #537 ), #4373, .T. ) ;
#2019 = DIRECTION ( 'NONE',  ( -1.000000000000000000, 0.000000000000000000, -0.000000000000000000 ) ) ;
#2021 = CARTESIAN_POINT ( 'NONE',  ( 0.9995300052743046892, 10.08451427674867951, 6.492658602578743832 ) ) ;
#2022 = ORIENTED_EDGE ( 'NONE', *, *, #3597, .T. ) ;
#2023 = CIRCLE ( 'NONE', #4212, 0.5000000000000004441 ) ;
#2024 = CARTESIAN_POINT ( 'NONE',  ( 0.000000000000000000, 7.400000000000001243, 0.7999999999999977129 ) ) ;
#2025 = CARTESIAN_POINT ( 'NONE',  ( -3.174999999999998934, 5.566912895322936983, 5.542129629629627630 ) ) ;
#2026 = EDGE_LOOP ( 'NONE', ( #1243, #637, #2415, #4003 ) ) ;
#2027 = CARTESIAN_POINT ( 'NONE',  ( -1.913455949569118353, 4.864177731767719948, 4.970667006311328961 ) ) ;
#2028 = AXIS2_PLACEMENT_3D ( 'NONE', #2634, #3294, #123 ) ;
#2029 = FACE_OUTER_BOUND ( 'NONE', #2507, .T. ) ;
#2030 = CARTESIAN_POINT ( 'NONE',  ( -0.9872233855707736039, 4.380927667676523640, 3.594567051985303685 ) ) ;
#2031 = CARTESIAN_POINT ( 'NONE',  ( -3.174999999998853628, 7.399998167948743877, 4.777837324121796847 ) ) ;
#2032 = VERTEX_POINT ( 'NONE', #1170 ) ;
#2033 = CARTESIAN_POINT ( 'NONE',  ( -2.625079798098029382, 9.185957273454567584, 4.092948343718333604 ) ) ;
#2034 = CARTESIAN_POINT ( 'NONE',  ( -2.793106854861111099, 9.012600994529453402, 3.616550926889426254 ) ) ;
#2035 = CARTESIAN_POINT ( 'NONE',  ( -1.311790976239519013, 10.29136608580834356, 6.149310166352636386 ) ) ;
#2036 = CARTESIAN_POINT ( 'NONE',  ( -1.033915118967767555, 9.999096318235487502, 6.528924224206843263 ) ) ;
#2037 = CARTESIAN_POINT ( 'NONE',  ( -2.953202204240266138, 6.214716386431500261, 5.613906545405939141 ) ) ;
#2038 = EDGE_CURVE ( 'NONE', #618, #429, #2929, .T. ) ;
#2039 = VECTOR ( 'NONE', #916, 1000.000000000000000 ) ;
#2040 = CARTESIAN_POINT ( 'NONE',  ( -3.174999999999999822, 7.400000000000001243, 6.982638890815890953 ) ) ;
#2041 = CARTESIAN_POINT ( 'NONE',  ( 0.000000000000000000, 2.600000000000005862, 0.000000000000000000 ) ) ;
#2042 = CARTESIAN_POINT ( 'NONE',  ( 2.500000000000000444, 7.400000000000001243, 5.599999999999997868 ) ) ;
#2043 = CARTESIAN_POINT ( 'NONE',  ( 2.793106854861110655, 7.400000000000001243, 4.028125000963500568 ) ) ;
#2044 = DIRECTION ( 'NONE',  ( 0.000000000000000000, -1.000000000000000000, 0.000000000000000000 ) ) ;
#2045 = DIRECTION ( 'NONE',  ( 1.000000000000000000, 0.000000000000000000, 0.000000000000000000 ) ) ;
#2046 = PRESENTATION_LAYER_ASSIGNMENT (  '', '', ( #1604 ) ) ;
#2047 = ORIENTED_EDGE ( 'NONE', *, *, #3879, .T. ) ;
#2048 = CARTESIAN_POINT ( 'NONE',  ( -3.174999999998853628, 7.399998167948743877, 4.777837324121796847 ) ) ;
#2049 = CARTESIAN_POINT ( 'NONE',  ( 3.174999999999998934, 9.233087104677062840, 4.483796296296294948 ) ) ;
#2050 = ADVANCED_FACE ( 'NONE', ( #4328 ), #836, .T. ) ;
#2051 = VERTEX_POINT ( 'NONE', #655 ) ;
#2052 = CARTESIAN_POINT ( 'NONE',  ( -3.169615577080235447, 7.186196512932607305, 4.872923699849368795 ) ) ;
#2053 = CARTESIAN_POINT ( 'NONE',  ( 3.056628977671463243, 7.179089317272686621, 0.7577393135604596486 ) ) ;
#2054 = CARTESIAN_POINT ( 'NONE',  ( -1.676105892210277171, 4.701586786148774344, 3.568935984324367539 ) ) ;
#2055 = DIRECTION ( 'NONE',  ( 1.000000000000000000, -0.000000000000000000, -0.000000000000000000 ) ) ;
#2056 = ORIENTED_EDGE ( 'NONE', *, *, #1365, .F. ) ;
#2057 = CARTESIAN_POINT ( 'NONE',  ( -2.602764495868105765, 9.218373944303269951, 4.091495578341779016 ) ) ;
#2058 = CARTESIAN_POINT ( 'NONE',  ( -1.999999999999999112, 6.505213034913026604E-16, -2.100000000000000533 ) ) ;
#2059 = CARTESIAN_POINT ( 'NONE',  ( -2.533596899817677883, 9.313522741798825777, 6.203829233124304565 ) ) ;
#2060 = CARTESIAN_POINT ( 'NONE',  ( 0.000000000000000000, 7.400000000000001243, 5.599999999999997868 ) ) ;
#2061 = VECTOR ( 'NONE', #845, 1000.000000000000000 ) ;
#2062 = FACE_OUTER_BOUND ( 'NONE', #1311, .T. ) ;
#2063 = AXIS2_PLACEMENT_3D ( 'NONE', #4122, #2383, #3768 ) ;
#2064 = B_SPLINE_CURVE_WITH_KNOTS ( 'NONE', 3,
 ( #1319, #3779, #3102, #4501, #1057, #1366 ),
 .UNSPECIFIED., .F., .F.,
 ( 4, 2, 4 ),
 ( 0.001642679155298059322, 0.001848450960540899820, 0.002054222765783740318 ),
 .UNSPECIFIED. ) ;
#2065 = ORIENTED_EDGE ( 'NONE', *, *, #852, .T. ) ;
#2066 = PLANE ( 'NONE',  #1069 ) ;
#2067 = CARTESIAN_POINT ( 'NONE',  ( -0.9767683169502157092, 4.377816268764098240, 4.300758204826431452 ) ) ;
#2068 = CARTESIAN_POINT ( 'NONE',  ( -3.174999999999175149, 7.399998437170397736, 6.188939422280884450 ) ) ;
#2069 = B_SPLINE_CURVE_WITH_KNOTS ( 'NONE', 3,
 ( #1168, #3958, #1149, #4347, #3247, #141, #834, #3291, #2178, #442, #486, #1214, #1872, #3267, #510, #2222, #1520, #2526, #4285, #1831, #4326, #1190, #2586, #3980 ),
 .UNSPECIFIED., .F., .F.,
 ( 4, 2, 2, 2, 2, 2, 2, 2, 2, 2, 2, 4 ),
 ( 0.000000000000000000, 0.0008128377296527988577, 0.001219256594479198232, 0.001625675459305597715, 0.002032094324131997198, 0.002438513188958396465, 0.003251350918611194563, 0.004064188648263992662, 0.004470607513090392796, 0.004877026377916792929, 0.005689864107569592329, 0.006502701837222390861 ),
 .UNSPECIFIED. ) ;
#2070 = CARTESIAN_POINT ( 'NONE',  ( 2.793106854861111543, 5.787399005470550861, 3.969328704667204111 ) ) ;
#2071 = CARTESIAN_POINT ( 'NONE',  ( -1.416887204432884850, 10.24133646299448586, 5.447616348460759816 ) ) ;
#2072 = DIRECTION ( 'NONE',  ( 0.000000000000000000, 1.000000000000000000, 0.000000000000000000 ) ) ;
#2073 = ORIENTED_EDGE ( 'NONE', *, *, #1365, .T. ) ;
#2074 = CARTESIAN_POINT ( 'NONE',  ( -3.174999999997476952, 7.400002787240521407, 5.571438047546256378 ) ) ;
#2075 = CARTESIAN_POINT ( 'NONE',  ( 1.587500000000001465, 4.650369342984409293, 6.424074074074072271 ) ) ;
#2076 = ORIENTED_EDGE ( 'NONE', *, *, #563, .T. ) ;
#2077 = CARTESIAN_POINT ( 'NONE',  ( -1.396553427430553329, 4.981098508205822561, 5.909606482444981879 ) ) ;
#2078 = LINE ( 'NONE', #3420, #2737 ) ;
#2079 = VECTOR ( 'NONE', #2830, 1000.000000000000000 ) ;
#2080 = CARTESIAN_POINT ( 'NONE',  ( -1.973246993408595884, 4.912644200236869985, 3.556907130293041508 ) ) ;
#2081 = FACE_OUTER_BOUND ( 'NONE', #4355, .T. ) ;
#2082 = EDGE_CURVE ( 'NONE', #2812, #3229, #3554, .T. ) ;
#2083 = ORIENTED_EDGE ( 'NONE', *, *, #625, .T. ) ;
#2084 = CARTESIAN_POINT ( 'NONE',  ( -0.9279008157429625703, 10.44805912428178729, 4.018459960488112159 ) ) ;
#2085 = CARTESIAN_POINT ( 'NONE',  ( 0.03650683751570003854, 10.57589435713549086, 6.099325082005690568 ) ) ;
#2086 = CARTESIAN_POINT ( 'NONE',  ( 7.837739514543066590E-17, 1.300000000000006040, -4.739999999999997549 ) ) ;
#2087 = CARTESIAN_POINT ( 'NONE',  ( -3.500000000000000000, 3.800000000000002043, -7.600000000000002309 ) ) ;
#2088 = CARTESIAN_POINT ( 'NONE',  ( -1.396553427430555550, 9.818901491794177261, 4.263310186148686398 ) ) ;
#2089 = CARTESIAN_POINT ( 'NONE',  ( -2.387017689782927388, 5.306177266607405407, 4.242170260094304091 ) ) ;
#2090 = CARTESIAN_POINT ( 'NONE',  ( 2.793106854861110655, 9.012600994529453402, 5.498032408370908009 ) ) ;
#2091 = DIRECTION ( 'NONE',  ( -0.000000000000000000, -1.000000000000000000, -0.000000000000000000 ) ) ;
#2092 = ORIENTED_EDGE ( 'NONE', *, *, #448, .T. ) ;
#2093 = DIRECTION ( 'NONE',  ( 0.000000000000000000, 4.956352788505157351E-16, -1.000000000000000000 ) ) ;
#2094 = ORIENTED_EDGE ( 'NONE', *, *, #3266, .F. ) ;
#2095 = CARTESIAN_POINT ( 'NONE',  ( -2.775871180099341640, 5.801835569313007923, 4.925158312384704473 ) ) ;
#2096 = DIRECTION ( 'NONE',  ( 0.000000000000000000, 0.000000000000000000, -1.000000000000000000 ) ) ;
#2097 = CARTESIAN_POINT ( 'NONE',  ( -3.088773657604888534, 7.663585500503725001, 0.7689838428272993687 ) ) ;
#2098 = SURFACE_SIDE_STYLE ('',( #3491 ) ) ;
#2099 = EDGE_LOOP ( 'NONE', ( #3684, #4159, #745, #2056, #3527 ) ) ;
#2100 = DIRECTION ( 'NONE',  ( 0.0001867666175478098663, -0.002189878503319313881, 0.9999975847722689659 ) ) ;
#2101 = CARTESIAN_POINT ( 'NONE',  ( -2.537769755386693138, 9.308006938618929027, 6.204083530101937249 ) ) ;
#2102 = CARTESIAN_POINT ( 'NONE',  ( -3.044205307562490415, 6.498091449462355840, 6.308438107469334533 ) ) ;
#2103 = DIRECTION ( 'NONE',  ( 1.000000000000000000, 0.000000000000000000, 0.000000000000000000 ) ) ;
#2104 = DIRECTION ( 'NONE',  ( -0.000000000000000000, 1.000000000000000000, -0.000000000000000000 ) ) ;
#2105 = CARTESIAN_POINT ( 'NONE',  ( -2.455078170885359956, 5.386728920617064098, 4.238324669469969663 ) ) ;
#2106 = DIRECTION ( 'NONE',  ( 0.000000000000000000, 0.000000000000000000, 1.000000000000000000 ) ) ;
#2107 = CARTESIAN_POINT ( 'NONE',  ( 2.793106854861110655, 7.400000000000001243, 5.615625000963500923 ) ) ;
#2108 = CARTESIAN_POINT ( 'NONE',  ( 1.396553427430556660, 4.981098508205824338, 4.792476852815352295 ) ) ;
#2109 = CARTESIAN_POINT ( 'NONE',  ( -2.498797887701750486, 9.358567683551095584, 3.291502115992295696 ) ) ;
#2110 = CARTESIAN_POINT ( 'NONE',  ( -3.175000000000000266, 8.492367417626221382, 3.331628965409972221 ) ) ;
#2111 = CARTESIAN_POINT ( 'NONE',  ( 6.734652765903158157E-16, 3.733825790645878051, 3.543055555555553848 ) ) ;
#2112 = AXIS2_PLACEMENT_3D ( 'NONE', #964, #1374, #2355 ) ;
#2113 = ORIENTED_EDGE ( 'NONE', *, *, #2796, .T. ) ;
#2114 = CARTESIAN_POINT ( 'NONE',  ( -3.118434423502465691, 6.800752774308380211, 4.886183019080040602 ) ) ;
#2115 = CARTESIAN_POINT ( 'NONE',  ( 3.056639957652750539, 7.620781940094322415, 0.7004915850202685368 ) ) ;
#2116 = CARTESIAN_POINT ( 'NONE',  ( -3.091472308990307116, 7.634903773767717006, 0.8370234569538816949 ) ) ;
#2117 = B_SPLINE_CURVE_WITH_KNOTS ( 'NONE', 3,
 ( #2983, #3050, #2002, #2250, #1952, #613, #1932, #222, #4429, #4380, #2319, #4059, #4358, #1201, #3027, #1293, #932, #2296, #1909, #885, #2640, #956, #4013, #1271, #4036, #3302, #1614, #176, #2344, #1977, #2688, #1592, #3005, #2277, #3732, #1635, #1247, #4083, #520, #3989, #4404, #3345, #2664, #3372, #909, #3325, #2595, #2618, #1570, #3687, #544, #866, #247, #3706, #565, #588, #1660, #3395, #3642, #269, #3669, #198, #2961, #1223, #381, #4523, #3442, #3101, #4197, #2801, #2027, #3073, #1751, #1073, #2095, #1772, #3419, #4500, #2461, #341, #2391, #4453, #3778, #2416, #1364, #2114, #2709, #1316, #664, #3488, #359, #291, #1056, #2052, #2439, #4476 ),
 .UNSPECIFIED., .F., .F.,
 ( 4, 2, 2, 2, 1, 2, 2, 2, 2, 2, 2, 1, 1, 2, 2, 1, 2, 1, 1, 2, 2, 2, 2, 1, 2, 2, 1, 1, 2, 2, 1, 1, 1, 2, 2, 2, 2, 1, 2, 2, 1, 2, 2, 2, 2, 1, 1, 2, 2, 2, 2, 2, 1, 2, 2, 1, 4 ),
 ( 0.3835736120505429669, 0.3897030885627786323, 0.3958325650750142977, 0.3973649342030732279, 0.3977480264850879466, 0.3979395726260953059, 0.3981311187671027207, 0.3988973033311321581, 0.4019620415872500740, 0.4080915180994859059, 0.4111562563556038219, 0.4119224409196332592, 0.4123055332016480334, 0.4124970793426553928, 0.4126886254836627521, 0.4142209946117217378, 0.4172857328678397093, 0.4188181019958986395, 0.4195842865599281324, 0.4197758327009355472, 0.4199673788419429066, 0.4203504711239576253, 0.4264799476361937347, 0.4268630399182085089, 0.4270545860592158682, 0.4272461322002232831, 0.4280123167642527759, 0.4295446858923118172, 0.4326094241484298442, 0.4387389006606660091, 0.4402712697887249949, 0.4410374543527545432, 0.4414205466347693174, 0.4416120927757766768, 0.4418036389167840916, 0.4448683771729021186, 0.4479331154290201455, 0.4486992999930496384, 0.4488908461340570533, 0.4490823922750644126, 0.4494654845570791313, 0.4509978536851382280, 0.4540625919412563105, 0.4571273301973743930, 0.4693862832218468339, 0.4701524677858763268, 0.4705355600678911010, 0.4707271062088984603, 0.4709186523499058197, 0.4724510214779646944, 0.4755157597340824438, 0.4770481288621413740, 0.4778143134261708114, 0.4780058595671781707, 0.4781974057081855300, 0.4785804979902002487, 0.4816452362463181647 ),
 .UNSPECIFIED. ) ;
#2118 = SURFACE_SIDE_STYLE ('',( #225 ) ) ;
#2119 = ORIENTED_EDGE ( 'NONE', *, *, #2180, .T. ) ;
#2120 = CARTESIAN_POINT ( 'NONE',  ( 2.780072246691519755, 8.935476019915190804, 3.864157060348179851 ) ) ;
#2121 = CARTESIAN_POINT ( 'NONE',  ( 2.867708956170745616, 8.769184793786346077, 5.973918015638698620 ) ) ;
#2122 = DIRECTION ( 'NONE',  ( 0.000000000000000000, -1.000000000000000000, -0.000000000000000000 ) ) ;
#2123 = CARTESIAN_POINT ( 'NONE',  ( -2.648186496561903081, 9.151528168027306620, 4.800036046292382785 ) ) ;
#2124 = EDGE_CURVE ( 'NONE', #4392, #1860, #283, .T. ) ;
#2125 = EDGE_CURVE ( 'NONE', #2637, #2692, #2312, .T. ) ;
#2126 = CARTESIAN_POINT ( 'NONE',  ( 2.793106854861110655, 7.400000000000001243, 4.028125000963500568 ) ) ;
#2127 = AXIS2_PLACEMENT_3D ( 'NONE', #1040, #3109, #1442 ) ;
#2129 = ADVANCED_FACE ( 'NONE', ( #4422 ), #4494, .F. ) ;
#2128 = CARTESIAN_POINT ( 'NONE',  ( 1.753993923850644121, 4.752805367448592833, 4.402131228045194966 ) ) ;
#2130 = LINE ( 'NONE', #1474, #3444 ) ;
#2131 = CARTESIAN_POINT ( 'NONE',  ( -2.793106854861110655, 7.400000000000001243, 4.557291667630168241 ) ) ;
#2132 = CARTESIAN_POINT ( 'NONE',  ( 2.793106854861110655, 9.012600994529453402, 3.557754630593130685 ) ) ;
#2133 = VECTOR ( 'NONE', #2244, 1000.000000000000000 ) ;
#2134 = EDGE_CURVE ( 'NONE', #2306, #2339, #2656, .T. ) ;
#2135 = EDGE_LOOP ( 'NONE', ( #196, #3413, #1523, #3890 ) ) ;
#2136 = CARTESIAN_POINT ( 'NONE',  ( -3.499999999999999112, 1.300000000000006040, -6.100000000000001421 ) ) ;
#2137 = FACE_OUTER_BOUND ( 'NONE', #2885, .T. ) ;
#2138 = B_SPLINE_CURVE_WITH_KNOTS ( 'NONE', 3,
 ( #2102, #3495, #3876, #4163 ),
 .UNSPECIFIED., .F., .F.,
 ( 4, 4 ),
 ( 0.08028477793285178354, 0.08941324857682005078 ),
 .UNSPECIFIED. ) ;
#2139 = ORIENTED_EDGE ( 'NONE', *, *, #1381, .F. ) ;
#2140 = EDGE_LOOP ( 'NONE', ( #2932, #403, #363, #899, #2402, #169, #3026, #3187 ) ) ;
#2141 = CARTESIAN_POINT ( 'NONE',  ( -2.596608182781161567, 5.568104681378166276, 3.524237733167922215 ) ) ;
#2142 = DIRECTION ( 'NONE',  ( 0.000000000000000000, 0.000000000000000000, 1.000000000000000000 ) ) ;
#2143 = EDGE_LOOP ( 'NONE', ( #370, #1859 ) ) ;
#2144 = CARTESIAN_POINT ( 'NONE',  ( 2.066871325079074673, 9.810379143202998975, 3.905472292618170194 ) ) ;
#2145 = CARTESIAN_POINT ( 'NONE',  ( 0.000000000000000000, 3.800000000000001599, -4.100000000000001421 ) ) ;
#2146 = CIRCLE ( 'NONE', #330, 2.000000000000000000 ) ;
#2147 = DIRECTION ( 'NONE',  ( 0.000000000000000000, 0.000000000000000000, 1.000000000000000000 ) ) ;
#2148 = LINE ( 'NONE', #1758, #1175 ) ;
#2149 = CARTESIAN_POINT ( 'NONE',  ( 0.000000000000000000, 7.400000000000001243, 5.799999999999998046 ) ) ;
#2150 = CARTESIAN_POINT ( 'NONE',  ( 1.587499999999999245, 10.14963065701559408, 3.219675927852928332 ) ) ;
#2151 = CARTESIAN_POINT ( 'NONE',  ( -1.222318881244648603, 4.469590984007651535, 4.291534183855996609 ) ) ;
#2152 = DIRECTION ( 'NONE',  ( 1.000000000000000000, 0.000000000000000000, 0.000000000000000000 ) ) ;
#2153 = CARTESIAN_POINT ( 'NONE',  ( -2.793106854861110655, 7.400000000000001243, 5.262847223185723067 ) ) ;
#2154 = CARTESIAN_POINT ( 'NONE',  ( -2.793106854861110655, 7.400000000000001243, 5.968402778741277892 ) ) ;
#2155 = EDGE_LOOP ( 'NONE', ( #3250, #4446, #1113, #1819 ) ) ;
#2156 = DIRECTION ( 'NONE',  ( -0.000000000000000000, -0.000000000000000000, 1.000000000000000000 ) ) ;
#2157 = AXIS2_PLACEMENT_3D ( 'NONE', #1139, #2513, #2576 ) ;
#2158 = EDGE_CURVE ( 'NONE', #1171, #4261, #1336, .T. ) ;
#2159 = LINE ( 'NONE', #2413, #4043 ) ;
#2160 = ORIENTED_EDGE ( 'NONE', *, *, #4480, .F. ) ;
#2161 = VERTEX_POINT ( 'NONE', #3436 ) ;
#2162 = FACE_OUTER_BOUND ( 'NONE', #1671, .T. ) ;
#2163 = CYLINDRICAL_SURFACE ( 'NONE', #2330, 0.6399999999999999023 ) ;
#2164 = VERTEX_POINT ( 'NONE', #558 ) ;
#2165 = DIRECTION ( 'NONE',  ( 0.000000000000000000, -0.9999976022131120690, -0.002189878541513083643 ) ) ;
#2166 = DIRECTION ( 'NONE',  ( 0.000000000000000000, 0.000000000000000000, -1.000000000000000000 ) ) ;
#2167 = CARTESIAN_POINT ( 'NONE',  ( 0.000000000000000000, 10.79999999999999893, -0.6000000000000007550 ) ) ;
#2168 = FACE_OUTER_BOUND ( 'NONE', #3009, .T. ) ;
#2169 = DIRECTION ( 'NONE',  ( -0.000000000000000000, -0.000000000000000000, 1.000000000000000000 ) ) ;
#2170 = CARTESIAN_POINT ( 'NONE',  ( 1.587499999999999245, 10.14963065701559408, 5.336342594519594584 ) ) ;
#2171 = EDGE_CURVE ( 'NONE', #3176, #3570, #1649, .T. ) ;
#2172 = CARTESIAN_POINT ( 'NONE',  ( -2.364187317563089419, 9.526090278487300722, 3.371808131384678386 ) ) ;
#2173 = VECTOR ( 'NONE', #3066, 1000.000000000000000 ) ;
#2174 = CARTESIAN_POINT ( 'NONE',  ( -3.400000000000001243, 7.400000000000001243, 3.421465696508421583 ) ) ;
#2175 = CARTESIAN_POINT ( 'NONE',  ( 2.793106854861111543, 5.787399005470550861, 3.440162038000537326 ) ) ;
#2176 = CARTESIAN_POINT ( 'NONE',  ( 2.793106854861111543, 5.787399005470550861, 5.556828704667204022 ) ) ;
#2177 = LINE ( 'NONE', #768, #2459 ) ;
#2178 = CARTESIAN_POINT ( 'NONE',  ( -0.009245752398906318878, 4.538950111381332420, 3.108442669347319054 ) ) ;
#2179 = CARTESIAN_POINT ( 'NONE',  ( 3.174999999999999822, 7.400000000000001243, 3.719444444444442777 ) ) ;
#2180 = EDGE_CURVE ( 'NONE', #1010, #218, #478, .T. ) ;
#2181 = ORIENTED_EDGE ( 'NONE', *, *, #3656, .T. ) ;
#2182 = ORIENTED_EDGE ( 'NONE', *, *, #3071, .F. ) ;
#2183 = ADVANCED_FACE ( 'NONE', ( #3572 ), #171, .F. ) ;
#2184 = CARTESIAN_POINT ( 'NONE',  ( 1.670937239131700780, 10.09984065170987932, 5.333200375937145132 ) ) ;
#2185 = CIRCLE ( 'NONE', #1749, 3.300000000000000711 ) ;
#2186 = ADVANCED_FACE ( 'NONE', ( #3594 ), #469, .T. ) ;
#2187 = DIRECTION ( 'NONE',  ( -8.673617379884035472E-16, -0.000000000000000000, 1.000000000000000000 ) ) ;
#2188 = CARTESIAN_POINT ( 'NONE',  ( 2.907223845578090771, 8.676218787812246092, 3.853532436388926286 ) ) ;
#2189 = CARTESIAN_POINT ( 'NONE',  ( 3.174999999999999822, 7.400000000000001243, 9.859920353756539413 ) ) ;
#2190 = CARTESIAN_POINT ( 'NONE',  ( 0.000000000000000000, -1.810193359837561022, -4.099999999999997868 ) ) ;
#2191 = DIRECTION ( 'NONE',  ( -0.000000000000000000, -0.000000000000000000, 1.000000000000000000 ) ) ;
#2192 = CARTESIAN_POINT ( 'NONE',  ( -2.717222222561716638, 9.043299954803744711, 4.804776828145514322 ) ) ;
#2193 = CARTESIAN_POINT ( 'NONE',  ( 3.174999999999999822, 7.400000000000001243, 5.924305557482558271 ) ) ;
#2194 = DIRECTION ( 'NONE',  ( -0.0001867666175478447776, -0.002189878503319724144, -0.9999975847722689659 ) ) ;
#2195 = CARTESIAN_POINT ( 'NONE',  ( 0.000000000000000000, 2.300000000000006040, -4.099999999999997868 ) ) ;
#2196 = CARTESIAN_POINT ( 'NONE',  ( -1.396553427430555550, 9.818901491794177261, 5.850810186148686753 ) ) ;
#2197 = CARTESIAN_POINT ( 'NONE',  ( -2.793106854861110211, 5.787399005470547309, 6.027199075037573905 ) ) ;
#2198 = EDGE_LOOP ( 'NONE', ( #3014, #3751, #2874, #3523 ) ) ;
#2199 = CARTESIAN_POINT ( 'NONE',  ( -3.500000000000000000, 1.300000000000006040, -0.6000000000000006439 ) ) ;
#2200 = CARTESIAN_POINT ( 'NONE',  ( 3.174999999999998934, 9.233087104677062840, 5.189351851851850661 ) ) ;
#2201 = DIRECTION ( 'NONE',  ( -0.000000000000000000, -0.000000000000000000, 1.000000000000000000 ) ) ;
#2202 = CARTESIAN_POINT ( 'NONE',  ( 3.091844198816933620, 7.172438397354190975, 0.6398047085193173666 ) ) ;
#2203 = CONICAL_SURFACE ( 'NONE', #1982, 2.669999999999999485, 1.047197551196603182 ) ;
#2204 =( BOUNDED_CURVE ( )  B_SPLINE_CURVE ( 2, ( #3254, #1176, #3277, #1908, #2574, #2229, #3595 ),
 .UNSPECIFIED., .F., .T. ) 
 B_SPLINE_CURVE_WITH_KNOTS ( ( 3, 2, 2, 3 ),
 ( 0.8435187534636658935, 0.8690799278110500348, 0.8946411021584341761, 0.9202022479967888469 ),
 .UNSPECIFIED. ) 
 CURVE ( )  GEOMETRIC_REPRESENTATION_ITEM ( )  RATIONAL_B_SPLINE_CURVE ( ( 1.000000000000005107, 0.8660254037844337116, 1.000000000000000000, 0.8660254037844387076, 1.000000000000000000, 0.8660254037844387076, 1.000000000000000000 ) ) 
 REPRESENTATION_ITEM ( '' )  );
#2205 = ORIENTED_EDGE ( 'NONE', *, *, #554, .F. ) ;
#2206 = EDGE_LOOP ( 'NONE', ( #2524, #2615, #1973, #446 ) ) ;
#2207 = CARTESIAN_POINT ( 'NONE',  ( 2.855739314474669666, 8.803609745194520997, 5.270113366928910636 ) ) ;
#2208 = DIRECTION ( 'NONE',  ( 0.000000000000000000, 0.000000000000000000, 1.000000000000000000 ) ) ;
#2209 = FACE_OUTER_BOUND ( 'NONE', #3637, .T. ) ;
#2210 = EDGE_CURVE ( 'NONE', #1903, #2931, #422, .T. ) ;
#2211 = PLANE ( 'NONE',  #2496 ) ;
#2212 = CARTESIAN_POINT ( 'NONE',  ( 2.322817504749006723, 9.574788454689413086, 4.598614731780197751 ) ) ;
#2213 = VERTEX_POINT ( 'NONE', #1929 ) ;
#2214 = CARTESIAN_POINT ( 'NONE',  ( 3.174999999999998934, 9.233087104677062840, 5.277546298223298571 ) ) ;
#2215 = UNCERTAINTY_MEASURE_WITH_UNIT (LENGTH_MEASURE( 1.000000000000000082E-05 ), #1732, 'distance_accuracy_value', 'NONE');
#2216 = FACE_OUTER_BOUND ( 'NONE', #2682, .T. ) ;
#2217 = CARTESIAN_POINT ( 'NONE',  ( 3.056639957652750539, 7.620781940094322415, 0.7004915850202685368 ) ) ;
#2218 = CARTESIAN_POINT ( 'NONE',  ( 2.793106854861110655, 7.400000000000001243, 2.793402778741278514 ) ) ;
#2219 = DIRECTION ( 'NONE',  ( -1.000000000000000000, 0.000000000000000000, 0.000000000000000000 ) ) ;
#2220 = B_SPLINE_CURVE_WITH_KNOTS ( 'NONE', 3,
 ( #920, #1303, #994, #3767, #2382, #2652, #3720, #1583, #3337, #2974, #2309, #2631, #3039, #602, #4371, #1237, #4025, #900, #555, #3697, #576, #3361, #237, #1625, #3015, #4419, #258, #4070, #3382, #1646, #1447, #392, #3156, #1781, #2128, #3178, #2406, #1380, #333, #3860, #1019, #1763, #3791, #2746, #3519, #3136, #1721, #700, #1065, #3816, #2767, #24, #2836, #2497, #1425, #4167, #2451, #2475, #2067, #4234, #1044, #50, #3481, #2814, #4208, #3458, #762, #3113, #2151, #1403, #1085, #741, #1103, #2, #3883, #306, #4491, #676, #1699, #2431, #722, #3090, #1355, #4144, #2089, #4514, #2792, #352, #2105, #1742, #4189, #3837, #3500, #372, #158, #3284, #115, #4342, #3998, #2605, #482, #4257, #806, #2881, #1806, #137, #93, #3262, #1535 ),
 .UNSPECIFIED., .F., .F.,
 ( 4, 2, 1, 1, 1, 2, 2, 2, 2, 2, 2, 2, 2, 2, 1, 2, 2, 1, 2, 2, 2, 1, 1, 2, 2, 2, 2, 2, 2, 2, 2, 2, 2, 2, 2, 1, 2, 2, 1, 1, 2, 1, 2, 2, 2, 2, 2, 2, 2, 2, 1, 1, 2, 2, 2, 1, 1, 2, 2, 2, 2, 4 ),
 ( 0.5797213535750275204, 0.5799144867853123220, 0.5801076199955970125, 0.5804938864161666157, 0.5812664192573055999, 0.5828114849395837904, 0.5859016163041400604, 0.5889917476686962194, 0.5905368133509742989, 0.5909230797715439021, 0.5913093461921133942, 0.5920818790332524895, 0.5982621417623646964, 0.6013522731269208554, 0.6021248059680599507, 0.6023179391783446412, 0.6025110723886294428, 0.6028973388091989349, 0.6044424044914771255, 0.6106226672205899986, 0.6121677329028681891, 0.6129402657440072844, 0.6133265321645768875, 0.6135196653748616891, 0.6137127985851463796, 0.6168029299497027607, 0.6229831926788156338, 0.6245282583610938243, 0.6249145247816633164, 0.6253007912022329196, 0.6260733240433720148, 0.6291634554079283959, 0.6353437181370411579, 0.6384338495015975390, 0.6399789151838757295, 0.6403651816044453327, 0.6405583148147300232, 0.6406548814198723685, 0.6407514480250148248, 0.6415239808661536980, 0.6477042435952649058, 0.6480905100158342869, 0.6482836432261190884, 0.6484767764364037790, 0.6492493092775426522, 0.6507943749598206207, 0.6538845063243763356, 0.6554295720066540820, 0.6562021048477930663, 0.6563952380580777568, 0.6565883712683625584, 0.6569746376889320505, 0.6600647690534877654, 0.6662450317825993062, 0.6693351631471550212, 0.6708802288294328786, 0.6716527616705718629, 0.6718458948808565534, 0.6720390280911413550, 0.6724252945117107361, 0.6755154258762672281, 0.6786055572408236092 ),
 .UNSPECIFIED. ) ;
#2221 = EDGE_CURVE ( 'NONE', #1412, #3736, #2654, .T. ) ;
#2222 = CARTESIAN_POINT ( 'NONE',  ( 2.095640011132976710, 5.341383666545786113, 3.152701886920528551 ) ) ;
#2223 = FILL_AREA_STYLE ('',( #2265 ) ) ;
#2224 = DIRECTION ( 'NONE',  ( 0.000000000000000000, 1.000000000000000000, 0.000000000000000000 ) ) ;
#2225 = AXIS2_PLACEMENT_3D ( 'NONE', #1185, #3330, #1277 ) ;
#2226 = ORIENTED_EDGE ( 'NONE', *, *, #1012, .F. ) ;
#2227 = ORIENTED_EDGE ( 'NONE', *, *, #4277, .T. ) ;
#2228 = CARTESIAN_POINT ( 'NONE',  ( 2.272975348476131252, 9.617510198683905998, 5.306581095424064642 ) ) ;
#2229 = CARTESIAN_POINT ( 'NONE',  ( -3.174999999999998934, 5.566912895322937871, 3.425462962962961821 ) ) ;
#2230 = LINE ( 'NONE', #824, #3750 ) ;
#2231 = CARTESIAN_POINT ( 'NONE',  ( -2.609962407502784743, 6.383660809947037329, 3.071075775793148388 ) ) ;
#2232 = CARTESIAN_POINT ( 'NONE',  ( 0.000000000000000000, 7.400000000000001243, 0.7999999999999977129 ) ) ;
#2233 = CARTESIAN_POINT ( 'NONE',  ( 3.066028824511656925, 7.341727790682803345, 0.9223166589368516632 ) ) ;
#2234 = EDGE_CURVE ( 'NONE', #2571, #4082, #2756, .T. ) ;
#2235 = CARTESIAN_POINT ( 'NONE',  ( -3.171997816174803919, 7.538487508931305037, 4.155924683093394023 ) ) ;
#2236 = CARTESIAN_POINT ( 'NONE',  ( -3.174999999999998934, 5.566912895322936983, 4.219212964889964113 ) ) ;
#2237 = CARTESIAN_POINT ( 'NONE',  ( 1.999999999999999556, 1.300000000000006040, -7.600000000000002309 ) ) ;
#2238 = CARTESIAN_POINT ( 'NONE',  ( 3.063755778984654565, 7.516207129168358314, 0.5021207237812742585 ) ) ;
#2239 = CARTESIAN_POINT ( 'NONE',  ( 1.396553427430554661, 9.818901491794177261, 2.910995371333870985 ) ) ;
#2240 = VERTEX_POINT ( 'NONE', #1521 ) ;
#2241 = CARTESIAN_POINT ( 'NONE',  ( 0.000000000000000000, 7.400000000000001243, 5.599999999999997868 ) ) ;
#2242 = CARTESIAN_POINT ( 'NONE',  ( 2.000000000000000000, 1.300000000000006040, -2.100000000000001865 ) ) ;
#2243 = CARTESIAN_POINT ( 'NONE',  ( -3.098016798325990973, 7.519674197054639464, 0.4975067403634381713 ) ) ;
#2244 = DIRECTION ( 'NONE',  ( 2.891205793294674875E-16, 0.000000000000000000, -1.000000000000000000 ) ) ;
#2245 = ORIENTED_EDGE ( 'NONE', *, *, #4056, .F. ) ;
#2246 = ORIENTED_EDGE ( 'NONE', *, *, #3708, .F. ) ;
#2247 = CARTESIAN_POINT ( 'NONE',  ( 3.174999999994322586, 7.399993995754222453, 5.218749809341080237 ) ) ;
#2248 = AXIS2_PLACEMENT_3D ( 'NONE', #4322, #1554, #3242 ) ;
#2249 = DIRECTION ( 'NONE',  ( 1.000000000000000000, 0.000000000000000000, 0.000000000000000000 ) ) ;
#2250 = CARTESIAN_POINT ( 'NONE',  ( 3.098237027721338688, 6.678163741729519209, 5.194084961749032558 ) ) ;
#2251 = CARTESIAN_POINT ( 'NONE',  ( 2.793106854861111099, 5.787399005470551749, 4.851273149111649197 ) ) ;
#2252 = DIRECTION ( 'NONE',  ( -1.000000000000000000, 0.000000000000000000, 0.000000000000000000 ) ) ;
#2253 = CARTESIAN_POINT ( 'NONE',  ( 3.088773611083596826, 7.136413954016833650, 0.7685651681898664211 ) ) ;
#2254 = CIRCLE ( 'NONE', #1752, 2.669999999999999485 ) ;
#2255 = VERTEX_POINT ( 'NONE', #3268 ) ;
#2256 = CARTESIAN_POINT ( 'NONE',  ( -3.500000000000000000, 2.600000000000005862, -7.600000000000002309 ) ) ;
#2257 = CARTESIAN_POINT ( 'NONE',  ( -1.396553427430555550, 9.818901491794177261, 6.379976852815351762 ) ) ;
#2258 = EDGE_CURVE ( 'NONE', #4142, #3251, #3718, .T. ) ;
#2259 = DIRECTION ( 'NONE',  ( 1.000000000000000000, 0.000000000000000000, 0.000000000000000000 ) ) ;
#2260 = CARTESIAN_POINT ( 'NONE',  ( 3.066051672330082578, 7.342805131998148660, 0.4774130375547603888 ) ) ;
#2261 = CARTESIAN_POINT ( 'NONE',  ( -2.793106854861110655, 7.400000000000001243, 3.146180556519056815 ) ) ;
#2262 = EDGE_CURVE ( 'NONE', #3140, #1566, #1180, .T. ) ;
#2263 = ORIENTED_EDGE ( 'NONE', *, *, #3036, .T. ) ;
#2264 = CARTESIAN_POINT ( 'NONE',  ( 2.196165133726247998, 9.581464160347037406, 3.241292689680652650 ) ) ;
#2265 = FILL_AREA_STYLE_COLOUR ( '', #2780 ) ;
#2266 = CARTESIAN_POINT ( 'NONE',  ( 1.396553427430556660, 4.981098508205824338, 6.732754630593130507 ) ) ;
#2268 = EDGE_CURVE ( 'NONE', #1029, #540, #1246, .T. ) ;
#2267 = CARTESIAN_POINT ( 'NONE',  ( 3.088786820535882605, 7.136568837675118182, 0.6994154661929552486 ) ) ;
#2269 = CARTESIAN_POINT ( 'NONE',  ( -3.058867045784262384, 7.202723865877932674, 0.8159557627892677356 ) ) ;
#2270 = ADVANCED_FACE ( 'NONE', ( #556, #535 ), #835, .F. ) ;
#2271 = ORIENTED_EDGE ( 'NONE', *, *, #3546, .T. ) ;
#2272 = ORIENTED_EDGE ( 'NONE', *, *, #1844, .T. ) ;
#2273 = CARTESIAN_POINT ( 'NONE',  ( 2.380149797748289053, 9.501977244666594657, 5.300916178528220613 ) ) ;
#2274 = CIRCLE ( 'NONE', #235, 2.500000000000000444 ) ;
#2275 = VECTOR ( 'NONE', #653, 1000.000000000000000 ) ;
#2276 = PRESENTATION_LAYER_ASSIGNMENT (  '', '', ( #86 ) ) ;
#2277 = CARTESIAN_POINT ( 'NONE',  ( 1.273387245849687321, 4.491538299432604298, 5.089503045000398629 ) ) ;
#2278 = CARTESIAN_POINT ( 'NONE',  ( -2.201843234021083173, 9.118526192836901245, 3.071075775792517781 ) ) ;
#2279 = CARTESIAN_POINT ( 'NONE',  ( 2.790355510082193291, 5.884773456867370633, 3.751928613608735752 ) ) ;
#2280 = FACE_OUTER_BOUND ( 'NONE', #209, .T. ) ;
#2281 = CARTESIAN_POINT ( 'NONE',  ( -0.3515425781465233435, 10.55541910963114738, 3.291528064052649416 ) ) ;
#2282 = CARTESIAN_POINT ( 'NONE',  ( -1.974866646252330782E-16, 10.62520198905890290, 5.615625000963500923 ) ) ;
#2283 = CARTESIAN_POINT ( 'NONE',  ( -1.963184873900285732, 9.895308483429179347, 3.352383018797788772 ) ) ;
#2284 =( LENGTH_UNIT ( ) NAMED_UNIT ( * ) SI_UNIT ( .MILLI., .METRE. ) );
#2285 = CARTESIAN_POINT ( 'NONE',  ( 3.174999999999835509, 7.400001021820472147, 5.924305590256699006 ) ) ;
#2286 = ORIENTED_EDGE ( 'NONE', *, *, #426, .F. ) ;
#2287 = DIRECTION ( 'NONE',  ( 1.000000000000000000, 0.000000000000000000, 0.000000000000000000 ) ) ;
#2288 =( NAMED_UNIT ( * ) PLANE_ANGLE_UNIT ( ) SI_UNIT ( $, .RADIAN. ) );
#2289 = CARTESIAN_POINT ( 'NONE',  ( -3.058892994118863395, 7.596828579356573741, 0.5836267972377958690 ) ) ;
#2290 = CARTESIAN_POINT ( 'NONE',  ( 0.000000000000000000, 7.400000000000001243, 9.859920353756539413 ) ) ;
#2291 = CARTESIAN_POINT ( 'NONE',  ( 3.500000000000000000, 1.300000000000006040, -0.6000000000000006439 ) ) ;
#2292 = ORIENTED_EDGE ( 'NONE', *, *, #509, .T. ) ;
#2293 = ORIENTED_EDGE ( 'NONE', *, *, #1229, .F. ) ;
#2294 = ADVANCED_FACE ( 'NONE', ( #814 ), #4026, .F. ) ;
#2295 = LINE ( 'NONE', #3024, #1419 ) ;
#2296 = CARTESIAN_POINT ( 'NONE',  ( 2.267267803419727112, 5.170419456449099727, 5.130571235286190301 ) ) ;
#2297 = CARTESIAN_POINT ( 'NONE',  ( -2.793106854861110655, 9.012600994529453402, 5.204050926889426165 ) ) ;
#2298 = CARTESIAN_POINT ( 'NONE',  ( 0.7394767217140830740, 4.312301426166413876, 3.658638166851084339 ) ) ;
#2299 = DIRECTION ( 'NONE',  ( -0.000000000000000000, -0.000000000000000000, 1.000000000000000000 ) ) ;
#2300 = ORIENTED_EDGE ( 'NONE', *, *, #1322, .T. ) ;
#2301 = DIRECTION ( 'NONE',  ( 1.000000000000000000, 0.000000000000000000, 0.000000000000000000 ) ) ;
#2302 = CARTESIAN_POINT ( 'NONE',  ( 1.396553427430554661, 9.818901491794177261, 6.967939815778314561 ) ) ;
#2303 = CARTESIAN_POINT ( 'NONE',  ( -3.125717083356682302, 7.962822434902260937, 6.258143503838997646 ) ) ;
#2304 = CARTESIAN_POINT ( 'NONE',  ( -2.793106854861110211, 7.400000000000000355, 6.528924224206848592 ) ) ;
#2305 = CARTESIAN_POINT ( 'NONE',  ( -1.546461635741765761, 4.623872299762417093, 5.690572041729409669 ) ) ;
#2306 = VERTEX_POINT ( 'NONE', #142 ) ;
#2307 = ORIENTED_EDGE ( 'NONE', *, *, #2210, .F. ) ;
#2308 = EDGE_CURVE ( 'NONE', #423, #377, #1215, .T. ) ;
#2309 = CARTESIAN_POINT ( 'NONE',  ( 3.104033223762770799, 6.724199665621116928, 4.490181253047523136 ) ) ;
#2310 = CARTESIAN_POINT ( 'NONE',  ( -3.174999999999999822, 9.233087104677062840, 6.130092592592591316 ) ) ;
#2311 = CARTESIAN_POINT ( 'NONE',  ( -2.793106854861110655, 7.400000000000001243, 6.497569445407944677 ) ) ;
#2312 = LINE ( 'NONE', #4397, #3921 ) ;
#2313 = CARTESIAN_POINT ( 'NONE',  ( -3.091444112383985310, 7.164615371592987003, 0.8365700819580369485 ) ) ;
#2314 = DIRECTION ( 'NONE',  ( 0.000000000000000000, 0.000000000000000000, 1.000000000000000000 ) ) ;
#2315 = ORIENTED_EDGE ( 'NONE', *, *, #566, .F. ) ;
#2316 = ORIENTED_EDGE ( 'NONE', *, *, #3546, .F. ) ;
#2317 = CARTESIAN_POINT ( 'NONE',  ( 3.174999999999835509, 7.400001021820472147, 5.924305590256699006 ) ) ;
#2318 = EDGE_CURVE ( 'NONE', #3940, #4309, #2995, .T. ) ;
#2319 = CARTESIAN_POINT ( 'NONE',  ( 2.845111648679224281, 5.990734052045946889, 5.167438652673533639 ) ) ;
#2320 = CARTESIAN_POINT ( 'NONE',  ( 5.924599938756992346E-16, 4.174798010941098703, 4.733680556519056282 ) ) ;
#2321 = CARTESIAN_POINT ( 'NONE',  ( 2.926535332857722160, 6.167217074475409788, 3.763488960232651337 ) ) ;
#2322 = DIRECTION ( 'NONE',  ( 0.000000000000000000, -0.9999975559737422914, 0.002210892702556927891 ) ) ;
#2323 = ORIENTED_EDGE ( 'NONE', *, *, #4362, .F. ) ;
#2324 = CARTESIAN_POINT ( 'NONE',  ( -3.174999999346167723, 7.440401408339617717, 4.159174554827317571 ) ) ;
#2325 = CARTESIAN_POINT ( 'NONE',  ( -2.793106854861110655, 7.400000000000001243, 6.497569445407944677 ) ) ;
#2326 = CARTESIAN_POINT ( 'NONE',  ( 0.000000000000000000, 7.400000000000001243, 5.799999999999998046 ) ) ;
#2327 = DIRECTION ( 'NONE',  ( 1.000000000000000000, 0.000000000000000000, 0.000000000000000000 ) ) ;
#2328 = DIRECTION ( 'NONE',  ( -0.000000000000000000, 1.000000000000000000, -6.144666340335573524E-16 ) ) ;
#2329 = B_SPLINE_CURVE_WITH_KNOTS ( 'NONE', 3,
 ( #3198, #3905, #3583, #1209, #3606, #2900, #3625, #1163, #2582, #786, #2172, #72, #1868, #1891, #2561, #3559, #437, #1826, #531, #2283, #184, #4387, #938, #4093, #2013, #896, #3402, #2353, #597, #3740, #962, #621, #4367, #3332, #3676, #1300, #2968, #276, #4117, #206, #550, #3012 ),
 .UNSPECIFIED., .F., .F.,
 ( 4, 2, 2, 2, 2, 2, 2, 2, 1, 2, 2, 1, 2, 2, 2, 1, 2, 2, 2, 2, 2, 1, 4 ),
 ( 0.8739480671350305929, 0.8853519124453058664, 0.8867773931090903172, 0.8882028737728746570, 0.8910538351004434476, 0.8967557577555810289, 0.8996067190831498195, 0.9010321997469341593, 0.9017449400788263292, 0.9019231251617993994, 0.9021013102447724696, 0.9024576804107184991, 0.9081596030658556362, 0.9088723433977478061, 0.9092287135636939466, 0.9095850837296399760, 0.9110105643934243158, 0.9138615257209929954, 0.9152870063847773352, 0.9156433765507234757, 0.9159997467166695051, 0.9167124870485616750, 0.9195634483761302436 ),
 .UNSPECIFIED. ) ;
#2330 = AXIS2_PLACEMENT_3D ( 'NONE', #2465, #3897, #2142 ) ;
#2331 = ORIENTED_EDGE ( 'NONE', *, *, #1461, .T. ) ;
#2332 = CARTESIAN_POINT ( 'NONE',  ( 3.500000000000000000, 6.505213034913026604E-16, -0.5999999999999969802 ) ) ;
#2333 = CARTESIAN_POINT ( 'NONE',  ( -2.542289238169013643, 8.597228357801636633, 3.071075775793148832 ) ) ;
#2334 = B_SPLINE_CURVE_WITH_KNOTS ( 'NONE', 3,
 ( #1026, #3799, #684, #378, #3466, #1747, #1433, #4240, #4194, #746 ),
 .UNSPECIFIED., .F., .F.,
 ( 4, 2, 2, 2, 4 ),
 ( 4.915853170921627725E-07, 0.0001762563236540902510, 0.0003520210619910883114, 0.0005277858003280863717, 0.0007035505386650844862 ),
 .UNSPECIFIED. ) ;
#2335 = CARTESIAN_POINT ( 'NONE',  ( -3.091834716763572910, 7.627693927710883059, 0.6994998517520655268 ) ) ;
#2336 = CARTESIAN_POINT ( 'NONE',  ( -3.159438056302597442, 7.714220718555718115, 5.561096467112995434 ) ) ;
#2337 = CARTESIAN_POINT ( 'NONE',  ( 0.000000000000000000, 1.300000000000006040, -4.099999999999997868 ) ) ;
#2338 = SHAPE_DEFINITION_REPRESENTATION ( #3155, #4379 ) ;
#2339 = VERTEX_POINT ( 'NONE', #2242 ) ;
#2340 = VERTEX_POINT ( 'NONE', #3612 ) ;
#2341 = CARTESIAN_POINT ( 'NONE',  ( 1.587500000000001465, 4.650369342984409293, 5.012962962962960844 ) ) ;
#2342 = CARTESIAN_POINT ( 'NONE',  ( 3.174999999999998934, 9.233087104677062840, 6.600462962962961200 ) ) ;
#2343 = ORIENTED_EDGE ( 'NONE', *, *, #3597, .F. ) ;
#2344 = CARTESIAN_POINT ( 'NONE',  ( 1.588244748775852422, 4.648959059309803798, 5.100981493089485674 ) ) ;
#2345 = AXIS2_PLACEMENT_3D ( 'NONE', #4414, #939, #2327 ) ;
#2346 = CARTESIAN_POINT ( 'NONE',  ( 5.924599938756992346E-16, 4.174798010941098703, 5.439236112074611995 ) ) ;
#2347 = CARTESIAN_POINT ( 'NONE',  ( 1.976607409580669383, 4.915308479601119274, 3.705750039432256671 ) ) ;
#2348 = AXIS2_PLACEMENT_3D ( 'NONE', #4518, #3020, #1385 ) ;
#2349 = EDGE_LOOP ( 'NONE', ( #2008, #991, #950, #4217, #2246, #3190, #3208, #4103 ) ) ;
#2350 = CARTESIAN_POINT ( 'NONE',  ( -2.096059241854308475, 9.785165828256797482, 4.063935921153053243 ) ) ;
#2351 = CARTESIAN_POINT ( 'NONE',  ( -1.396553427430555550, 9.818901491794177261, 4.263310186148686398 ) ) ;
#2352 = ADVANCED_FACE ( 'NONE', ( #1855 ), #858, .T. ) ;
#2353 = CARTESIAN_POINT ( 'NONE',  ( -1.365554560877247248, 10.26634601726196472, 3.329079996578777401 ) ) ;
#2354 = CARTESIAN_POINT ( 'NONE',  ( 3.500000000000000000, 2.600000000000005862, -0.6000000000000006439 ) ) ;
#2355 = DIRECTION ( 'NONE',  ( 0.000000000000000000, 0.000000000000000000, -1.000000000000000000 ) ) ;
#2356 = VERTEX_POINT ( 'NONE', #3338 ) ;
#2357 = DIRECTION ( 'NONE',  ( 0.000000000000000000, 0.000000000000000000, 1.000000000000000000 ) ) ;
#2358 = CARTESIAN_POINT ( 'NONE',  ( 0.000000000000000000, 7.400000000000001243, 9.859920353756539413 ) ) ;
#2359 = CARTESIAN_POINT ( 'NONE',  ( 2.793106854861110655, 9.012600994529453402, 4.086921297259796582 ) ) ;
#2360 = CARTESIAN_POINT ( 'NONE',  ( -1.448129140635245671, 10.22554028008932292, 5.448779304909952437 ) ) ;
#2361 = CARTESIAN_POINT ( 'NONE',  ( 2.409834816044134076, 9.053373364285036473, 6.459017860650154930 ) ) ;
#2362 = ORIENTED_EDGE ( 'NONE', *, *, #3656, .F. ) ;
#2363 = AXIS2_PLACEMENT_3D ( 'NONE', #2684, #3727, #1003 ) ;
#2364 = CARTESIAN_POINT ( 'NONE',  ( -3.500000000000000000, 10.80000000000000071, -4.099999999999997868 ) ) ;
#2365 = CARTESIAN_POINT ( 'NONE',  ( -3.174999999999998934, 5.566912895322936983, 6.247685185185183343 ) ) ;
#2366 = ORIENTED_EDGE ( 'NONE', *, *, #172, .F. ) ;
#2367 = CARTESIAN_POINT ( 'NONE',  ( 1.396553427430556660, 4.981098508205824338, 5.321643519482019080 ) ) ;
#2368 = VECTOR ( 'NONE', #1156, 1000.000000000000000 ) ;
#2369 = APPLICATION_CONTEXT ( 'automotive_design' ) ;
#2370 = CARTESIAN_POINT ( 'NONE',  ( 3.500000000000000000, 10.41968951581031178, -1.172548604234028513 ) ) ;
#2371 = CARTESIAN_POINT ( 'NONE',  ( 2.871234365910190434, 6.044750221433872639, 3.758543825649849790 ) ) ;
#2372 = CARTESIAN_POINT ( 'NONE',  ( 3.500000000000000000, 10.80000000000000249, -4.687597141717331439 ) ) ;
#2373 = CARTESIAN_POINT ( 'NONE',  ( 1.013901115414115539, 10.40879579884136774, 3.946475952682899191 ) ) ;
#2374 = CARTESIAN_POINT ( 'NONE',  ( 2.793106854861111543, 5.787399005470550861, 3.969328704667204111 ) ) ;
#2375 = CARTESIAN_POINT ( 'NONE',  ( 0.1411092677350791191, 10.57193181978485796, 6.095463532244648874 ) ) ;
#2376 = CARTESIAN_POINT ( 'NONE',  ( -1.308299066062495353, 9.872374506104483416, 6.528924224206843263 ) ) ;
#2377 = CARTESIAN_POINT ( 'NONE',  ( -2.231756226324518533, 5.139745413237541527, 5.661558856436024634 ) ) ;
#2378 =( BOUNDED_CURVE ( )  B_SPLINE_CURVE ( 2, ( #1489, #1822, #757, #1864, #87, #3256, #130 ),
 .UNSPECIFIED., .F., .F. ) 
 B_SPLINE_CURVE_WITH_KNOTS ( ( 3, 2, 2, 3 ),
 ( 0.7668352541225903485, 0.7923964047688987211, 0.8179575791162821963, 0.8435187534636658935 ),
 .UNSPECIFIED. ) 
 CURVE ( )  GEOMETRIC_REPRESENTATION_ITEM ( )  RATIONAL_B_SPLINE_CURVE ( ( 1.000000000000000000, 0.8660254037844387076, 1.000000000000000000, 0.8660254037844387076, 1.000000000000000000, 0.8660254037844437036, 0.9999999999999950040 ) ) 
 REPRESENTATION_ITEM ( '' )  );
#2379 = ADVANCED_FACE ( 'NONE', ( #4466 ), #3721, .F. ) ;
#2380 = ORIENTED_EDGE ( 'NONE', *, *, #2221, .T. ) ;
#2381 = DIRECTION ( 'NONE',  ( -1.000000000000000000, 0.000000000000000000, 0.000000000000000000 ) ) ;
#2382 = CARTESIAN_POINT ( 'NONE',  ( 3.174804973716097933, 7.361951214727893600, 4.511969923372827651 ) ) ;
#2383 = DIRECTION ( 'NONE',  ( -0.000000000000000000, -0.000000000000000000, 1.000000000000000000 ) ) ;
#2384 = CARTESIAN_POINT ( 'NONE',  ( 5.924599938756993332E-16, 4.174798010941098703, 3.146180556519055482 ) ) ;
#2385 = CARTESIAN_POINT ( 'NONE',  ( -2.996850791471596054, 8.448737744875367994, 5.534592309946707367 ) ) ;
#2386 = CARTESIAN_POINT ( 'NONE',  ( -0.7447513968783023852, 10.09198648947574739, 6.528924224206849480 ) ) ;
#2387 = VERTEX_POINT ( 'NONE', #3040 ) ;
#2388 = LINE ( 'NONE', #4426, #543 ) ;
#2389 = CARTESIAN_POINT ( 'NONE',  ( 3.175000000000001155, 5.566912895322941424, 5.071759259259258634 ) ) ;
#2390 = ORIENTED_EDGE ( 'NONE', *, *, #890, .T. ) ;
#2391 = CARTESIAN_POINT ( 'NONE',  ( -2.991459457163063718, 6.336130723102122886, 4.903498632709722749 ) ) ;
#2392 = VECTOR ( 'NONE', #2568, 1000.000000000000000 ) ;
#2393 = DIRECTION ( 'NONE',  ( -2.891205793294674382E-16, -0.000000000000000000, -1.000000000000000000 ) ) ;
#2394 = CARTESIAN_POINT ( 'NONE',  ( -2.841560881190413390, 5.983440082906260393, 3.506471079088085308 ) ) ;
#2395 = CARTESIAN_POINT ( 'NONE',  ( 0.000000000000000000, 0.05000000000000056483, -4.099999999999997868 ) ) ;
#2396 = ORIENTED_EDGE ( 'NONE', *, *, #3214, .F. ) ;
#2397 = CARTESIAN_POINT ( 'NONE',  ( -2.632100426959761208, 9.175610184836187955, 4.093410179747748678 ) ) ;
#2398 = CARTESIAN_POINT ( 'NONE',  ( 2.793106854861110655, 7.227033917128732554, 2.610707453795231725 ) ) ;
#2399 = CARTESIAN_POINT ( 'NONE',  ( -1.065442768662998363, 10.39761452865172231, 6.140140160008852099 ) ) ;
#2400 = DIRECTION ( 'NONE',  ( -1.000000000000000000, 0.000000000000000000, 0.000000000000000000 ) ) ;
#2401 = LINE ( 'NONE', #988, #3202 ) ;
#2402 = ORIENTED_EDGE ( 'NONE', *, *, #2855, .F. ) ;
#2403 = CARTESIAN_POINT ( 'NONE',  ( -1.750897127602934145, 5.223809486459442653, 3.071075775793148832 ) ) ;
#2404 = EDGE_CURVE ( 'NONE', #3726, #63, #2927, .T. ) ;
#2405 = COLOUR_RGB ( '',0.9019607843137255054, 0.5686274509803921351, 0.2196078431372548989 ) ;
#2406 = CARTESIAN_POINT ( 'NONE',  ( 1.620620313782387134, 4.669572890265834886, 4.396918574468319463 ) ) ;
#2407 = FACE_OUTER_BOUND ( 'NONE', #553, .T. ) ;
#2408 = CARTESIAN_POINT ( 'NONE',  ( 1.396553427430556660, 4.981098508205824338, 4.616087963926463367 ) ) ;
#2409 = CARTESIAN_POINT ( 'NONE',  ( -1.284379430335208960, 10.30402350817918489, 5.442706511357555677 ) ) ;
#2410 = CARTESIAN_POINT ( 'NONE',  ( 0.000000000000000000, 2.300000000000006040, -4.099999999999997868 ) ) ;
#2411 = ORIENTED_EDGE ( 'NONE', *, *, #279, .T. ) ;
#2412 = EDGE_CURVE ( 'NONE', #1630, #1281, #259, .T. ) ;
#2413 = CARTESIAN_POINT ( 'NONE',  ( 3.400000000000001243, 7.400000000000001243, 3.421465696508421583 ) ) ;
#2414 = CARTESIAN_POINT ( 'NONE',  ( 1.587499999999999245, 10.14963065701559408, 5.248148148148146674 ) ) ;
#2415 = ORIENTED_EDGE ( 'NONE', *, *, #2525, .F. ) ;
#2416 = CARTESIAN_POINT ( 'NONE',  ( -3.057828522147386430, 6.540922722192289207, 4.895555545497198402 ) ) ;
#2417 = STYLED_ITEM ( 'NONE', ( #2587 ), #2352 ) ;
#2418 = CARTESIAN_POINT ( 'NONE',  ( 3.058824736665998412, 7.202212704181874869, 0.8150543067831231836 ) ) ;
#2419 = CARTESIAN_POINT ( 'NONE',  ( -2.680776606414741359, 5.690886895062924111, 3.518781161841178395 ) ) ;
#2420 = DIRECTION ( 'NONE',  ( 1.000000000000000000, -8.195543980992789655E-16, 0.000000000000000000 ) ) ;
#2421 = ORIENTED_EDGE ( 'NONE', *, *, #1461, .F. ) ;
#2422 = CARTESIAN_POINT ( 'NONE',  ( -1.352860541093553470, 10.27292217924519591, 4.033938818488831402 ) ) ;
#2423 = CARTESIAN_POINT ( 'NONE',  ( 5.924599938756993332E-16, 4.174798010941098703, 3.851736112074612084 ) ) ;
#2424 = CARTESIAN_POINT ( 'NONE',  ( -1.401912447657877037, 10.24923841355548859, 6.152488814249351456 ) ) ;
#2425 = PLANE ( 'NONE',  #2710 ) ;
#2426 = STYLED_ITEM ( 'NONE', ( #2672 ), #2971 ) ;
#2427 = DIRECTION ( 'NONE',  ( -0.000000000000000000, -0.000000000000000000, 1.000000000000000000 ) ) ;
#2428 = AXIS2_PLACEMENT_3D ( 'NONE', #2969, #3333, #1188 ) ;
#2429 = ORIENTED_EDGE ( 'NONE', *, *, #610, .T. ) ;
#2430 = FACE_OUTER_BOUND ( 'NONE', #246, .T. ) ;
#2431 = CARTESIAN_POINT ( 'NONE',  ( -1.954780418695421851, 4.897753749737720597, 4.263377295922273547 ) ) ;
#2432 = CYLINDRICAL_SURFACE ( 'NONE', #4248, 3.174999999999999822 ) ;
#2433 = CARTESIAN_POINT ( 'NONE',  ( 2.793106854861110655, 7.400000000000001243, 2.617013889852389141 ) ) ;
#2434 = FACE_BOUND ( 'NONE', #4023, .T. ) ;
#2435 = ORIENTED_EDGE ( 'NONE', *, *, #78, .F. ) ;
#2436 = CARTESIAN_POINT ( 'NONE',  ( -3.091504131881605222, 7.634478075056509994, 0.5623501172666044434 ) ) ;
#2437 = CARTESIAN_POINT ( 'NONE',  ( 6.734652765903158157E-16, 3.733825790645878051, 4.954166666666664831 ) ) ;
#2438 = ADVANCED_FACE ( 'NONE', ( #2407 ), #3144, .T. ) ;
#2439 = CARTESIAN_POINT ( 'NONE',  ( -3.174999997389154061, 7.299386478147031454, 4.869138753835171585 ) ) ;
#2440 = DIRECTION ( 'NONE',  ( 1.000000000000000000, 0.000000000000000000, 0.000000000000000000 ) ) ;
#2441 = DIRECTION ( 'NONE',  ( 1.000000000000000000, 0.000000000000000000, 0.000000000000000000 ) ) ;
#2442 = CARTESIAN_POINT ( 'NONE',  ( 0.000000000000000000, 7.400000000000001243, 2.999999999999999112 ) ) ;
#2443 = EDGE_LOOP ( 'NONE', ( #4265, #338, #1471, #3100 ) ) ;
#2444 = CARTESIAN_POINT ( 'NONE',  ( 1.053882283083939830, 10.39518546579412117, 3.944995765791907250 ) ) ;
#2445 = CONICAL_SURFACE ( 'NONE', #3605, 2.669999999999999485, 1.047197551196603182 ) ;
#2446 = CARTESIAN_POINT ( 'NONE',  ( 2.629596630087914555, 9.180448111846425618, 5.991473129792622920 ) ) ;
#2447 = DIRECTION ( 'NONE',  ( -2.891205793294674382E-16, -0.000000000000000000, -1.000000000000000000 ) ) ;
#2448 = CARTESIAN_POINT ( 'NONE',  ( -3.175000002610963268, 7.500617966660826141, 4.862480063085365067 ) ) ;
#2449 = ORIENTED_EDGE ( 'NONE', *, *, #2462, .T. ) ;
#2450 = CARTESIAN_POINT ( 'NONE',  ( -2.793106854861109323, 5.787399005470548197, 4.439699075037575327 ) ) ;
#2451 = CARTESIAN_POINT ( 'NONE',  ( -0.5174857709189629729, 4.255276276343828101, 4.317916585806722551 ) ) ;
#2452 = FACE_OUTER_BOUND ( 'NONE', #1455, .T. ) ;
#2453 = CARTESIAN_POINT ( 'NONE',  ( -2.793106854861110211, 5.787399005470547309, 5.145254630593130152 ) ) ;
#2454 = CARTESIAN_POINT ( 'NONE',  ( -2.793106854861110655, 7.400000000000001243, 6.673958334296833605 ) ) ;
#2455 = ORIENTED_EDGE ( 'NONE', *, *, #3188, .F. ) ;
#2456 = VERTEX_POINT ( 'NONE', #4146 ) ;
#2457 = CARTESIAN_POINT ( 'NONE',  ( 0.4000000000000003553, 7.400000000000001243, 7.214213562373092969 ) ) ;
#2458 = DIRECTION ( 'NONE',  ( -0.000000000000000000, -0.000000000000000000, 1.000000000000000000 ) ) ;
#2459 = VECTOR ( 'NONE', #2156, 1000.000000000000000 ) ;
#2460 = ORIENTED_EDGE ( 'NONE', *, *, #4311, .F. ) ;
#2461 = CARTESIAN_POINT ( 'NONE',  ( -2.984376229952199644, 6.316410035663784228, 4.904290390023074764 ) ) ;
#2462 = EDGE_CURVE ( 'NONE', #2001, #2164, #891, .T. ) ;
#2463 = CARTESIAN_POINT ( 'NONE',  ( 2.350023846153348472, 10.55146262057152740, -0.6000000000000005329 ) ) ;
#2464 = CARTESIAN_POINT ( 'NONE',  ( -2.861306515732724431, 6.023913365817431753, 3.504808228010346749 ) ) ;
#2465 = CARTESIAN_POINT ( 'NONE',  ( 0.000000000000000000, -1.810193359837561022, -4.099999999999997868 ) ) ;
#2466 = EDGE_CURVE ( 'NONE', #2164, #4082, #677, .T. ) ;
#2467 = ORIENTED_EDGE ( 'NONE', *, *, #174, .T. ) ;
#2468 = CARTESIAN_POINT ( 'NONE',  ( 2.249554517573357781, 9.642649664763965234, 3.896645117314102347 ) ) ;
#2469 = CARTESIAN_POINT ( 'NONE',  ( -1.331003768165851309, 10.28254387013754823, 6.149988087758534228 ) ) ;
#2470 = CARTESIAN_POINT ( 'NONE',  ( -1.750897127602934145, 5.223809486459442653, 3.071075775793148832 ) ) ;
#2471 = DIRECTION ( 'NONE',  ( 0.000000000000000000, 6.570922257487904077E-16, 1.000000000000000000 ) ) ;
#2472 = EDGE_CURVE ( 'NONE', #1430, #1605, #334, .T. ) ;
#2473 = ORIENTED_EDGE ( 'NONE', *, *, #1077, .F. ) ;
#2474 = CARTESIAN_POINT ( 'NONE',  ( 5.924599938756992346E-16, 4.174798010941098703, 4.557291667630167353 ) ) ;
#2475 = CARTESIAN_POINT ( 'NONE',  ( -0.7351906534257474091, 4.306732616715081896, 4.309833878011972708 ) ) ;
#2476 = LINE ( 'NONE', #3539, #681 ) ;
#2477 = CARTESIAN_POINT ( 'NONE',  ( -2.793106854861110211, 5.787399005470547309, 4.616087963926465143 ) ) ;
#2478 = CARTESIAN_POINT ( 'NONE',  ( -1.974866646252330782E-16, 10.62520198905890290, 3.675347223185722711 ) ) ;
#2479 = AXIS2_PLACEMENT_3D ( 'NONE', #3378, #1579, #2259 ) ;
#2480 = ORIENTED_EDGE ( 'NONE', *, *, #91, .F. ) ;
#2481 = DIRECTION ( 'NONE',  ( 0.000000000000000000, 0.000000000000000000, -1.000000000000000000 ) ) ;
#2482 = CARTESIAN_POINT ( 'NONE',  ( 3.150740743042893754, 7.008263136621641465, 3.000874677638403654 ) ) ;
#2483 = VECTOR ( 'NONE', #56, 1000.000000000000000 ) ;
#2484 = EDGE_LOOP ( 'NONE', ( #3492, #2272 ) ) ;
#2485 = ORIENTED_EDGE ( 'NONE', *, *, #2601, .T. ) ;
#2486 = CARTESIAN_POINT ( 'NONE',  ( -1.801822839557191580, 4.785311794210011627, 3.563943748439108106 ) ) ;
#2487 = DIRECTION ( 'NONE',  ( 0.000000000000000000, 0.000000000000000000, 1.000000000000000000 ) ) ;
#2488 = ORIENTED_EDGE ( 'NONE', *, *, #4221, .T. ) ;
#2489 = CARTESIAN_POINT ( 'NONE',  ( 2.973018148554091855, 7.400000000000082956, 6.425052390362954391 ) ) ;
#2490 = FACE_BOUND ( 'NONE', #4054, .T. ) ;
#2491 = CARTESIAN_POINT ( 'NONE',  ( 3.010906761638496132, 7.400000000000001243, 3.196822610600547065 ) ) ;
#2492 = DIRECTION ( 'NONE',  ( 0.000000000000000000, 0.000000000000000000, -1.000000000000000000 ) ) ;
#2493 = CARTESIAN_POINT ( 'NONE',  ( -2.519763337624554733, 9.343199536380083714, 4.791511338303146239 ) ) ;
#2494 = EDGE_CURVE ( 'NONE', #2001, #2571, #943, .T. ) ;
#2495 = CARTESIAN_POINT ( 'NONE',  ( 1.587500000000001465, 4.650369342984409293, 4.395601853778853929 ) ) ;
#2496 = AXIS2_PLACEMENT_3D ( 'NONE', #3991, #2878, #4015 ) ;
#2497 = CARTESIAN_POINT ( 'NONE',  ( 0.2545656085525677681, 4.234951607733481005, 4.346246600283295791 ) ) ;
#2498 = CARTESIAN_POINT ( 'NONE',  ( 0.000000000000000000, 7.400000000000001243, 5.599999999999997868 ) ) ;
#2499 = CARTESIAN_POINT ( 'NONE',  ( 1.396553427430554661, 9.818901491794177261, 5.027662038000538125 ) ) ;
#2500 = CARTESIAN_POINT ( 'NONE',  ( -1.974866646252330782E-16, 10.62520198905890290, 4.380902778741278425 ) ) ;
#2501 = B_SPLINE_CURVE_WITH_KNOTS ( 'NONE', 3,
 ( #2167, #3948, #844, #1883, #2555, #781 ),
 .UNSPECIFIED., .F., .F.,
 ( 4, 2, 4 ),
 ( 0.01489066693360295915, 0.01666959820864110167, 0.01844852948367924420 ),
 .UNSPECIFIED. ) ;
#2502 = CIRCLE ( 'NONE', #3296, 2.500000000000001776 ) ;
#2503 = ORIENTED_EDGE ( 'NONE', *, *, #3600, .F. ) ;
#2504 = CARTESIAN_POINT ( 'NONE',  ( 2.859523557983185693, 8.468893304004577516, 3.216497430797658819 ) ) ;
#2505 = CARTESIAN_POINT ( 'NONE',  ( -3.063450130210796818, 7.400000000000001243, 0.4779884980042864995 ) ) ;
#2506 = ORIENTED_EDGE ( 'NONE', *, *, #4030, .F. ) ;
#2507 = EDGE_LOOP ( 'NONE', ( #3001, #4329, #3867, #1122 ) ) ;
#2508 = DIRECTION ( 'NONE',  ( -0.000000000000000000, 1.000000000000000000, -0.000000000000000000 ) ) ;
#2509 = EDGE_LOOP ( 'NONE', ( #1416, #3335, #2226, #4497 ) ) ;
#2510 = CARTESIAN_POINT ( 'NONE',  ( 3.157122933070752424, 7.748557788238355393, 3.819181968621899070 ) ) ;
#2511 = CARTESIAN_POINT ( 'NONE',  ( 2.000000000000000000, 1.300000000000006040, -6.100000000000000533 ) ) ;
#2512 = AXIS2_PLACEMENT_3D ( 'NONE', #2024, #562, #1679 ) ;
#2513 = DIRECTION ( 'NONE',  ( 0.000000000000000000, -1.000000000000000000, 0.000000000000000000 ) ) ;
#2514 = CARTESIAN_POINT ( 'NONE',  ( -3.099999999999999645, 7.400000000000001243, -0.5999999999999998668 ) ) ;
#2515 = DIRECTION ( 'NONE',  ( -0.000000000000000000, 1.000000000000000000, -6.144666340335573524E-16 ) ) ;
#2516 = ORIENTED_EDGE ( 'NONE', *, *, #4080, .T. ) ;
#2517 = CARTESIAN_POINT ( 'NONE',  ( 3.175000000000001155, 5.566912895322941424, 6.571064816741817971 ) ) ;
#2518 = FACE_OUTER_BOUND ( 'NONE', #3803, .T. ) ;
#2519 = PLANE ( 'NONE',  #1111 ) ;
#2520 = B_SPLINE_CURVE_WITH_KNOTS ( 'NONE', 3,
 ( #2787, #4509, #46, #1399 ),
 .UNSPECIFIED., .F., .F.,
 ( 4, 4 ),
 ( 0.000000000000000000, 0.0008076796521568947338 ),
 .UNSPECIFIED. ) ;
#2521 = CARTESIAN_POINT ( 'NONE',  ( -2.793106854861110211, 5.787399005470547309, 5.321643519482019080 ) ) ;
#2522 = CARTESIAN_POINT ( 'NONE',  ( -1.396553427430553329, 4.981098508205822561, 4.674884260222760268 ) ) ;
#2523 = ADVANCED_FACE ( 'NONE', ( #3434 ), #921, .T. ) ;
#2524 = ORIENTED_EDGE ( 'NONE', *, *, #1042, .F. ) ;
#2525 = EDGE_CURVE ( 'NONE', #3306, #2531, #85, .T. ) ;
#2526 = CARTESIAN_POINT ( 'NONE',  ( 2.370195808599881993, 5.641263092622505582, 3.160687905378448015 ) ) ;
#2527 = DIRECTION ( 'NONE',  ( -0.000000000000000000, -0.000000000000000000, 1.000000000000000000 ) ) ;
#2528 = ORIENTED_EDGE ( 'NONE', *, *, #3161, .T. ) ;
#2529 = CARTESIAN_POINT ( 'NONE',  ( -3.091825441538752273, 7.627823371188460655, 0.7585185627603467928 ) ) ;
#2530 = CARTESIAN_POINT ( 'NONE',  ( -0.5000000000000004441, 7.400000000000001243, 5.799999999999998046 ) ) ;
#2531 = VERTEX_POINT ( 'NONE', #3698 ) ;
#2532 = DIRECTION ( 'NONE',  ( -0.000000000000000000, 1.000000000000000000, -0.000000000000000000 ) ) ;
#2533 = DIRECTION ( 'NONE',  ( 0.000000000000000000, 0.000000000000000000, 1.000000000000000000 ) ) ;
#2534 = CARTESIAN_POINT ( 'NONE',  ( 0.000000000000000000, 7.400000000000001243, 5.799999999999998046 ) ) ;
#2535 = DIRECTION ( 'NONE',  ( 1.000000000000000000, 0.000000000000000000, -0.000000000000000000 ) ) ;
#2536 = CARTESIAN_POINT ( 'NONE',  ( -3.154078742620640696, 7.763939324876513837, 4.853894164735232941 ) ) ;
#2537 = CARTESIAN_POINT ( 'NONE',  ( 1.587500000000001465, 4.650369342984409293, 2.984490742667742502 ) ) ;
#2538 = DIRECTION ( 'NONE',  ( 0.000000000000000000, 0.000000000000000000, -1.000000000000000000 ) ) ;
#2539 = CARTESIAN_POINT ( 'NONE',  ( 3.058866661489605399, 7.202718309735169022, 0.5840511543769831837 ) ) ;
#2540 = CARTESIAN_POINT ( 'NONE',  ( -2.793106854861111099, 9.012600994529453402, 5.909606482444981879 ) ) ;
#2541 = CARTESIAN_POINT ( 'NONE',  ( 2.793106854861110655, 7.400000000000001243, 6.321180556519056637 ) ) ;
#2542 = CARTESIAN_POINT ( 'NONE',  ( 3.500000000000000000, 1.300000000000006040, -6.100000000000000533 ) ) ;
#2543 = ADVANCED_FACE ( 'NONE', ( #3016 ), #238, .F. ) ;
#2544 = CARTESIAN_POINT ( 'NONE',  ( -3.099999999999999645, 7.400000000000001243, 1.999999999999998224 ) ) ;
#2545 = CARTESIAN_POINT ( 'NONE',  ( -1.587499999999997691, 4.650369342984407517, 5.600925925925924531 ) ) ;
#2546 = CARTESIAN_POINT ( 'NONE',  ( 3.056639957652750539, 7.620781940094322415, 0.7004915850202685368 ) ) ;
#2547 = ORIENTED_EDGE ( 'NONE', *, *, #1947, .T. ) ;
#2548 = ORIENTED_EDGE ( 'NONE', *, *, #2258, .T. ) ;
#2549 = EDGE_CURVE ( 'NONE', #1557, #1236, #1269, .T. ) ;
#2550 = CARTESIAN_POINT ( 'NONE',  ( 3.173440334106641281, 7.507233482918275413, 5.222206705575475283 ) ) ;
#2551 = PRESENTATION_LAYER_ASSIGNMENT (  '', '', ( #1028 ) ) ;
#2552 = CARTESIAN_POINT ( 'NONE',  ( 0.000000000000000000, 0.000000000000000000, 0.000000000000000000 ) ) ;
#2553 = CARTESIAN_POINT ( 'NONE',  ( 2.865119353807785707, 8.768272964302877170, 3.857257668544110896 ) ) ;
#2554 = CARTESIAN_POINT ( 'NONE',  ( 0.000000000000000000, 7.400000000000001243, 9.859920353756539413 ) ) ;
#2555 = CARTESIAN_POINT ( 'NONE',  ( -2.923435124833656751, 10.42072316667535858, -0.6000000000000007550 ) ) ;
#2556 = CYLINDRICAL_SURFACE ( 'NONE', #3074, 2.500000000000001776 ) ;
#2557 = CARTESIAN_POINT ( 'NONE',  ( 2.797981793315156729, 8.902129876329800240, 4.568375513707540136 ) ) ;
#2558 = ORIENTED_EDGE ( 'NONE', *, *, #660, .F. ) ;
#2559 = CARTESIAN_POINT ( 'NONE',  ( -1.587499999999997691, 4.650369342984407517, 6.394675927852928154 ) ) ;
#2560 = AXIS2_PLACEMENT_3D ( 'NONE', #2498, #1066, #94 ) ;
#2561 = CARTESIAN_POINT ( 'NONE',  ( -2.030938587049941457, 9.840629664593393500, 3.355403942705855069 ) ) ;
#2562 = CARTESIAN_POINT ( 'NONE',  ( -2.793106854861110655, 7.400000000000001243, 6.673958334296833605 ) ) ;
#2563 = CARTESIAN_POINT ( 'NONE',  ( -1.396553427430555550, 9.818901491794177261, 3.028587963926463900 ) ) ;
#2564 = VECTOR ( 'NONE', #917, 1000.000000000000000 ) ;
#2565 = LINE ( 'NONE', #3610, #3185 ) ;
#2566 = DIRECTION ( 'NONE',  ( -0.000000000000000000, -0.000000000000000000, 1.000000000000000000 ) ) ;
#2567 = DIRECTION ( 'NONE',  ( 0.000000000000000000, 0.000000000000000000, -1.000000000000000000 ) ) ;
#2568 = DIRECTION ( 'NONE',  ( 1.000000000000000000, 0.000000000000000000, 0.000000000000000000 ) ) ;
#2569 = AXIS2_PLACEMENT_3D ( 'NONE', #421, #379, #1501 ) ;
#2570 = VERTEX_POINT ( 'NONE', #2017 ) ;
#2571 = VERTEX_POINT ( 'NONE', #1673 ) ;
#2572 = CARTESIAN_POINT ( 'NONE',  ( 1.105331988635620544, 10.37673937632392018, 5.354121295891091314 ) ) ;
#2573 = CARTESIAN_POINT ( 'NONE',  ( 0.000000000000000000, 0.000000000000000000, 4.099999999999997868 ) ) ;
#2574 = CARTESIAN_POINT ( 'NONE',  ( -1.587499999999997691, 4.650369342984407517, 3.484259259259258279 ) ) ;
#2575 = DIRECTION ( 'NONE',  ( 0.000000000000000000, 6.570922257487904077E-16, 1.000000000000000000 ) ) ;
#2576 = DIRECTION ( 'NONE',  ( 0.000000000000000000, 0.000000000000000000, -1.000000000000000000 ) ) ;
#2577 = CARTESIAN_POINT ( 'NONE',  ( 3.099999999999999645, 7.400000000000041211, 0.4380362620514045013 ) ) ;
#2578 = CARTESIAN_POINT ( 'NONE',  ( 0.2585559988143138477, 10.57658622362115786, 4.680026272742860094 ) ) ;
#2579 = CARTESIAN_POINT ( 'NONE',  ( -1.172866836375765498, 10.74385936067396408, -7.599999999999999645 ) ) ;
#2580 = CIRCLE ( 'NONE', #2653, 0.4000000000000003553 ) ;
#2581 = CARTESIAN_POINT ( 'NONE',  ( -2.244884255301052719E-16, 11.06617420935412355, 4.689583335260335772 ) ) ;
#2582 = CARTESIAN_POINT ( 'NONE',  ( -2.712528356643080230, 9.054840785449989937, 3.393265938968365258 ) ) ;
#2583 = PLANE ( 'NONE',  #4027 ) ;
#2584 = CARTESIAN_POINT ( 'NONE',  ( 0.07848165293836140144, 4.224811678028794759, 5.750831073963929896 ) ) ;
#2585 = EDGE_LOOP ( 'NONE', ( #236, #4417 ) ) ;
#2586 = CARTESIAN_POINT ( 'NONE',  ( 3.002952511129835855, 7.128446538882165839, 3.192230221928189504 ) ) ;
#2587 = PRESENTATION_STYLE_ASSIGNMENT (( #1607 ) ) ;
#2588 = CARTESIAN_POINT ( 'NONE',  ( -2.793106854861110655, 7.400000000000001243, 5.792013889852388964 ) ) ;
#2589 = CARTESIAN_POINT ( 'NONE',  ( 3.056629103082379117, 7.620909035308655710, 0.6424528298678119365 ) ) ;
#2590 = CIRCLE ( 'NONE', #3393, 0.6399999999999999023 ) ;
#2591 = ORIENTED_EDGE ( 'NONE', *, *, #4081, .T. ) ;
#2592 = ORIENTED_EDGE ( 'NONE', *, *, #3665, .T. ) ;
#2593 = CARTESIAN_POINT ( 'NONE',  ( 1.233844025385780530, 10.32689227674230814, 5.349409847001564522 ) ) ;
#2594 = FACE_OUTER_BOUND ( 'NONE', #4002, .T. ) ;
#2595 = CARTESIAN_POINT ( 'NONE',  ( 0.2661477702090164210, 4.233080720132883279, 5.052272279420913392 ) ) ;
#2596 = ADVANCED_FACE ( 'NONE', ( #1334 ), #3459, .F. ) ;
#2597 = CARTESIAN_POINT ( 'NONE',  ( -1.396553427430555550, 9.818901491794177261, 4.439699075037575327 ) ) ;
#2598 = DIRECTION ( 'NONE',  ( 1.000000000000000000, 0.000000000000000000, 0.000000000000000000 ) ) ;
#2599 = EDGE_CURVE ( 'NONE', #2255, #1663, #3091, .T. ) ;
#2600 = CARTESIAN_POINT ( 'NONE',  ( 1.651592397390143629, 10.11190028186153889, 4.628371859017208045 ) ) ;
#2601 = EDGE_CURVE ( 'NONE', #3593, #2778, #73, .T. ) ;
#2602 = CARTESIAN_POINT ( 'NONE',  ( 0.000000000000000000, 0.05000000000000065503, -4.099999999999997868 ) ) ;
#2603 = ADVANCED_FACE ( 'NONE', ( #763 ), #1426, .T. ) ;
#2604 = CARTESIAN_POINT ( 'NONE',  ( 2.793106854861110655, 9.012600994529453402, 4.792476852815352295 ) ) ;
#2605 = CARTESIAN_POINT ( 'NONE',  ( -3.118991888738794849, 6.806233326786402138, 4.180514108321223610 ) ) ;
#2606 = EDGE_CURVE ( 'NONE', #4346, #2958, #2130, .T. ) ;
#2607 = CARTESIAN_POINT ( 'NONE',  ( 0.000000000000000000, 7.400000000000001243, 5.599999999999997868 ) ) ;
#2608 = CARTESIAN_POINT ( 'NONE',  ( 0.2897775375416977162, 4.238145389991246681, 5.758645134117775122 ) ) ;
#2609 = EDGE_LOOP ( 'NONE', ( #243, #3352 ) ) ;
#2610 = DIRECTION ( 'NONE',  ( 1.000000000000000000, 0.000000000000000000, 0.000000000000000000 ) ) ;
#2611 = DIRECTION ( 'NONE',  ( 1.000000000000000000, 0.000000000000000000, 0.000000000000000000 ) ) ;
#2612 = CARTESIAN_POINT ( 'NONE',  ( -2.793106854861110655, 7.400000000000001243, 7.203125000963500391 ) ) ;
#2613 = FACE_OUTER_BOUND ( 'NONE', #1112, .T. ) ;
#2614 = CARTESIAN_POINT ( 'NONE',  ( -3.091834716763572910, 7.627693927710883059, 0.6994998517520655268 ) ) ;
#2615 = ORIENTED_EDGE ( 'NONE', *, *, #3943, .T. ) ;
#2616 = ORIENTED_EDGE ( 'NONE', *, *, #78, .T. ) ;
#2617 = DIRECTION ( 'NONE',  ( 0.000000000000000000, 6.570922257487904077E-16, 1.000000000000000000 ) ) ;
#2618 = CARTESIAN_POINT ( 'NONE',  ( 0.1075435026665667315, 4.225060597355597913, 5.046475418806497082 ) ) ;
#2619 = ADVANCED_FACE ( 'NONE', ( #1404 ), #3906, .F. ) ;
#2620 = CARTESIAN_POINT ( 'NONE',  ( -2.793106854861109323, 5.787399005470548197, 3.910532408370907653 ) ) ;
#2621 = CYLINDRICAL_SURFACE ( 'NONE', #3288, 0.5000000000000002220 ) ;
#2622 = CARTESIAN_POINT ( 'NONE',  ( 2.889125816098641497, 8.723428178291159796, 4.561002724285076582 ) ) ;
#2623 = CIRCLE ( 'NONE', #665, 0.4000000000000003553 ) ;
#2624 = CARTESIAN_POINT ( 'NONE',  ( -3.066023646793464064, 7.458454084161383335, 0.9222553153370467438 ) ) ;
#2625 = CARTESIAN_POINT ( 'NONE',  ( 3.174999999999999822, 7.203384782017737464, 2.390221343647621399 ) ) ;
#2626 = CARTESIAN_POINT ( 'NONE',  ( 2.927451395765960473, 10.41968951581031355, -7.600000000000001421 ) ) ;
#2627 = CARTESIAN_POINT ( 'NONE',  ( -2.678017086334285590, 6.606482269905867177, 6.528924224206849480 ) ) ;
#2628 = CARTESIAN_POINT ( 'NONE',  ( 1.449545726676293667, 4.571926395687940570, 5.801367366430952188 ) ) ;
#2629 = ADVANCED_FACE ( 'NONE', ( #2862 ), #2432, .T. ) ;
#2630 = ORIENTED_EDGE ( 'NONE', *, *, #4390, .F. ) ;
#2631 = CARTESIAN_POINT ( 'NONE',  ( 3.079029706951130319, 6.616805212009846393, 4.486280289086826301 ) ) ;
#2632 = DIRECTION ( 'NONE',  ( 1.000000000000000000, 0.000000000000000000, 0.000000000000000000 ) ) ;
#2633 = CARTESIAN_POINT ( 'NONE',  ( -3.099992159481977261, 7.339588644856793742, 0.4725012272397187130 ) ) ;
#2634 = CARTESIAN_POINT ( 'NONE',  ( 0.000000000000000000, 7.400000000000001243, 7.214213562373092969 ) ) ;
#2635 = CARTESIAN_POINT ( 'NONE',  ( -1.561227932117439376, 4.635201157520244308, 6.307454521032685335 ) ) ;
#2636 = ORIENTED_EDGE ( 'NONE', *, *, #322, .T. ) ;
#2637 = VERTEX_POINT ( 'NONE', #3179 ) ;
#2638 = CARTESIAN_POINT ( 'NONE',  ( 3.098968476850736842, 8.092215310648747106, 5.242202984267848365 ) ) ;
#2639 = VECTOR ( 'NONE', #1357, 1000.000000000000000 ) ;
#2640 = CARTESIAN_POINT ( 'NONE',  ( 1.944754360160075857, 4.890249440448887874, 5.115478092174198466 ) ) ;
#2641 = CARTESIAN_POINT ( 'NONE',  ( -2.793106854861110655, 7.400000000000001243, 4.557291667630168241 ) ) ;
#2642 = CARTESIAN_POINT ( 'NONE',  ( 0.7148792797335867810, 4.306520339667714303, 3.657727003368337115 ) ) ;
#2643 = CARTESIAN_POINT ( 'NONE',  ( 3.093754322063412943, 7.603517901759619946, 0.8183015419212008590 ) ) ;
#2644 = EDGE_CURVE ( 'NONE', #4187, #2387, #2476, .T. ) ;
#2645 = CARTESIAN_POINT ( 'NONE',  ( -3.058866661489605399, 7.202718309735169022, 0.8159488456230155062 ) ) ;
#2646 = CARTESIAN_POINT ( 'NONE',  ( 2.793106854861111543, 5.787399005470550861, 6.791550926889426520 ) ) ;
#2647 = CARTESIAN_POINT ( 'NONE',  ( 1.172953195304747398, 10.74406153241037565, -7.600000000000002309 ) ) ;
#2648 = DIRECTION ( 'NONE',  ( 1.000000000000000000, 0.000000000000000000, 0.000000000000000000 ) ) ;
#2649 = CARTESIAN_POINT ( 'NONE',  ( 2.739067922780621611, 5.792898466417192083, 5.864687451815731478 ) ) ;
#2650 = ORIENTED_EDGE ( 'NONE', *, *, #1318, .F. ) ;
#2651 = EDGE_CURVE ( 'NONE', #4428, #3203, #1739, .T. ) ;
#2652 = CARTESIAN_POINT ( 'NONE',  ( 3.174210561715774315, 7.323378886718061587, 4.510720479091473223 ) ) ;
#2653 = AXIS2_PLACEMENT_3D ( 'NONE', #2926, #4004, #2610 ) ;
#2654 = LINE ( 'NONE', #511, #203 ) ;
#2655 = CARTESIAN_POINT ( 'NONE',  ( -0.4000000000000003553, 7.400000000000001243, 0.7999999999999977129 ) ) ;
#2656 = LINE ( 'NONE', #1285, #4150 ) ;
#2657 = CARTESIAN_POINT ( 'NONE',  ( -3.091844198816934064, 7.172438397354191864, 0.7601952914806993089 ) ) ;
#2658 = EDGE_CURVE ( 'NONE', #3127, #1903, #51, .T. ) ;
#2659 = ORIENTED_EDGE ( 'NONE', *, *, #2658, .T. ) ;
#2660 = ORIENTED_EDGE ( 'NONE', *, *, #2651, .F. ) ;
#2661 = AXIS2_PLACEMENT_3D ( 'NONE', #1488, #409, #1799 ) ;
#2662 = PLANE ( 'NONE',  #396 ) ;
#2663 = ORIENTED_EDGE ( 'NONE', *, *, #1148, .F. ) ;
#2664 = CARTESIAN_POINT ( 'NONE',  ( 0.5725523018050844293, 4.277036610878151457, 5.063566830282365316 ) ) ;
#2665 = CARTESIAN_POINT ( 'NONE',  ( 1.396553427430556660, 4.981098508205824338, 4.086921297259796582 ) ) ;
#2666 = CARTESIAN_POINT ( 'NONE',  ( 0.7915432130531099286, 4.325201536467774943, 3.660568790863989452 ) ) ;
#2667 = FILL_AREA_STYLE_COLOUR ( '', #2405 ) ;
#2668 =( BOUNDED_CURVE ( )  B_SPLINE_CURVE ( 1, ( #3243, #2627 ),
 .UNSPECIFIED., .F., .T. ) 
 B_SPLINE_CURVE_WITH_KNOTS ( ( 2, 2 ),
 ( 0.000000000000000000, 0.0004409722202921502769 ),
 .UNSPECIFIED. ) 
 CURVE ( )  GEOMETRIC_REPRESENTATION_ITEM ( )  RATIONAL_B_SPLINE_CURVE ( ( 0.9460731538874260771, 0.9460731538874260771 ) ) 
 REPRESENTATION_ITEM ( '' )  );
#2669 = LINE ( 'NONE', #2988, #3390 ) ;
#2670 = CARTESIAN_POINT ( 'NONE',  ( 1.587499999999999245, 10.14963065701559408, 2.514120372297372619 ) ) ;
#2671 = CARTESIAN_POINT ( 'NONE',  ( -3.148304482261668369, 7.811118448599261299, 6.263352820022821454 ) ) ;
#2672 = PRESENTATION_STYLE_ASSIGNMENT (( #254 ) ) ;
#2673 = CARTESIAN_POINT ( 'NONE',  ( -3.174999999997476952, 7.400002787240521407, 5.571438047546256378 ) ) ;
#2674 = ORIENTED_EDGE ( 'NONE', *, *, #1049, .F. ) ;
#2675 = LINE ( 'NONE', #4393, #1093 ) ;
#2676 = CARTESIAN_POINT ( 'NONE',  ( 1.587499999999999245, 10.14963065701559408, 5.953703703703702388 ) ) ;
#2677 = CARTESIAN_POINT ( 'NONE',  ( 1.396553427430556660, 4.981098508205824338, 6.027199075037574794 ) ) ;
#2678 = DIRECTION ( 'NONE',  ( 1.000000000000000000, 0.000000000000000000, 0.000000000000000000 ) ) ;
#2679 = FACE_OUTER_BOUND ( 'NONE', #4151, .T. ) ;
#2680 = APPLICATION_PROTOCOL_DEFINITION ( 'draft international standard', 'automotive_design', 1998, #2369 ) ;
#2681 =( BOUNDED_CURVE ( )  B_SPLINE_CURVE ( 2, ( #4125, #3067, #703, #1286, #1725, #4469, #656 ),
 .UNSPECIFIED., .F., .T. ) 
 B_SPLINE_CURVE_WITH_KNOTS ( ( 3, 2, 2, 3 ),
 ( 0.6901517212675040147, 0.7157128817267472964, 0.7412740560741312157, 0.7668352541225903485 ),
 .UNSPECIFIED. ) 
 CURVE ( )  GEOMETRIC_REPRESENTATION_ITEM ( )  RATIONAL_B_SPLINE_CURVE ( ( 1.000000000000000000, 0.8660254037844387076, 1.000000000000000000, 0.8660254037844387076, 1.000000000000000000, 0.8660254037844387076, 1.000000000000000000 ) ) 
 REPRESENTATION_ITEM ( '' )  );
#2682 = EDGE_LOOP ( 'NONE', ( #2506, #959, #2380, #3719 ) ) ;
#2683 = ORIENTED_EDGE ( 'NONE', *, *, #3355, .T. ) ;
#2684 = CARTESIAN_POINT ( 'NONE',  ( 3.500000000000000000, 1.300000000000006040, -0.6000000000000006439 ) ) ;
#2685 = CARTESIAN_POINT ( 'NONE',  ( -1.587499999999997691, 4.650369342984407517, 4.895370370370369706 ) ) ;
#2686 = ADVANCED_FACE ( 'NONE', ( #742 ), #2519, .T. ) ;
#2687 = ORIENTED_EDGE ( 'NONE', *, *, #4116, .T. ) ;
#2688 = CARTESIAN_POINT ( 'NONE',  ( 1.387862021979239913, 4.543622270282738462, 5.093566539509685853 ) ) ;
#2689 = CARTESIAN_POINT ( 'NONE',  ( 2.860882433034654948, 6.023031904877157672, 3.757655642448231692 ) ) ;
#2690 = CARTESIAN_POINT ( 'NONE',  ( 2.500000000000001776, 7.400000000000001243, 5.799999999999998046 ) ) ;
#2691 = VECTOR ( 'NONE', #825, 1000.000000000000000 ) ;
#2692 = VERTEX_POINT ( 'NONE', #3861 ) ;
#2693 = CARTESIAN_POINT ( 'NONE',  ( -2.679604051907864104, 9.103580861123129253, 4.096596510306637740 ) ) ;
#2694 = CARTESIAN_POINT ( 'NONE',  ( 5.924599938756993332E-16, 4.174798010941098703, 4.557291667630167353 ) ) ;
#2695 = CARTESIAN_POINT ( 'NONE',  ( -3.170054937855069976, 7.604537598593900327, 6.270064712325662093 ) ) ;
#2696 = DIRECTION ( 'NONE',  ( 0.000000000000000000, 0.000000000000000000, 1.000000000000000000 ) ) ;
#2697 = VECTOR ( 'NONE', #591, 1000.000000000000000 ) ;
#2698 = CARTESIAN_POINT ( 'NONE',  ( -2.449369032178501993, 5.378619261668912799, 5.649805669035534272 ) ) ;
#2699 = CARTESIAN_POINT ( 'NONE',  ( 3.500000000000000000, 10.80000000000000249, -7.600000000000001421 ) ) ;
#2700 = DIRECTION ( 'NONE',  ( 1.000000000000000000, 0.000000000000000000, 0.000000000000000000 ) ) ;
#2701 = CARTESIAN_POINT ( 'NONE',  ( -1.396553427430553329, 4.981098508205822561, 5.204050926889426165 ) ) ;
#2702 = CARTESIAN_POINT ( 'NONE',  ( -2.021805118841586424, 9.848171064162583477, 5.471675892462672941 ) ) ;
#2703 = DIRECTION ( 'NONE',  ( 0.000000000000000000, 4.956352788505157351E-16, -1.000000000000000000 ) ) ;
#2704 =( LENGTH_UNIT ( ) NAMED_UNIT ( * ) SI_UNIT ( .MILLI., .METRE. ) );
#2705 = EDGE_CURVE ( 'NONE', #4082, #63, #4190, .T. ) ;
#2706 = ORIENTED_EDGE ( 'NONE', *, *, #4107, .F. ) ;
#2707 = DIRECTION ( 'NONE',  ( -2.891205793294674382E-16, 0.000000000000000000, -1.000000000000000000 ) ) ;
#2708 = CARTESIAN_POINT ( 'NONE',  ( 6.734652765903158157E-16, 3.733825790645878051, 6.365277777777775370 ) ) ;
#2709 = CARTESIAN_POINT ( 'NONE',  ( -3.129087746995188102, 6.858487993407383243, 4.884156108999810897 ) ) ;
#2710 = AXIS2_PLACEMENT_3D ( 'NONE', #3834, #2122, #3855 ) ;
#2711 = CARTESIAN_POINT ( 'NONE',  ( 0.000000000000000000, 2.300000000000006040, -4.099999999999997868 ) ) ;
#2712 = CARTESIAN_POINT ( 'NONE',  ( 0.6826251353217224205, 4.299137439301977004, 3.656533115521905852 ) ) ;
#2713 = CARTESIAN_POINT ( 'NONE',  ( 3.500000000000000000, 10.42072316667535148, -7.023435124833685705 ) ) ;
#2714 = AXIS2_PLACEMENT_3D ( 'NONE', #1769, #3205, #3936 ) ;
#2715 = EDGE_LOOP ( 'NONE', ( #2871, #3731, #3342, #1611 ) ) ;
#2716 = CARTESIAN_POINT ( 'NONE',  ( -1.228052131447786577, 10.32792142339139119, 4.029559462946423309 ) ) ;
#2717 = CARTESIAN_POINT ( 'NONE',  ( 2.793106854861110655, 7.400000000000001243, 4.028125000963500568 ) ) ;
#2718 = CARTESIAN_POINT ( 'NONE',  ( -3.499999999999999112, 6.505213034913026604E-16, -6.100000000000001421 ) ) ;
#2719 = CARTESIAN_POINT ( 'NONE',  ( 3.500000000000000000, 0.000000000000000000, 0.000000000000000000 ) ) ;
#2720 = EDGE_LOOP ( 'NONE', ( #268, #3961, #4090, #3225 ) ) ;
#2721 = DIRECTION ( 'NONE',  ( -0.000000000000000000, -0.000000000000000000, 1.000000000000000000 ) ) ;
#2722 = DIRECTION ( 'NONE',  ( -0.000000000000000000, -0.000000000000000000, -1.000000000000000000 ) ) ;
#2723 = CARTESIAN_POINT ( 'NONE',  ( -2.793106854861110211, 5.787399005470547309, 3.734143519482019169 ) ) ;
#2724 = CARTESIAN_POINT ( 'NONE',  ( -3.175000002699476909, 7.500714667016103121, 5.568022252555492102 ) ) ;
#2725 = CARTESIAN_POINT ( 'NONE',  ( -0.5316301205284273967, 10.15908910034731250, 6.524393871548192614 ) ) ;
#2726 = ORIENTED_EDGE ( 'NONE', *, *, #1492, .F. ) ;
#2727 = AXIS2_PLACEMENT_3D ( 'NONE', #3844, #1727, #4214 ) ;
#2728 = CARTESIAN_POINT ( 'NONE',  ( -1.534669033208806432, 4.620536749927116382, 6.308376388002681523 ) ) ;
#2729 = CARTESIAN_POINT ( 'NONE',  ( -2.244884255301052719E-16, 11.06617420935412355, 7.423611111111109828 ) ) ;
#2730 = CARTESIAN_POINT ( 'NONE',  ( 2.793106854861111099, 5.787399005470551749, 5.380439815778315094 ) ) ;
#2731 = B_SPLINE_CURVE_WITH_KNOTS ( 'NONE', 3,
 ( #4133, #2097, #2116, #383, #3528, #3828 ),
 .UNSPECIFIED., .F., .F.,
 ( 4, 2, 4 ),
 ( 0.001642679155298059539, 0.001848450960540900037, 0.002054222765783740752 ),
 .UNSPECIFIED. ) ;
#2732 = CARTESIAN_POINT ( 'NONE',  ( 3.500000000000000000, 10.80000000000000249, -3.514935753498431126 ) ) ;
#2733 = CARTESIAN_POINT ( 'NONE',  ( 3.163525459733278478, 7.063778203147512258, 3.796591505317163495 ) ) ;
#2734 = DIRECTION ( 'NONE',  ( -0.000000000000000000, -0.000000000000000000, 1.000000000000000000 ) ) ;
#2735 = EDGE_CURVE ( 'NONE', #1860, #2387, #312, .T. ) ;
#2736 = CARTESIAN_POINT ( 'NONE',  ( 0.9868551765372807205, 10.41773850087094111, 3.947477873382674751 ) ) ;
#2737 = VECTOR ( 'NONE', #2393, 1000.000000000000000 ) ;
#2738 = CARTESIAN_POINT ( 'NONE',  ( -1.974866646252330782E-16, 10.62520198905890290, 2.793402778741278514 ) ) ;
#2739 = ADVANCED_FACE ( 'NONE', ( #2452 ), #438, .T. ) ;
#2740 = CARTESIAN_POINT ( 'NONE',  ( -0.04393359386365353753, 10.57563023498961030, 6.102285702348823726 ) ) ;
#2741 = CARTESIAN_POINT ( 'NONE',  ( -0.7447513968783023852, 10.09198648947574739, 6.528924224206849480 ) ) ;
#2742 = DIRECTION ( 'NONE',  ( 0.000000000000000000, 6.570922257487904077E-16, 1.000000000000000000 ) ) ;
#2743 = PRODUCT_DEFINITION ( 'UNKNOWN', '', #220, #3507 ) ;
#2744 = EDGE_CURVE ( 'NONE', #273, #1659, #4395, .T. ) ;
#2745 = CARTESIAN_POINT ( 'NONE',  ( 3.174999999999999822, 7.400000000000001243, 6.629861113038113096 ) ) ;
#2746 = CARTESIAN_POINT ( 'NONE',  ( 1.320857499716515449, 4.511216755763443054, 4.385716647497261533 ) ) ;
#2747 = CARTESIAN_POINT ( 'NONE',  ( 0.000000000000000000, 10.80000000000000071, -4.099999999999997868 ) ) ;
#2748 = CARTESIAN_POINT ( 'NONE',  ( -2.793106854861111099, 9.012600994529453402, 4.322106482444982412 ) ) ;
#2749 = DIRECTION ( 'NONE',  ( -0.000000000000000000, -0.000000000000000000, 1.000000000000000000 ) ) ;
#2750 = CARTESIAN_POINT ( 'NONE',  ( 2.536048696200049690, 8.868190130935866833, 6.454508627297208534 ) ) ;
#2751 = ORIENTED_EDGE ( 'NONE', *, *, #1593, .T. ) ;
#2752 = CARTESIAN_POINT ( 'NONE',  ( -3.499999999999999556, 10.55146262057152207, -1.749976153846649840 ) ) ;
#2753 = CARTESIAN_POINT ( 'NONE',  ( 3.174999999999999822, 7.400000000000001243, 4.424999999999998046 ) ) ;
#2754 = ORIENTED_EDGE ( 'NONE', *, *, #4451, .F. ) ;
#2755 = CARTESIAN_POINT ( 'NONE',  ( -2.793106854861110211, 6.994894973098437774, 6.512339791745088924 ) ) ;
#2756 = CIRCLE ( 'NONE', #793, 2.669999999999999485 ) ;
#2757 = CARTESIAN_POINT ( 'NONE',  ( 3.063786874114287517, 7.284317738258700103, 0.8983908617830442811 ) ) ;
#2758 = CARTESIAN_POINT ( 'NONE',  ( 3.500000000000000000, 2.600000000000005862, -7.600000000000002309 ) ) ;
#2759 = EDGE_LOOP ( 'NONE', ( #4481, #1172, #3979, #2182, #3831 ) ) ;
#2760 = CARTESIAN_POINT ( 'NONE',  ( 0.9912277540513245722, 10.41630458704863926, 3.947315639390498010 ) ) ;
#2761 = CARTESIAN_POINT ( 'NONE',  ( 2.793106854861110655, 9.012600994529453402, 2.675810186148685599 ) ) ;
#2762 = CARTESIAN_POINT ( 'NONE',  ( -2.880659989000753374, 8.779259748677803898, 6.227237451264250545 ) ) ;
#2763 = DIRECTION ( 'NONE',  ( 0.000000000000000000, 0.000000000000000000, 1.000000000000000000 ) ) ;
#2764 = CARTESIAN_POINT ( 'NONE',  ( -2.593652763026668584, 5.568261960634677266, 5.641049903236659446 ) ) ;
#2765 = FACE_OUTER_BOUND ( 'NONE', #2759, .T. ) ;
#2766 = STYLED_ITEM ( 'NONE', ( #1712 ), #4445 ) ;
#2767 = CARTESIAN_POINT ( 'NONE',  ( 0.3845882869283330230, 4.248340406380404666, 4.351049624673256844 ) ) ;
#2768 = CARTESIAN_POINT ( 'NONE',  ( 0.000000000000000000, 7.400000000000001243, 9.859920353756539413 ) ) ;
#2769 = CARTESIAN_POINT ( 'NONE',  ( -2.793106854861110655, 7.400000000000001243, 4.380902778741278425 ) ) ;
#2771 = ADVANCED_FACE ( 'NONE', ( #3501 ), #373, .T. ) ;
#2770 = CARTESIAN_POINT ( 'NONE',  ( -0.9017763033730900046, 10.44471301202285218, 5.428533863916501723 ) ) ;
#2772 = CARTESIAN_POINT ( 'NONE',  ( -0.3148984938940107559, 10.19986383310875411, 6.519825353324877781 ) ) ;
#2773 = PRODUCT_DEFINITION_FORMATION_WITH_SPECIFIED_SOURCE ( 'ANY', '', #4216, .NOT_KNOWN. ) ;
#2774 = EDGE_LOOP ( 'NONE', ( #1002, #2683, #3851, #2890 ) ) ;
#2775 = B_SPLINE_CURVE_WITH_KNOTS ( 'NONE', 3,
 ( #2489, #3871, #1798, #3552, #18, #1079, #408, #3852, #1820, #1096, #3493, #1417, #754, #3191, #1487, #492, #1568, #148, #3965, #3641 ),
 .UNSPECIFIED., .F., .F.,
 ( 4, 2, 2, 2, 2, 2, 2, 2, 2, 4 ),
 ( 0.005287426648201460841, 0.006081091393045697825, 0.006874756137889933942, 0.007668420882734170926, 0.008462085627578407043, 0.009255750372422644895, 0.009652582744844763821, 0.01004941511726688275, 0.01084307986211112060, 0.01163674460695535845 ),
 .UNSPECIFIED. ) ;
#2776 = DIRECTION ( 'NONE',  ( -0.000000000000000000, -0.000000000000000000, 1.000000000000000000 ) ) ;
#2777 = CARTESIAN_POINT ( 'NONE',  ( 1.587500000000001465, 4.650369342984409293, 5.718518518518516558 ) ) ;
#2778 = VERTEX_POINT ( 'NONE', #4209 ) ;
#2779 = CARTESIAN_POINT ( 'NONE',  ( 1.396553427430556660, 4.981098508205824338, 6.027199075037574794 ) ) ;
#2780 = COLOUR_RGB ( '',0.9019607843137255054, 0.5686274509803921351, 0.2196078431372548989 ) ;
#2781 = CARTESIAN_POINT ( 'NONE',  ( 7.225416114969379017E-17, 0.05000000000000065503, -4.639999999999996128 ) ) ;
#2782 = CARTESIAN_POINT ( 'NONE',  ( -3.040004740143163353, 6.451969233319366559, 3.487811453816259011 ) ) ;
#2783 = DIRECTION ( 'NONE',  ( 0.000000000000000000, 0.000000000000000000, 1.000000000000000000 ) ) ;
#2784 = VERTEX_POINT ( 'NONE', #3885 ) ;
#2785 = CARTESIAN_POINT ( 'NONE',  ( -1.978215020382028344, 9.883529067498194820, 4.058594454382149941 ) ) ;
#2786 = CARTESIAN_POINT ( 'NONE',  ( 1.859544949262898594, 9.977151974191814432, 6.031311251663359130 ) ) ;
#2787 = CARTESIAN_POINT ( 'NONE',  ( -2.678017086334285590, 6.606482269905867177, 6.528924224206849480 ) ) ;
#2788 = AXIS2_PLACEMENT_3D ( 'NONE', #1421, #349, #2810 ) ;
#2789 = CARTESIAN_POINT ( 'NONE',  ( -3.157565385940791280, 7.732690044332993118, 4.854908947217152715 ) ) ;
#2790 = ORIENTED_EDGE ( 'NONE', *, *, #1229, .T. ) ;
#2791 = DIRECTION ( 'NONE',  ( 8.673617379884033500E-16, 0.000000000000000000, 1.000000000000000000 ) ) ;
#2792 = CARTESIAN_POINT ( 'NONE',  ( -2.442872902916590316, 5.371924165646972504, 4.239025111196188078 ) ) ;
#2793 = DIRECTION ( 'NONE',  ( 0.000000000000000000, -0.000000000000000000, -1.000000000000000000 ) ) ;
#2794 = CARTESIAN_POINT ( 'NONE',  ( 2.793106854861110655, 9.012600994529453402, 4.792476852815352295 ) ) ;
#2795 = CARTESIAN_POINT ( 'NONE',  ( 2.793106854861110655, 7.400000000000001243, 4.204513889852389497 ) ) ;
#2796 = EDGE_CURVE ( 'NONE', #729, #1541, #1254, .T. ) ;
#2797 = ORIENTED_EDGE ( 'NONE', *, *, #3266, .T. ) ;
#2798 = DIRECTION ( 'NONE',  ( 0.000000000000000000, 4.956352788505157351E-16, -1.000000000000000000 ) ) ;
#2799 = CARTESIAN_POINT ( 'NONE',  ( 0.000000000000000000, 7.400000000000001243, 5.599999999999997868 ) ) ;
#2800 = ADVANCED_FACE ( 'NONE', ( #1892 ), #3285, .T. ) ;
#2801 = CARTESIAN_POINT ( 'NONE',  ( -1.831257068270067734, 4.804492590623245185, 4.974103995912432907 ) ) ;
#2802 = DIRECTION ( 'NONE',  ( -0.000000000000000000, -0.000000000000000000, 1.000000000000000000 ) ) ;
#2803 = CARTESIAN_POINT ( 'NONE',  ( -2.899035004011401462, 6.103508085217739243, 3.501557626507934007 ) ) ;
#2804 = FACE_BOUND ( 'NONE', #3629, .T. ) ;
#2805 = ORIENTED_EDGE ( 'NONE', *, *, #1518, .F. ) ;
#2806 = CARTESIAN_POINT ( 'NONE',  ( 3.174225950925355644, 7.482248008958270802, 3.810294191882745984 ) ) ;
#2807 = VECTOR ( 'NONE', #1118, 1000.000000000000000 ) ;
#2808 = CIRCLE ( 'NONE', #841, 0.5399999999999988143 ) ;
#2809 = CARTESIAN_POINT ( 'NONE',  ( -1.324794306592297133, 10.28540565982977029, 6.149770152673176504 ) ) ;
#2810 = DIRECTION ( 'NONE',  ( 0.000000000000000000, 0.000000000000000000, -1.000000000000000000 ) ) ;
#2811 = CYLINDRICAL_SURFACE ( 'NONE', #3563, 2.669999999999999485 ) ;
#2812 = VERTEX_POINT ( 'NONE', #1580 ) ;
#2813 = CARTESIAN_POINT ( 'NONE',  ( 1.396553427430556660, 4.981098508205824338, 4.616087963926463367 ) ) ;
#2814 = CARTESIAN_POINT ( 'NONE',  ( -1.178931774593388049, 4.451985816730364753, 4.293142192361470322 ) ) ;
#2815 = DIRECTION ( 'NONE',  ( 0.000000000000000000, -1.000000000000000000, 0.000000000000000000 ) ) ;
#2816 = CARTESIAN_POINT ( 'NONE',  ( -2.793106854861110655, 7.400000000000001243, 5.968402778741277892 ) ) ;
#2817 = CARTESIAN_POINT ( 'NONE',  ( 1.396553427430554661, 9.818901491794177261, 6.438773149111648664 ) ) ;
#2818 =( BOUNDED_SURFACE ( )  B_SPLINE_SURFACE ( 3, 2, ( 
 ( #3000, #2614, #2872 ),
 ( #1115, #2529, #4398 ),
 ( #3295, #4267, #3210 ),
 ( #559, #1265, #166 ),
 ( #2955, #3662, #4352 ),
 ( #881, #3320, #538 ),
 ( #4052, #924, #2978 ),
 ( #2269, #1925, #2313 ),
 ( #193, #2657, #1587 ),
 ( #1242, #1484, #3365 ) ),
 .UNSPECIFIED., .F., .F., .F. ) 
 B_SPLINE_SURFACE_WITH_KNOTS ( ( 4, 2, 2, 2, 4 ),
 ( 3, 3 ),
 ( 0.000000000000000000, 0.0002040734825753659889, 0.0004081469651507319777, 0.0006122204477260979666, 0.0008162939303014639554 ),
 ( 0.000000000000000000, 1.000000000000000000 ),
 .UNSPECIFIED. ) 
 GEOMETRIC_REPRESENTATION_ITEM ( )  RATIONAL_B_SPLINE_SURFACE ( (
 ( 1.000000000000000000, 0.7445231720605924863, 1.000000000000000000),
 ( 1.000000000000000000, 0.7443408045294143127, 1.000000000000000000),
 ( 1.000000000000000000, 0.7478668588381912619, 1.000000000000000000),
 ( 1.000000000000000000, 0.7552131938717564497, 1.000000000000000000),
 ( 1.000000000000000000, 0.7585773722525390728, 1.000000000000000000),
 ( 1.000000000000000000, 0.7586194146337204014, 1.000000000000000000),
 ( 1.000000000000000000, 0.7553268063546401123, 1.000000000000000000),
 ( 1.000000000000000000, 0.7478919505535859269, 1.000000000000000000),
 ( 1.000000000000000000, 0.7444163700151164020, 1.000000000000000000),
 ( 1.000000000000000000, 0.7445231733989221556, 1.000000000000000000) ) ) 
 REPRESENTATION_ITEM ( '' )  SURFACE ( )  );
#2819 = CARTESIAN_POINT ( 'NONE',  ( -1.999999999999999112, 6.505213034913026604E-16, -2.100000000000000533 ) ) ;
#2820 = EDGE_CURVE ( 'NONE', #4187, #4392, #1694, .T. ) ;
#2821 = LINE ( 'NONE', #1109, #1128 ) ;
#2822 = CARTESIAN_POINT ( 'NONE',  ( 3.175000000000001155, 5.566912895322941424, 5.777314814814813460 ) ) ;
#2823 = VECTOR ( 'NONE', #2841, 1000.000000000000000 ) ;
#2824 = ORIENTED_EDGE ( 'NONE', *, *, #2124, .F. ) ;
#2825 = ORIENTED_EDGE ( 'NONE', *, *, #1740, .T. ) ;
#2826 = CARTESIAN_POINT ( 'NONE',  ( 0.000000000000000000, 0.05000000000000065503, 0.000000000000000000 ) ) ;
#2827 = EDGE_CURVE ( 'NONE', #3705, #3504, #138, .T. ) ;
#2828 = PRODUCT_DEFINITION_SHAPE ( 'NONE', 'NONE',  #4531 ) ;
#2829 = EDGE_LOOP ( 'NONE', ( #4172, #837 ) ) ;
#2830 = DIRECTION ( 'NONE',  ( -0.000000000000000000, -0.000000000000000000, 1.000000000000000000 ) ) ;
#2831 = CARTESIAN_POINT ( 'NONE',  ( -0.4287695263704630055, 10.56096543702309809, 6.116445706735954779 ) ) ;
#2832 = FACE_OUTER_BOUND ( 'NONE', #2206, .T. ) ;
#2833 = DIRECTION ( 'NONE',  ( 0.000000000000000000, -0.000000000000000000, -1.000000000000000000 ) ) ;
#2834 = ORIENTED_EDGE ( 'NONE', *, *, #1887, .F. ) ;
#2835 = CARTESIAN_POINT ( 'NONE',  ( 2.793106854861110655, 7.400000000000001243, 3.322569445407944855 ) ) ;
#2836 = CARTESIAN_POINT ( 'NONE',  ( 0.2966171339176264521, 4.238592639440853738, 4.347796757555680180 ) ) ;
#2837 = DIRECTION ( 'NONE',  ( -0.000000000000000000, 0.000000000000000000, 1.000000000000000000 ) ) ;
#2838 = CARTESIAN_POINT ( 'NONE',  ( 2.793106854861111543, 5.787399005470550861, 4.145717593556093483 ) ) ;
#2839 = CARTESIAN_POINT ( 'NONE',  ( -1.396553427430553329, 4.981098508205822561, 6.085995371333870807 ) ) ;
#2840 = AXIS2_PLACEMENT_3D ( 'NONE', #2041, #2997, #3433 ) ;
#2841 = DIRECTION ( 'NONE',  ( -0.000000000000000000, 1.000000000000000000, -0.000000000000000000 ) ) ;
#2842 = DIRECTION ( 'NONE',  ( -0.000000000000000000, -1.000000000000000000, -4.396451289603110513E-16 ) ) ;
#2843 = CARTESIAN_POINT ( 'NONE',  ( 3.174999999999998934, 9.233087104677062840, 3.072685185185183965 ) ) ;
#2844 = VECTOR ( 'NONE', #3196, 1000.000000000000000 ) ;
#2845 = EDGE_CURVE ( 'NONE', #587, #3777, #1481, .T. ) ;
#2846 = VERTEX_POINT ( 'NONE', #502 ) ;
#2847 = EDGE_LOOP ( 'NONE', ( #1369, #778, #1431, #3782, #926, #2227, #2663, #3438, #285, #2396, #3394, #3712 ) ) ;
#2848 = CARTESIAN_POINT ( 'NONE',  ( 3.500000000000000000, 1.300000000000006040, -7.600000000000002309 ) ) ;
#2849 = PRESENTATION_STYLE_ASSIGNMENT (( #344 ) ) ;
#2850 = ORIENTED_EDGE ( 'NONE', *, *, #1101, .F. ) ;
#2851 = CARTESIAN_POINT ( 'NONE',  ( 2.147076238381106172, 9.739001272665758435, 3.901697701724477607 ) ) ;
#2852 = DIRECTION ( 'NONE',  ( 0.000000000000000000, 0.000000000000000000, 1.000000000000000000 ) ) ;
#2853 = CARTESIAN_POINT ( 'NONE',  ( -0.7447513968783023852, 10.09198648947574739, 6.528924224206849480 ) ) ;
#2854 = CARTESIAN_POINT ( 'NONE',  ( 0.000000000000000000, 2.300000000000006040, -4.099999999999997868 ) ) ;
#2855 = EDGE_CURVE ( 'NONE', #1815, #2356, #2668, .T. ) ;
#2856 = CARTESIAN_POINT ( 'NONE',  ( -1.589736507735279414, 10.15019239695947029, 4.748487329134608359 ) ) ;
#2857 = ADVANCED_FACE ( 'NONE', ( #3584 ), #2923, .T. ) ;
#2858 = CARTESIAN_POINT ( 'NONE',  ( 1.587500000000001465, 4.650369342984409293, 6.512268520445521069 ) ) ;
#2859 = CIRCLE ( 'NONE', #1479, 2.199999999999998845 ) ;
#2860 = AXIS2_PLACEMENT_3D ( 'NONE', #1647, #4515, #4050 ) ;
#2861 = CARTESIAN_POINT ( 'NONE',  ( 0.000000000000000000, 1.500000000000003997, -4.099999999999997868 ) ) ;
#2862 = FACE_OUTER_BOUND ( 'NONE', #1793, .T. ) ;
#2863 = CARTESIAN_POINT ( 'NONE',  ( 2.793106854861110655, 9.012600994529453402, 3.557754630593130685 ) ) ;
#2864 = CARTESIAN_POINT ( 'NONE',  ( -2.793106854861111099, 9.012600994529453402, 5.909606482444981879 ) ) ;
#2865 = AXIS2_PLACEMENT_3D ( 'NONE', #3928, #185, #4323 ) ;
#2866 = CONICAL_SURFACE ( 'NONE', #3640, 3.500000000000003997, 1.221730476396037268 ) ;
#2867 = DIRECTION ( 'NONE',  ( 0.000000000000000000, 0.000000000000000000, 1.000000000000000000 ) ) ;
#2868 = CARTESIAN_POINT ( 'NONE',  ( 0.7282936482399271494, 10.46203649233929589, 3.271388291239014201 ) ) ;
#2869 = CARTESIAN_POINT ( 'NONE',  ( -3.174999999999999822, 7.400000000000001243, 3.366666666666665364 ) ) ;
#2870 = ORIENTED_EDGE ( 'NONE', *, *, #3188, .T. ) ;
#2871 = ORIENTED_EDGE ( 'NONE', *, *, #3355, .F. ) ;
#2872 = CARTESIAN_POINT ( 'NONE',  ( -3.088786819479643508, 7.663431174709492311, 0.6994210220872374428 ) ) ;
#2873 = CARTESIAN_POINT ( 'NONE',  ( 0.000000000000000000, 1.300000000000006040, -4.099999999999997868 ) ) ;
#2874 = ORIENTED_EDGE ( 'NONE', *, *, #1179, .T. ) ;
#2875 = CARTESIAN_POINT ( 'NONE',  ( 1.689995206192388189, 10.08963892390505990, 3.921408345100259485 ) ) ;
#2876 = CARTESIAN_POINT ( 'NONE',  ( 3.097381505563491011, 7.263401552991585852, 0.4655432477253095280 ) ) ;
#2877 = CARTESIAN_POINT ( 'NONE',  ( -3.099999999999999645, 7.400000000000041211, 0.9619637379485940221 ) ) ;
#2878 = DIRECTION ( 'NONE',  ( 0.000000000000000000, -1.000000000000000000, 0.000000000000000000 ) ) ;
#2879 = CARTESIAN_POINT ( 'NONE',  ( -3.174999999997925038, 7.400002524908216195, 4.865890772129384700 ) ) ;
#2880 = CARTESIAN_POINT ( 'NONE',  ( 3.174999999999999822, 7.400000000000001243, 3.102083335260335417 ) ) ;
#2881 = CARTESIAN_POINT ( 'NONE',  ( -3.122259120020767220, 6.823688455284708354, 4.179872085420413441 ) ) ;
#2882 = CARTESIAN_POINT ( 'NONE',  ( 1.396553427430554661, 9.818901491794177261, 5.733217593556093838 ) ) ;
#2883 = CARTESIAN_POINT ( 'NONE',  ( -1.396553427430555550, 9.818901491794177261, 3.734143519482019613 ) ) ;
#2884 = EDGE_CURVE ( 'NONE', #1837, #2531, #116, .T. ) ;
#2885 = EDGE_LOOP ( 'NONE', ( #3360, #2065, #955 ) ) ;
#2886 = DIRECTION ( 'NONE',  ( 1.000000000000000000, 0.000000000000000000, 0.000000000000000000 ) ) ;
#2887 = CARTESIAN_POINT ( 'NONE',  ( -3.174999999999011280, 7.399998291565613506, 3.366721979351742000 ) ) ;
#2888 = DIRECTION ( 'NONE',  ( -1.000000000000000000, 0.000000000000000000, 0.000000000000000000 ) ) ;
#2889 = ORIENTED_EDGE ( 'NONE', *, *, #2010, .F. ) ;
#2890 = ORIENTED_EDGE ( 'NONE', *, *, #3888, .F. ) ;
#2891 = CARTESIAN_POINT ( 'NONE',  ( 3.083949481928379033, 8.156943552506078277, 5.244592417445717913 ) ) ;
#2892 = DIRECTION ( 'NONE',  ( 0.000000000000000000, 0.000000000000000000, 1.000000000000000000 ) ) ;
#2893 = LINE ( 'NONE', #3170, #2079 ) ;
#2894 = LINE ( 'NONE', #2189, #2807 ) ;
#2895 = DIRECTION ( 'NONE',  ( 0.000000000000000000, 0.000000000000000000, 1.000000000000000000 ) ) ;
#2896 = DIRECTION ( 'NONE',  ( 0.000000000000000000, 0.000000000000000000, -1.000000000000000000 ) ) ;
#2897 = CARTESIAN_POINT ( 'NONE',  ( 2.939271053406085521, 8.606545618011661958, 4.556367592260984090 ) ) ;
#2898 = CARTESIAN_POINT ( 'NONE',  ( 3.174999999999999822, 7.400000000000001243, 4.513194446371446844 ) ) ;
#2899 = UNCERTAINTY_MEASURE_WITH_UNIT (LENGTH_MEASURE( 1.000000000000000082E-05 ), #2284, 'distance_accuracy_value', 'NONE');
#2900 = CARTESIAN_POINT ( 'NONE',  ( -2.900036535581665742, 8.693732096241756580, 3.408270904074836682 ) ) ;
#2901 = FACE_BOUND ( 'NONE', #2143, .T. ) ;
#2902 = CARTESIAN_POINT ( 'NONE',  ( -1.396553427430555550, 9.818901491794177261, 5.145254630593130152 ) ) ;
#2903 = CARTESIAN_POINT ( 'NONE',  ( -2.793106854861110211, 5.787399005470547309, 3.204976852815352828 ) ) ;
#2904 = ORIENTED_EDGE ( 'NONE', *, *, #3132, .T. ) ;
#2905 = CYLINDRICAL_SURFACE ( 'NONE', #1213, 0.5000000000000004441 ) ;
#2906 = DIRECTION ( 'NONE',  ( -0.000000000000000000, -0.000000000000000000, 1.000000000000000000 ) ) ;
#2907 = CARTESIAN_POINT ( 'NONE',  ( 3.099999999999999645, 7.468533298632918260, 0.9619637379487082640 ) ) ;
#2908 = DIRECTION ( 'NONE',  ( 0.000000000000000000, 0.000000000000000000, 1.000000000000000000 ) ) ;
#2909 = EDGE_LOOP ( 'NONE', ( #3614, #3104 ) ) ;
#2910 = EDGE_LOOP ( 'NONE', ( #2805, #113, #3468, #3062 ) ) ;
#2911 = CARTESIAN_POINT ( 'NONE',  ( 1.334314621913830878, 10.28378521405379153, 5.345759261276601393 ) ) ;
#2912 = CARTESIAN_POINT ( 'NONE',  ( 0.000000000000000000, 0.000000000000000000, 0.000000000000000000 ) ) ;
#2913 =( GEOMETRIC_REPRESENTATION_CONTEXT ( 3 ) GLOBAL_UNCERTAINTY_ASSIGNED_CONTEXT ( ( #481 ) ) GLOBAL_UNIT_ASSIGNED_CONTEXT ( ( #362, #4220, #3916 ) ) REPRESENTATION_CONTEXT ( 'NONE', 'WORKASPACE' ) );
#2914 = DIRECTION ( 'NONE',  ( 1.000000000000000000, 0.000000000000000000, -0.000000000000000000 ) ) ;
#2915 = CARTESIAN_POINT ( 'NONE',  ( -3.174999999999999822, 7.400000000000001243, 9.859920353756539413 ) ) ;
#2916 = CARTESIAN_POINT ( 'NONE',  ( -2.769376797143807245, 6.981931956041886878, 3.071075775793150608 ) ) ;
#2917 = LINE ( 'NONE', #1530, #311 ) ;
#2918 = DIRECTION ( 'NONE',  ( 1.000000000000000000, 0.000000000000000000, 0.000000000000000000 ) ) ;
#2919 = EDGE_LOOP ( 'NONE', ( #3046, #48, #1687, #76 ) ) ;
#2920 = CARTESIAN_POINT ( 'NONE',  ( 0.000000000000000000, 7.400000000000001243, 0.7999999999999977129 ) ) ;
#2921 = CARTESIAN_POINT ( 'NONE',  ( 1.587499999999999245, 10.14963065701559408, 4.630787038964039759 ) ) ;
#2922 = PLANE ( 'NONE',  #2248 ) ;
#2923 = CYLINDRICAL_SURFACE ( 'NONE', #2428, 2.669999999999999485 ) ;
#2924 = CARTESIAN_POINT ( 'NONE',  ( 1.704726487549588221, 4.721437366818090453, 5.811163946494509958 ) ) ;
#2925 = COLOUR_RGB ( '',0.9019607843137255054, 0.5686274509803921351, 0.2196078431372548989 ) ;
#2926 = CARTESIAN_POINT ( 'NONE',  ( 0.000000000000000000, 7.400000000000001243, 5.799999999999998046 ) ) ;
#2927 = B_SPLINE_CURVE_WITH_KNOTS ( 'NONE', 3,
 ( #1283, #3362, #2333, #3114, #1382, #3746 ),
 .UNSPECIFIED., .F., .F.,
 ( 4, 2, 4 ),
 ( 0.000000000000000000, 0.0009290240299598515224, 0.001858048059919703045 ),
 .UNSPECIFIED. ) ;
#2928 = CARTESIAN_POINT ( 'NONE',  ( -2.793106854861110211, 5.787399005470547309, 5.850810186148685865 ) ) ;
#2929 = LINE ( 'NONE', #4029, #2392 ) ;
#2930 = VECTOR ( 'NONE', #2508, 1000.000000000000000 ) ;
#2931 = VERTEX_POINT ( 'NONE', #4021 ) ;
#2932 = ORIENTED_EDGE ( 'NONE', *, *, #2308, .F. ) ;
#2933 = EDGE_CURVE ( 'NONE', #3399, #3176, #3808, .T. ) ;
#2934 = CARTESIAN_POINT ( 'NONE',  ( 1.909667621168130491, 9.943677462286267144, 5.323765404533730816 ) ) ;
#2935 = ADVANCED_FACE ( 'NONE', ( #2901, #4279 ), #2583, .F. ) ;
#2936 = CARTESIAN_POINT ( 'NONE',  ( 0.000000000000000000, 7.400000000000001243, 0.7999999999999977129 ) ) ;
#2937 = LINE ( 'NONE', #451, #2368 ) ;
#2938 = EDGE_CURVE ( 'NONE', #3068, #4244, #3929, .T. ) ;
#2939 = CARTESIAN_POINT ( 'NONE',  ( -1.974866646252331029E-16, 10.62520198905890290, 5.792013889852389852 ) ) ;
#2940 = CARTESIAN_POINT ( 'NONE',  ( -0.5000000000000002220, 7.400000000000001243, 0.7999999999999977129 ) ) ;
#2941 = CARTESIAN_POINT ( 'NONE',  ( 3.063798049546498259, 7.515323880475815344, 0.8984031735646712535 ) ) ;
#2942 = CARTESIAN_POINT ( 'NONE',  ( 2.449293598294705921E-16, 1.300000000000006040, -6.099999999999997868 ) ) ;
#2943 = AXIS2_PLACEMENT_3D ( 'NONE', #770, #2776, #420 ) ;
#2944 = CARTESIAN_POINT ( 'NONE',  ( -2.793106854861111099, 9.012600994529453402, 7.144328704667204377 ) ) ;
#2945 =( BOUNDED_SURFACE ( )  B_SPLINE_SURFACE ( 3, 2, ( 
 ( #536, #1923, #1968 ),
 ( #3681, #4072, #4327 ),
 ( #859, #1193, #3363 ),
 ( #3293, #3660, #4028 ),
 ( #1262, #2633, #901 ),
 ( #4372, #164, #1240 ),
 ( #557, #2243, #944 ),
 ( #2289, #512, #4350 ),
 ( #3722, #1562, #3318 ),
 ( #3981, #2335, #3632 ) ),
 .UNSPECIFIED., .F., .F., .T. ) 
 B_SPLINE_SURFACE_WITH_KNOTS ( ( 4, 2, 2, 2, 4 ),
 ( 3, 3 ),
 ( 0.0008162939303010037116, 0.001020367412876483975, 0.001224440895451964348, 0.001428514378027444720, 0.001632587860602925092 ),
 ( 0.000000000000000000, 1.000000000000000000 ),
 .UNSPECIFIED. ) 
 GEOMETRIC_REPRESENTATION_ITEM ( )  RATIONAL_B_SPLINE_SURFACE ( (
 ( 1.000000000000000000, 0.7445231733989220446, 1.000000000000000000),
 ( 1.000000000000000000, 0.7443824994180316956, 1.000000000000000000),
 ( 1.000000000000000000, 0.7478282764561722251, 1.000000000000000000),
 ( 1.000000000000000000, 0.7552603302425405785, 1.000000000000000000),
 ( 1.000000000000000000, 0.7585852920421854995, 1.000000000000000000),
 ( 1.000000000000000000, 0.7586116356421329643, 1.000000000000000000),
 ( 1.000000000000000000, 0.7552767964817842516, 1.000000000000000000),
 ( 1.000000000000000000, 0.7479307784605248033, 1.000000000000000000),
 ( 1.000000000000000000, 0.7443742793403052005, 1.000000000000000000),
 ( 1.000000000000000000, 0.7445231720605924863, 1.000000000000000000) ) ) 
 REPRESENTATION_ITEM ( '' )  SURFACE ( )  );
#2946 = DIRECTION ( 'NONE',  ( 0.000000000000000000, 0.9999976022131120690, -0.002189878541513083643 ) ) ;
#2947 = CARTESIAN_POINT ( 'NONE',  ( 0.000000000000000000, 7.400000000000001243, 9.859920353756539413 ) ) ;
#2948 = CARTESIAN_POINT ( 'NONE',  ( -1.864095923433775281, 4.828965374712121950, 5.678041733074537412 ) ) ;
#2949 = AXIS2_PLACEMENT_3D ( 'NONE', #3255, #2852, #3947 ) ;
#2950 = VERTEX_POINT ( 'NONE', #3607 ) ;
#2951 = CARTESIAN_POINT ( 'NONE',  ( 3.174999999997103473, 7.399995711445882307, 5.130555418000769308 ) ) ;
#2952 = DIRECTION ( 'NONE',  ( 0.8660254037844413721, 1.060575238724910243E-16, -0.4999999999999952816 ) ) ;
#2953 = FACE_OUTER_BOUND ( 'NONE', #3511, .T. ) ;
#2954 = CARTESIAN_POINT ( 'NONE',  ( 3.066023494094303636, 7.458462148610892406, 0.4777465484838500087 ) ) ;
#2955 = CARTESIAN_POINT ( 'NONE',  ( -3.066023494094303636, 7.458462148610863096, 0.9222534515161485702 ) ) ;
#2956 = VECTOR ( 'NONE', #1224, 1000.000000000000000 ) ;
#2957 = EDGE_LOOP ( 'NONE', ( #4376, #1612, #1089, #2870 ) ) ;
#2958 = VERTEX_POINT ( 'NONE', #1164 ) ;
#2959 = CARTESIAN_POINT ( 'NONE',  ( 3.174992863542635213, 7.407768597380343323, 5.218999255554933825 ) ) ;
#2960 = MANIFOLD_SOLID_BREP ( 'Boss-Extrude5', #4431 ) ;
#2961 = CARTESIAN_POINT ( 'NONE',  ( -1.536693186938752342, 4.621421352535695526, 4.985449493756271444 ) ) ;
#2962 = EDGE_CURVE ( 'NONE', #3548, #4113, #646, .T. ) ;
#2963 = CARTESIAN_POINT ( 'NONE',  ( 2.793106854861110655, 7.400000000000001243, 6.321180556519056637 ) ) ;
#2964 = CARTESIAN_POINT ( 'NONE',  ( 0.000000000000000000, 1.300000000000006040, -4.099999999999997868 ) ) ;
#2965 = FACE_OUTER_BOUND ( 'NONE', #1624, .T. ) ;
#2966 = LINE ( 'NONE', #3673, #2007 ) ;
#2967 = CARTESIAN_POINT ( 'NONE',  ( 5.924599938756993332E-16, 4.174798010941098703, 6.673958334296833605 ) ) ;
#2968 = CARTESIAN_POINT ( 'NONE',  ( -0.7484583935136259747, 10.48556499391619923, 3.306193114022563329 ) ) ;
#2969 = CARTESIAN_POINT ( 'NONE',  ( 0.000000000000000000, 7.400000000000001243, 9.859920353756539413 ) ) ;
#2970 = LINE ( 'NONE', #1233, #1160 ) ;
#2971 = MANIFOLD_SOLID_BREP ( 'Mirror1', #1655 ) ;
#2972 = ORIENTED_EDGE ( 'NONE', *, *, #3287, .T. ) ;
#2973 = AXIS2_PLACEMENT_3D ( 'NONE', #3228, #2977, #860 ) ;
#2974 = CARTESIAN_POINT ( 'NONE',  ( 3.142010635767523041, 6.931494385419470383, 4.497531249588328173 ) ) ;
#2975 = CARTESIAN_POINT ( 'NONE',  ( 0.000000000000000000, 7.400000000000001243, 7.599999999999997868 ) ) ;
#2976 = CARTESIAN_POINT ( 'NONE',  ( 0.000000000000000000, 10.80000000000000071, -4.099999999999997868 ) ) ;
#2977 = DIRECTION ( 'NONE',  ( 0.000000000000000000, 0.000000000000000000, 1.000000000000000000 ) ) ;
#2978 = CARTESIAN_POINT ( 'NONE',  ( -3.097367544863012689, 7.263080624770668514, 0.9343135719056336885 ) ) ;
#2979 = EDGE_LOOP ( 'NONE', ( #1792, #2706 ) ) ;
#2980 = ORIENTED_EDGE ( 'NONE', *, *, #2744, .F. ) ;
#2981 = CARTESIAN_POINT ( 'NONE',  ( 1.710486287405947214, 10.07495933844581870, 5.331669353120871868 ) ) ;
#2982 = ADVANCED_FACE ( 'NONE', ( #3716 ), #3263, .F. ) ;
#2983 = CARTESIAN_POINT ( 'NONE',  ( 3.174999999994322586, 7.399993995754222453, 5.218749809341080237 ) ) ;
#2984 = AXIS2_PLACEMENT_3D ( 'NONE', #3078, #2734, #4134 ) ;
#2985 = CARTESIAN_POINT ( 'NONE',  ( 1.396553427430554661, 9.818901491794177261, 5.733217593556093838 ) ) ;
#2986 = CARTESIAN_POINT ( 'NONE',  ( -0.7991783873958506756, 4.326870173168480882, 3.601565997544703635 ) ) ;
#2987 = CARTESIAN_POINT ( 'NONE',  ( 1.862166304243646042, 9.977024786334553141, 4.620075268784598066 ) ) ;
#2988 = CARTESIAN_POINT ( 'NONE',  ( 3.500000000000000000, 3.800000000000002043, -7.600000000000002309 ) ) ;
#2989 = CARTESIAN_POINT ( 'NONE',  ( -1.396553427430553329, 4.981098508205822561, 4.498495371333871340 ) ) ;
#2990 = EDGE_CURVE ( 'NONE', #423, #3593, #3653, .T. ) ;
#2991 = CARTESIAN_POINT ( 'NONE',  ( 3.500000000000000000, 6.505213034913026604E-16, -7.599999999999997868 ) ) ;
#2992 = CARTESIAN_POINT ( 'NONE',  ( 3.056639958538008184, 7.179218070285514841, 0.6995036977109998499 ) ) ;
#2993 = CARTESIAN_POINT ( 'NONE',  ( 3.175000046983022628, 7.254014893931747032, 5.919623060310142293 ) ) ;
#2994 = EDGE_CURVE ( 'NONE', #1430, #462, #2274, .T. ) ;
#2995 = CIRCLE ( 'NONE', #4384, 0.5000000000000002220 ) ;
#2996 = ORIENTED_EDGE ( 'NONE', *, *, #1099, .T. ) ;
#2997 = DIRECTION ( 'NONE',  ( 0.000000000000000000, -1.000000000000000000, -0.000000000000000000 ) ) ;
#2998 = CARTESIAN_POINT ( 'NONE',  ( -1.396553427430553329, 4.981098508205822561, 6.615162038000537592 ) ) ;
#2999 = CARTESIAN_POINT ( 'NONE',  ( -2.266521790162459027, 9.635365635551295327, 5.483340497537657399 ) ) ;
#3000 = CARTESIAN_POINT ( 'NONE',  ( -3.056639957652750539, 7.620781940094322415, 0.6995084149797298201 ) ) ;
#3001 = ORIENTED_EDGE ( 'NONE', *, *, #2158, .T. ) ;
#3002 = ORIENTED_EDGE ( 'NONE', *, *, #2735, .T. ) ;
#3003 = CARTESIAN_POINT ( 'NONE',  ( 3.175000000000001155, 5.566912895322941424, 5.071759259259256858 ) ) ;
#3004 = MECHANICAL_DESIGN_GEOMETRIC_PRESENTATION_REPRESENTATION (  '', ( #86 ), #380 ) ;
#3005 = CARTESIAN_POINT ( 'NONE',  ( 1.284897848490690553, 4.496605080168383672, 5.089908184624015064 ) ) ;
#3006 = CARTESIAN_POINT ( 'NONE',  ( -2.793106854861110655, 9.012600994529453402, 3.792939815778315626 ) ) ;
#3007 = CARTESIAN_POINT ( 'NONE',  ( 1.981923787043157636, 4.919546048626782131, 3.705984905644448713 ) ) ;
#3008 = CARTESIAN_POINT ( 'NONE',  ( 3.500000000000000444, 10.55329096034101966, -6.440160642220665643 ) ) ;
#3009 = EDGE_LOOP ( 'NONE', ( #862, #3984, #4182, #561 ) ) ;
#3010 = CARTESIAN_POINT ( 'NONE',  ( 0.000000000000000000, 10.80000000000000249, -7.600000000000001421 ) ) ;
#3011 = CARTESIAN_POINT ( 'NONE',  ( 2.793106854861111543, 5.787399005470550861, 5.380439815778315982 ) ) ;
#3012 = CARTESIAN_POINT ( 'NONE',  ( -0.3515425781465233435, 10.55541910963114738, 3.291528064052649416 ) ) ;
#3013 = CARTESIAN_POINT ( 'NONE',  ( 2.868509707409592657, 6.032475931759364585, 5.874758932808313183 ) ) ;
#3014 = ORIENTED_EDGE ( 'NONE', *, *, #3045, .F. ) ;
#3015 = CARTESIAN_POINT ( 'NONE',  ( 2.418897516417476190, 5.343236991174001638, 4.433279977709020159 ) ) ;
#3016 = FACE_OUTER_BOUND ( 'NONE', #659, .T. ) ;
#3017 = CARTESIAN_POINT ( 'NONE',  ( 2.793106854861110655, 9.012600994529453402, 6.203587963926462834 ) ) ;
#3019 = EDGE_CURVE ( 'NONE', #2161, #1171, #207, .T. ) ;
#3018 = CARTESIAN_POINT ( 'NONE',  ( -2.050885047297492214, 9.823755727362554424, 5.472968236002423659 ) ) ;
#3020 = DIRECTION ( 'NONE',  ( -1.000000000000000000, 0.000000000000000000, 8.673617379884034486E-16 ) ) ;
#3021 = ORIENTED_EDGE ( 'NONE', *, *, #1492, .T. ) ;
#3022 = ORIENTED_EDGE ( 'NONE', *, *, #398, .F. ) ;
#3023 = VECTOR ( 'NONE', #2104, 1000.000000000000000 ) ;
#3024 = CARTESIAN_POINT ( 'NONE',  ( 3.500000000000000000, 1.300000000000006040, -2.100000000000001865 ) ) ;
#3025 = CARTESIAN_POINT ( 'NONE',  ( 3.174999999999999822, 7.400000000000001243, 6.541666666666665186 ) ) ;
#3026 = ORIENTED_EDGE ( 'NONE', *, *, #890, .F. ) ;
#3027 = CARTESIAN_POINT ( 'NONE',  ( 2.715756960834816880, 5.748719495792188106, 5.157305000004926754 ) ) ;
#3028 = CARTESIAN_POINT ( 'NONE',  ( 2.793106854861110211, 9.012600994529453402, 4.968865741704242112 ) ) ;
#3029 = CARTESIAN_POINT ( 'NONE',  ( 1.928603092690682308, 4.877709972776557379, 3.703654465683657637 ) ) ;
#3030 = ORIENTED_EDGE ( 'NONE', *, *, #3744, .F. ) ;
#3031 = CARTESIAN_POINT ( 'NONE',  ( -2.046951608579147486, 9.827154291664815133, 4.061676850543372019 ) ) ;
#3032 = CARTESIAN_POINT ( 'NONE',  ( -2.793106854861110655, 7.400000000000001243, 5.086458334296833250 ) ) ;
#3033 = CARTESIAN_POINT ( 'NONE',  ( -3.144970335005396578, 7.835646958552235475, 6.262559468374042204 ) ) ;
#3034 = LINE ( 'NONE', #3087, #3370 ) ;
#3035 = CARTESIAN_POINT ( 'NONE',  ( -3.088786820535910138, 7.136568837675454802, 0.7005845338070444406 ) ) ;
#3036 = EDGE_CURVE ( 'NONE', #2032, #1755, #302, .T. ) ;
#3037 = VECTOR ( 'NONE', #31, 1000.000000000000000 ) ;
#3038 = ORIENTED_EDGE ( 'NONE', *, *, #1129, .F. ) ;
#3039 = CARTESIAN_POINT ( 'NONE',  ( 3.030548602757709986, 6.451475662210549800, 4.480089894610339130 ) ) ;
#3040 = CARTESIAN_POINT ( 'NONE',  ( -2.500000000000001776, 7.400000000000001243, 5.599999999999997868 ) ) ;
#3041 = CARTESIAN_POINT ( 'NONE',  ( 2.793106854861110655, 7.400000000000001243, 3.322569445407944855 ) ) ;
#3042 = CARTESIAN_POINT ( 'NONE',  ( -2.076927854015291341, 9.801535353641423143, 5.474201054067085792 ) ) ;
#3043 = DIRECTION ( 'NONE',  ( 1.000000000000000000, 0.000000000000000000, 0.000000000000000000 ) ) ;
#3044 =( NAMED_UNIT ( * ) SI_UNIT ( $, .STERADIAN. ) SOLID_ANGLE_UNIT ( ) );
#3045 = EDGE_CURVE ( 'NONE', #905, #4519, #3034, .T. ) ;
#3046 = ORIENTED_EDGE ( 'NONE', *, *, #1148, .T. ) ;
#3047 = ORIENTED_EDGE ( 'NONE', *, *, #1543, .F. ) ;
#3048 = CARTESIAN_POINT ( 'NONE',  ( 3.500000000000000000, 6.505213034913026604E-16, -7.599999999999997868 ) ) ;
#3049 = CARTESIAN_POINT ( 'NONE',  ( -3.174999999999999822, 7.400000000000001243, 6.894444444444443043 ) ) ;
#3050 = CARTESIAN_POINT ( 'NONE',  ( 3.174999709806524795, 7.246544871650506536, 5.213827896125434513 ) ) ;
#3051 = CARTESIAN_POINT ( 'NONE',  ( 1.172953195304752061, 10.74406153241037387, -0.6000000000000005329 ) ) ;
#3052 = CARTESIAN_POINT ( 'NONE',  ( 1.411004192095108856, 4.555733729748554950, 3.683469512657287392 ) ) ;
#3053 = CARTESIAN_POINT ( 'NONE',  ( 3.500000000000000000, 10.27233507433394522, -7.600000000000052935 ) ) ;
#3054 = AXIS2_PLACEMENT_3D ( 'NONE', #3407, #1966, #2357 ) ;
#3055 = ORIENTED_EDGE ( 'NONE', *, *, #5, .F. ) ;
#3056 = CARTESIAN_POINT ( 'NONE',  ( -2.129684208331499740, 9.755264265233101639, 4.065520658373229068 ) ) ;
#3057 = DIRECTION ( 'NONE',  ( 0.000000000000000000, 0.000000000000000000, 1.000000000000000000 ) ) ;
#3058 = CARTESIAN_POINT ( 'NONE',  ( -1.999999999999999556, 1.300000000000006040, -0.6000000000000006439 ) ) ;
#3059 = DIRECTION ( 'NONE',  ( -0.000000000000000000, -0.000000000000000000, 1.000000000000000000 ) ) ;
#3060 = AXIS2_PLACEMENT_3D ( 'NONE', #1353, #2328, #2742 ) ;
#3061 = CARTESIAN_POINT ( 'NONE',  ( 3.099999999999999645, 7.400000000000001243, 9.859920353756539413 ) ) ;
#3062 = ORIENTED_EDGE ( 'NONE', *, *, #2082, .T. ) ;
#3063 = DIRECTION ( 'NONE',  ( -0.000000000000000000, -0.000000000000000000, -1.000000000000000000 ) ) ;
#3064 = DIRECTION ( 'NONE',  ( 0.000000000000000000, 4.956352788505157351E-16, -1.000000000000000000 ) ) ;
#3065 = CARTESIAN_POINT ( 'NONE',  ( -1.396553427430555550, 9.818901491794177261, 7.261921297259796404 ) ) ;
#3066 = DIRECTION ( 'NONE',  ( -0.000000000000000000, -0.000000000000000000, -1.000000000000000000 ) ) ;
#3067 = CARTESIAN_POINT ( 'NONE',  ( 3.175000000000001155, 5.566912895322941424, 4.366203703703702033 ) ) ;
#3068 = VERTEX_POINT ( 'NONE', #2992 ) ;
#3069 = PLANE ( 'NONE',  #28 ) ;
#3070 = CARTESIAN_POINT ( 'NONE',  ( -3.174999999999999822, 7.400000000000001243, 4.777777777777776791 ) ) ;
#3071 = EDGE_CURVE ( 'NONE', #2051, #1645, #284, .T. ) ;
#3072 = EDGE_LOOP ( 'NONE', ( #1972, #3381, #3021, #708, #168 ) ) ;
#3073 = CARTESIAN_POINT ( 'NONE',  ( -2.077234494555892930, 4.996501487075291514, 4.963392129107978334 ) ) ;
#3074 = AXIS2_PLACEMENT_3D ( 'NONE', #1182, #868, #2252 ) ;
#3075 = VECTOR ( 'NONE', #1104, 1000.000000000000000 ) ;
#3076 = CARTESIAN_POINT ( 'NONE',  ( 3.500000000000000444, 10.74406153241037387, -2.927046804695247140 ) ) ;
#3077 = CARTESIAN_POINT ( 'NONE',  ( -1.368386269349704198, 4.535003103039676908, 3.580568740178439402 ) ) ;
#3078 = CARTESIAN_POINT ( 'NONE',  ( 0.000000000000000000, 7.400000000000001243, 1.999999999999998224 ) ) ;
#3079 = VECTOR ( 'NONE', #4343, 1000.000000000000000 ) ;
#3080 = ADVANCED_FACE ( 'NONE', ( #1961 ), #3357, .T. ) ;
#3081 = VECTOR ( 'NONE', #1393, 1000.000000000000000 ) ;
#3082 = ADVANCED_FACE ( 'NONE', ( #737 ), #3478, .F. ) ;
#3083 = ORIENTED_EDGE ( 'NONE', *, *, #2038, .T. ) ;
#3084 = CARTESIAN_POINT ( 'NONE',  ( 1.210010500500841246, 10.33582459235352147, 3.939220456905015766 ) ) ;
#3085 = CARTESIAN_POINT ( 'NONE',  ( -1.396553427430555550, 9.818901491794177261, 3.557754630593130241 ) ) ;
#3086 = CARTESIAN_POINT ( 'NONE',  ( -1.339257785638983345, 10.27872423334303775, 6.150277787079991398 ) ) ;
#3087 = CARTESIAN_POINT ( 'NONE',  ( -3.174999999999999822, 7.400000000000001243, 9.859920353756539413 ) ) ;
#3088 = CARTESIAN_POINT ( 'NONE',  ( -3.138829617545016326, 6.921284865647561624, 5.587567636864593013 ) ) ;
#3089 = CARTESIAN_POINT ( 'NONE',  ( 1.587499999999999245, 10.14963065701559408, 6.747453705630705123 ) ) ;
#3090 = CARTESIAN_POINT ( 'NONE',  ( -2.133153949953862760, 5.045021890626798289, 4.255314451145618904 ) ) ;
#3091 = LINE ( 'NONE', #4492, #2639 ) ;
#3092 = CARTESIAN_POINT ( 'NONE',  ( 2.793106854861111543, 5.787399005470550861, 3.263773149111648841 ) ) ;
#3093 = CARTESIAN_POINT ( 'NONE',  ( -1.498940397755091913, 10.19926719014197047, 5.450679646073773199 ) ) ;
#3094 = CARTESIAN_POINT ( 'NONE',  ( 0.3507741665464257363, 10.21970729391645172, 6.505954363375541227 ) ) ;
#3095 = ORIENTED_EDGE ( 'NONE', *, *, #3739, .T. ) ;
#3096 = AXIS2_PLACEMENT_3D ( 'NONE', #4104, #972, #661 ) ;
#3097 = CARTESIAN_POINT ( 'NONE',  ( -0.5000000000000002220, 7.400000000000001243, 5.799999999999998046 ) ) ;
#3098 = CARTESIAN_POINT ( 'NONE',  ( -1.587499999999997691, 4.650369342984407517, 4.189814814814813104 ) ) ;
#3099 = ADVANCED_FACE ( 'NONE', ( #2832 ), #1737, .T. ) ;
#3100 = ORIENTED_EDGE ( 'NONE', *, *, #3542, .T. ) ;
#3101 = CARTESIAN_POINT ( 'NONE',  ( -1.658320456328988390, 4.691961821360939311, 4.980919004375887305 ) ) ;
#3102 = CARTESIAN_POINT ( 'NONE',  ( 3.091472308990307116, 7.634903773767717006, 0.5629765430461166620 ) ) ;
#3103 = CARTESIAN_POINT ( 'NONE',  ( -1.923948976548000012, 4.874197340388256805, 3.558964412960644363 ) ) ;
#3104 = ORIENTED_EDGE ( 'NONE', *, *, #564, .T. ) ;
#3105 = CARTESIAN_POINT ( 'NONE',  ( 0.7185630939526062022, 10.49542539389488027, 3.957562979982894635 ) ) ;
#3106 = CARTESIAN_POINT ( 'NONE',  ( 0.000000000000000000, 7.400000000000001243, 5.799999999999998046 ) ) ;
#3107 = EDGE_CURVE ( 'NONE', #1815, #4526, #2138, .T. ) ;
#3108 = CARTESIAN_POINT ( 'NONE',  ( -0.6797117061972365315, 10.50786955198228689, 6.125715798794416855 ) ) ;
#3109 = DIRECTION ( 'NONE',  ( 0.000000000000000000, 0.000000000000000000, 1.000000000000000000 ) ) ;
#3110 = CARTESIAN_POINT ( 'NONE',  ( -3.146874766271668733, 6.978323400934947074, 5.585573939031868385 ) ) ;
#3111 = ORIENTED_EDGE ( 'NONE', *, *, #1947, .F. ) ;
#3112 = CARTESIAN_POINT ( 'NONE',  ( -2.000000000000000444, 1.300000000000006040, -7.600000000000001421 ) ) ;
#3113 = CARTESIAN_POINT ( 'NONE',  ( -1.195861708682933289, 4.458818290522740924, 4.292514364474761202 ) ) ;
#3114 = CARTESIAN_POINT ( 'NONE',  ( -2.742270335158866867, 8.013631583396790603, 3.071075775793147944 ) ) ;
#3115 = CARTESIAN_POINT ( 'NONE',  ( -1.396553427430553329, 4.981098508205822561, 4.498495371333871340 ) ) ;
#3116 = CARTESIAN_POINT ( 'NONE',  ( -1.054627708095706051, 10.39663089234274018, 5.434192771306517677 ) ) ;
#3117 = PLANE ( 'NONE',  #2348 ) ;
#3118 = ORIENTED_EDGE ( 'NONE', *, *, #3036, .F. ) ;
#3119 = DIRECTION ( 'NONE',  ( 0.8660254037844413721, 0.000000000000000000, 0.4999999999999952816 ) ) ;
#3120 = CARTESIAN_POINT ( 'NONE',  ( -2.244884255301052719E-16, 11.06617420935412355, 3.895833333333331705 ) ) ;
#3121 = EDGE_LOOP ( 'NONE', ( #2460, #2473, #2331, #257, #2834 ) ) ;
#3122 = CARTESIAN_POINT ( 'NONE',  ( 1.396553427430554661, 9.818901491794177261, 4.851273149111649197 ) ) ;
#3123 = EDGE_CURVE ( 'NONE', #4261, #1542, #1098, .T. ) ;
#3124 = CARTESIAN_POINT ( 'NONE',  ( 3.058892978895877857, 7.596828594777217170, 0.8163731725976803855 ) ) ;
#3125 = LINE ( 'NONE', #2758, #4252 ) ;
#3126 = DIRECTION ( 'NONE',  ( -0.000000000000000000, -1.000000000000000000, -0.000000000000000000 ) ) ;
#3127 = VERTEX_POINT ( 'NONE', #4205 ) ;
#3128 = CARTESIAN_POINT ( 'NONE',  ( -0.2478813572109390406, 10.56559412664188535, 3.993218665425456670 ) ) ;
#3129 = CARTESIAN_POINT ( 'NONE',  ( 1.719514492717088894, 10.06906584118466341, 6.036869278051058885 ) ) ;
#3130 = DIRECTION ( 'NONE',  ( -0.000000000000000000, 1.000000000000000000, -0.000000000000000000 ) ) ;
#3131 = CARTESIAN_POINT ( 'NONE',  ( -2.314134839716754488, 5.221821879649635179, 5.657364897279473226 ) ) ;
#3132 = EDGE_CURVE ( 'NONE', #3895, #1412, #14, .T. ) ;
#3133 = ORIENTED_EDGE ( 'NONE', *, *, #2404, .T. ) ;
#3134 = CARTESIAN_POINT ( 'NONE',  ( -2.793106854861110655, 9.012600994529453402, 3.616550926889426254 ) ) ;
#3135 = CIRCLE ( 'NONE', #364, 3.500000000000003109 ) ;
#3136 = CARTESIAN_POINT ( 'NONE',  ( 0.8538303740057626712, 4.332958584304278382, 4.368402364694672357 ) ) ;
#3137 = CARTESIAN_POINT ( 'NONE',  ( -3.174999999999999822, 9.233087104677062840, 4.718981481481479001 ) ) ;
#3138 = CARTESIAN_POINT ( 'NONE',  ( -2.793106854861110655, 7.400000000000001243, 7.379513889852389319 ) ) ;
#3139 = CARTESIAN_POINT ( 'NONE',  ( -2.793106854861110211, 5.787399005470547309, 6.732754630593130507 ) ) ;
#3140 = VERTEX_POINT ( 'NONE', #1778 ) ;
#3141 = FACE_OUTER_BOUND ( 'NONE', #1797, .T. ) ;
#3142 = DIRECTION ( 'NONE',  ( -0.000000000000000000, -0.000000000000000000, 1.000000000000000000 ) ) ;
#3143 = CARTESIAN_POINT ( 'NONE',  ( -2.678017086334285590, 6.606482269905867177, 6.528924224206849480 ) ) ;
#3144 = CONICAL_SURFACE ( 'NONE', #1330, 3.500000000000003997, 1.221730476396037268 ) ;
#3145 = CARTESIAN_POINT ( 'NONE',  ( 3.099999999999999645, 7.400000000000001243, 1.999999999999998224 ) ) ;
#3146 = CARTESIAN_POINT ( 'NONE',  ( 1.999999999999999556, 6.505213034913026604E-16, -0.6000000000000000888 ) ) ;
#3147 = ORIENTED_EDGE ( 'NONE', *, *, #4277, .F. ) ;
#3148 = LINE ( 'NONE', #4223, #1191 ) ;
#3149 = AXIS2_PLACEMENT_3D ( 'NONE', #3535, #3173, #2492 ) ;
#3150 = CARTESIAN_POINT ( 'NONE',  ( -2.478408267280155730, 9.384859504975819888, 6.200520272746985917 ) ) ;
#3151 = DIRECTION ( 'NONE',  ( -0.000000000000000000, 1.000000000000000000, -0.000000000000000000 ) ) ;
#3152 = AXIS2_PLACEMENT_3D ( 'NONE', #2826, #4219, #751 ) ;
#3153 = CARTESIAN_POINT ( 'NONE',  ( -1.384359512913739598, 10.25770675704879054, 4.740844050511735297 ) ) ;
#3154 = CARTESIAN_POINT ( 'NONE',  ( -1.587500000000000355, 10.14963065701559408, 6.865046298223298038 ) ) ;
#3155 = PRODUCT_DEFINITION_SHAPE ( 'NONE', 'NONE',  #1930 ) ;
#3156 = CARTESIAN_POINT ( 'NONE',  ( 2.147602151661903491, 5.055784758010458901, 4.418940500066296018 ) ) ;
#3157 = DIRECTION ( 'NONE',  ( -1.000000000000000000, -0.000000000000000000, 2.385244779468110544E-15 ) ) ;
#3158 = CARTESIAN_POINT ( 'NONE',  ( 2.793106854861111543, 5.787399005470550861, 6.262384260222760624 ) ) ;
#3159 = CARTESIAN_POINT ( 'NONE',  ( -1.396553427430553329, 4.981098508205822561, 3.969328704667204111 ) ) ;
#3160 = DIRECTION ( 'NONE',  ( -0.000000000000000000, -0.000000000000000000, -1.000000000000000000 ) ) ;
#3161 = EDGE_CURVE ( 'NONE', #4489, #2950, #599, .T. ) ;
#3162 = CARTESIAN_POINT ( 'NONE',  ( 0.000000000000000000, 10.80000000000000071, -4.099999999999997868 ) ) ;
#3163 = CARTESIAN_POINT ( 'NONE',  ( 1.587500000000001465, 4.650369342984409293, 3.601851851851849862 ) ) ;
#3164 = CIRCLE ( 'NONE', #500, 0.5000000000000002220 ) ;
#3165 = ORIENTED_EDGE ( 'NONE', *, *, #1844, .F. ) ;
#3166 = ORIENTED_EDGE ( 'NONE', *, *, #3272, .F. ) ;
#3167 = CARTESIAN_POINT ( 'NONE',  ( -3.163559609126841643, 7.064192108311061702, 3.465894351348053348 ) ) ;
#3168 = FACE_OUTER_BOUND ( 'NONE', #1876, .T. ) ;
#3169 = ORIENTED_EDGE ( 'NONE', *, *, #4366, .T. ) ;
#3170 = CARTESIAN_POINT ( 'NONE',  ( -3.174999999999999822, 7.400000000000001243, 9.859920353756539413 ) ) ;
#3171 = EDGE_CURVE ( 'NONE', #2356, #2051, #2520, .T. ) ;
#3172 = CARTESIAN_POINT ( 'NONE',  ( 0.2663765869583012980, 10.56390452479886122, 6.090829157544154882 ) ) ;
#3173 = DIRECTION ( 'NONE',  ( 0.000000000000000000, -1.000000000000000000, 0.000000000000000000 ) ) ;
#3174 = CARTESIAN_POINT ( 'NONE',  ( -2.982155613637456959, 8.495869952538164682, 4.827141457733184815 ) ) ;
#3175 = CIRCLE ( 'NONE', #187, 2.500000000000001776 ) ;
#3176 = VERTEX_POINT ( 'NONE', #1373 ) ;
#3177 = DIRECTION ( 'NONE',  ( 1.000000000000000000, 0.000000000000000000, 2.891205793294674875E-16 ) ) ;
#3178 = CARTESIAN_POINT ( 'NONE',  ( 1.702412800279643479, 4.719237931202093783, 4.400084777420804727 ) ) ;
#3179 = CARTESIAN_POINT ( 'NONE',  ( 3.500000000000000000, 6.505213034913026604E-16, -0.5999999999999969802 ) ) ;
#3180 = CARTESIAN_POINT ( 'NONE',  ( -1.396553427430553329, 4.981098508205822561, 5.380439815778315094 ) ) ;
#3181 = CARTESIAN_POINT ( 'NONE',  ( 2.793106854861111543, 5.787399005470550861, 3.440162038000537326 ) ) ;
#3182 = EDGE_LOOP ( 'NONE', ( #3683, #1220 ) ) ;
#3183 = CARTESIAN_POINT ( 'NONE',  ( 3.017245648945720227, 7.616405906005152104, 3.200482368893753371 ) ) ;
#3184 = CARTESIAN_POINT ( 'NONE',  ( 2.449293598294706414E-16, 1.500000000000003997, -2.099999999999997868 ) ) ;
#3185 = VECTOR ( 'NONE', #3957, 1000.000000000000000 ) ;
#3186 = ORIENTED_EDGE ( 'NONE', *, *, #2820, .F. ) ;
#3187 = ORIENTED_EDGE ( 'NONE', *, *, #686, .F. ) ;
#3188 = EDGE_CURVE ( 'NONE', #1605, #2570, #1834, .T. ) ;
#3189 = DIRECTION ( 'NONE',  ( -0.000000000000000000, -0.000000000000000000, 1.000000000000000000 ) ) ;
#3190 = ORIENTED_EDGE ( 'NONE', *, *, #3549, .F. ) ;
#3191 = CARTESIAN_POINT ( 'NONE',  ( 0.2777522106268027757, 4.292852598522489238, 6.342094268189092610 ) ) ;
#3192 = CARTESIAN_POINT ( 'NONE',  ( 3.500000000000000000, 10.80000000000000249, -0.6000000000000006439 ) ) ;
#3193 = CIRCLE ( 'NONE', #1376, 2.669999999999999485 ) ;
#3194 = LINE ( 'NONE', #545, #2956 ) ;
#3195 = CARTESIAN_POINT ( 'NONE',  ( 3.088786820535910138, 7.136568837675454802, 0.6994154661929543604 ) ) ;
#3196 = DIRECTION ( 'NONE',  ( -0.000000000000000000, 1.000000000000000000, -0.000000000000000000 ) ) ;
#3197 = CARTESIAN_POINT ( 'NONE',  ( 3.174999999999998934, 9.233087104677062840, 3.160879631556631875 ) ) ;
#3198 = CARTESIAN_POINT ( 'NONE',  ( -3.174999999999999822, 7.400000000282918045, 3.454861104187875398 ) ) ;
#3199 = CARTESIAN_POINT ( 'NONE',  ( -3.174999999998853628, 7.399998167948743877, 4.777837324121796847 ) ) ;
#3200 = CARTESIAN_POINT ( 'NONE',  ( 5.924599938756993332E-16, 4.174798010941098703, 4.028125000963500568 ) ) ;
#3201 = CARTESIAN_POINT ( 'NONE',  ( -2.793106854861111099, 9.012600994529453402, 4.498495371333872228 ) ) ;
#3202 = VECTOR ( 'NONE', #673, 1000.000000000000000 ) ;
#3203 = VERTEX_POINT ( 'NONE', #1082 ) ;
#3204 = LINE ( 'NONE', #4152, #977 ) ;
#3205 = DIRECTION ( 'NONE',  ( 0.000000000000000000, -1.000000000000000000, 0.000000000000000000 ) ) ;
#3206 = COLOUR_RGB ( '',0.7921568627450980005, 0.8196078431372548767, 0.9333333333333333481 ) ;
#3207 = VERTEX_POINT ( 'NONE', #2470 ) ;
#3208 = ORIENTED_EDGE ( 'NONE', *, *, #2125, .F. ) ;
#3209 = ADVANCED_FACE ( 'NONE', ( #3812 ), #2425, .T. ) ;
#3210 = CARTESIAN_POINT ( 'NONE',  ( -3.091424393439296203, 7.635471064608006841, 0.8360033248982873255 ) ) ;
#3211 = EDGE_LOOP ( 'NONE', ( #8, #1116 ) ) ;
#3212 = CARTESIAN_POINT ( 'NONE',  ( 2.369808614483317033, 9.526153105053799308, 3.890575150028277474 ) ) ;
#3213 = FACE_OUTER_BOUND ( 'NONE', #2509, .T. ) ;
#3214 = EDGE_CURVE ( 'NONE', #217, #1395, #719, .T. ) ;
#3215 = CARTESIAN_POINT ( 'NONE',  ( 3.103010105602677982, 8.099777637297822963, 5.948209819259835385 ) ) ;
#3216 = DIRECTION ( 'NONE',  ( 0.000000000000000000, 0.000000000000000000, -1.000000000000000000 ) ) ;
#3217 = CARTESIAN_POINT ( 'NONE',  ( -3.088786819479643508, 7.663431174709493199, 0.6994210220873543493 ) ) ;
#3218 = CARTESIAN_POINT ( 'NONE',  ( -2.244884255301052719E-16, 11.06617420935412355, 3.984027779704779615 ) ) ;
#3219 = CARTESIAN_POINT ( 'NONE',  ( -3.174999999998819433, 7.400001854056975858, 5.483272909751758739 ) ) ;
#3220 = CARTESIAN_POINT ( 'NONE',  ( -2.669999999999999485, 7.400000000000001243, 9.859920353756539413 ) ) ;
#3221 = CARTESIAN_POINT ( 'NONE',  ( -2.793106854861111099, 9.012600994529453402, 5.204050926889427053 ) ) ;
#3222 = VERTEX_POINT ( 'NONE', #3515 ) ;
#3223 = CARTESIAN_POINT ( 'NONE',  ( 5.924599938756993332E-16, 4.174798010941098703, 3.322569445407944855 ) ) ;
#3224 = ORIENTED_EDGE ( 'NONE', *, *, #369, .F. ) ;
#3225 = ORIENTED_EDGE ( 'NONE', *, *, #3993, .F. ) ;
#3226 = CYLINDRICAL_SURFACE ( 'NONE', #3964, 3.174999999999999822 ) ;
#3227 = CARTESIAN_POINT ( 'NONE',  ( -3.174999999999998934, 5.566912895322937871, 5.542129629629627630 ) ) ;
#3228 = CARTESIAN_POINT ( 'NONE',  ( 0.000000000000000000, 7.400000000000001243, 0.7999999999999977129 ) ) ;
#3229 = VERTEX_POINT ( 'NONE', #2086 ) ;
#3230 = ORIENTED_EDGE ( 'NONE', *, *, #199, .F. ) ;
#3231 = CARTESIAN_POINT ( 'NONE',  ( 1.730343197734206528, 10.06216222978086883, 5.330890745159797106 ) ) ;
#3232 = CARTESIAN_POINT ( 'NONE',  ( 2.901710486732304695, 8.688729550191640172, 3.854035650055868789 ) ) ;
#3233 = CARTESIAN_POINT ( 'NONE',  ( 3.088799984185915726, 7.136723184291981603, 0.6305045348343488731 ) ) ;
#3234 = CIRCLE ( 'NONE', #615, 2.500000000000000444 ) ;
#3235 = FACE_OUTER_BOUND ( 'NONE', #2910, .T. ) ;
#3236 = CARTESIAN_POINT ( 'NONE',  ( -3.500000000000000000, 6.505213034913026604E-16, -7.599999999999997868 ) ) ;
#3237 = CARTESIAN_POINT ( 'NONE',  ( 3.500000000000000000, 6.505213034913026604E-16, -6.100000000000000533 ) ) ;
#3238 = ORIENTED_EDGE ( 'NONE', *, *, #3801, .T. ) ;
#3239 = EDGE_CURVE ( 'NONE', #1005, #674, #387, .T. ) ;
#3240 = CARTESIAN_POINT ( 'NONE',  ( -3.174999999999998934, 5.566912895322936983, 5.630324076001076428 ) ) ;
#3241 = CIRCLE ( 'NONE', #1001, 3.500000000000003109 ) ;
#3242 = DIRECTION ( 'NONE',  ( 0.000000000000000000, 0.000000000000000000, 1.000000000000000000 ) ) ;
#3243 = CARTESIAN_POINT ( 'NONE',  ( -3.044205307562490415, 6.498091449462355840, 6.308438107469334533 ) ) ;
#3244 = CARTESIAN_POINT ( 'NONE',  ( 1.396553427430554661, 9.818901491794177261, 3.616550926889426698 ) ) ;
#3245 = CARTESIAN_POINT ( 'NONE',  ( 2.793106854861110655, 7.400000000000001243, 2.793402778741278514 ) ) ;
#3246 = DIRECTION ( 'NONE',  ( -0.000000000000000000, -0.000000000000000000, 1.000000000000000000 ) ) ;
#3247 = CARTESIAN_POINT ( 'NONE',  ( -0.8101528035016034579, 4.686099243290889227, 3.091794952362085791 ) ) ;
#3248 = DIRECTION ( 'NONE',  ( 1.000000000000000000, 0.000000000000000000, 0.000000000000000000 ) ) ;
#3249 = CARTESIAN_POINT ( 'NONE',  ( 3.056651027906133411, 7.179347852927272733, 0.6408023153643092051 ) ) ;
#3250 = ORIENTED_EDGE ( 'NONE', *, *, #3474, .F. ) ;
#3251 = VERTEX_POINT ( 'NONE', #2514 ) ;
#3252 = CARTESIAN_POINT ( 'NONE',  ( 0.000000000000000000, -4.356854249492373654, -4.099999999999997868 ) ) ;
#3253 = SURFACE_STYLE_USAGE ( .BOTH. , #3387 ) ;
#3254 = CARTESIAN_POINT ( 'NONE',  ( 3.174999999999999822, 7.400000000000040323, 3.719444444445608511 ) ) ;
#3255 = CARTESIAN_POINT ( 'NONE',  ( 0.000000000000000000, 7.400000000000001243, 5.599999999999997868 ) ) ;
#3256 = CARTESIAN_POINT ( 'NONE',  ( 3.174999999999930544, 9.233087104677101919, 3.778240740740741899 ) ) ;
#3257 = CARTESIAN_POINT ( 'NONE',  ( -2.669999999999999485, 7.400000000000001243, 6.599999999999997868 ) ) ;
#3258 = CARTESIAN_POINT ( 'NONE',  ( -0.2961458848601443150, 10.57330251559838352, 4.700526132958657399 ) ) ;
#3259 = CARTESIAN_POINT ( 'NONE',  ( 6.734652765903158157E-16, 3.733825790645878051, 4.336805557482557916 ) ) ;
#3260 = UNCERTAINTY_MEASURE_WITH_UNIT (LENGTH_MEASURE( 1.000000000000000082E-05 ), #428, 'distance_accuracy_value', 'NONE');
#3261 =( BOUNDED_SURFACE ( )  B_SPLINE_SURFACE ( 1, 2, ( 
 ( #2612, #922, #4005, #3339, #879, #1944, #239, #212, #2266, #1608, #2998, #4396, #2311, #3699, #578, #3269, #1627, #3017, #4421, #1284, #2677, #143, #1539, #2928, #2588, #3793, #4493, #4442, #3818, #2090, #335, #1305, #4, #1383, #2701, #2453, #1700, #1358, #260, #4099, #1021, #2794, #968, #4467, #2408, #4191, #3115, #1992, #2769, #2748, #3839, #678, #4516, #2359, #2043, #2070, #1335, #2018, #702, #2723, #1067, #3384, #1648, #3460, #3409, #1405, #3041, #3092, #4147, #2384, #1744, #3747, #631, #4169, #1674, #1046, #1723, #654, #2433, #3483, #354 ),
 ( #3138, #282, #3065, #4123, #997, #3769, #3435, #308, #394, #3502, #743, #3561, #2562, #3907, #1126, #3886, #764, #4280, #1427, #3158, #1516, #1765, #1475, #26, #2816, #2540, #2196, #374, #2882, #808, #2107, #460, #1851, #3862, #3180, #2521, #2153, #3221, #2902, #4210, #2499, #3540, #3930, #1105, #788, #4301, #1087, #2477, #2131, #3521, #1783, #1165, #52, #1449, #1145, #2838, #4236, #3200, #417, #724, #1809, #3585, #74, #4259, #3244, #2863, #1828, #2175, #117, #439, #95, #1496, #2261, #1280, #1622, #484, #2239, #1603, #2218, #3627, #574 ) ),
 .UNSPECIFIED., .F., .F., .F. ) 
 B_SPLINE_SURFACE_WITH_KNOTS ( ( 2, 2 ),
 ( 3, 2, 2, 2, 2, 2, 2, 2, 2, 2, 2, 2, 2, 2, 2, 2, 2, 2, 2, 2, 2, 2, 2, 2, 2, 2, 2, 2, 2, 2, 2, 2, 2, 2, 2, 2, 2, 2, 2, 2, 3 ),
 ( 0.000000000000000000, 1.000000000000000000 ),
 ( 0.000000000000000000, 0.02380952380952380820, 0.04761904761904761640, 0.07142857142857142461, 0.09523809523809523281, 0.1190476190476190410, 0.1428571428571428492, 0.1666666666666666574, 0.1904761904761904656, 0.2142857142857142738, 0.2380952380952380820, 0.2619047619047619180, 0.2857142857142856984, 0.3095238095238095344, 0.3333333333333333148, 0.3571428571428571508, 0.3809523809523809312, 0.4047619047619047672, 0.4285714285714285476, 0.4523809523809523836, 0.4761904761904761640, 0.5000000000000000000, 0.5238095238095238360, 0.5476190476190476719, 0.5714285714285713969, 0.5952380952380952328, 0.6190476190476190688, 0.6428571428571429047, 0.6666666666666666297, 0.6904761904761904656, 0.7142857142857143016, 0.7380952380952381375, 0.7619047619047618625, 0.7857142857142856984, 0.8095238095238095344, 0.8333333333333333703, 0.8571428571428570953, 0.8809523809523809312, 0.9047619047619047672, 0.9285714285714286031, 0.9314722197793192660 ),
 .UNSPECIFIED. ) 
 GEOMETRIC_REPRESENTATION_ITEM ( )  RATIONAL_B_SPLINE_SURFACE ( (
 ( 1.000000000000000000, 0.8660254037844387076, 1.000000000000000000, 0.8660254037844387076, 1.000000000000000000, 0.8660254037844387076, 1.000000000000000000, 0.8660254037844387076, 1.000000000000000000, 0.8660254037844387076, 1.000000000000000000, 0.8660254037844387076, 1.000000000000000000, 0.8660254037844387076, 1.000000000000000000, 0.8660254037844387076, 1.000000000000000000, 0.8660254037844387076, 1.000000000000000000, 0.8660254037844387076, 1.000000000000000000, 0.8660254037844387076, 1.000000000000000000, 0.8660254037844387076, 1.000000000000000000, 0.8660254037844387076, 1.000000000000000000, 0.8660254037844387076, 1.000000000000000000, 0.8660254037844387076, 1.000000000000000000, 0.8660254037844387076, 1.000000000000000000, 0.8660254037844387076, 1.000000000000000000, 0.8660254037844387076, 1.000000000000000000, 0.8660254037844387076, 1.000000000000000000, 0.8660254037844387076, 1.000000000000000000, 0.8660254037844387076, 1.000000000000000000, 0.8660254037844387076, 1.000000000000000000, 0.8660254037844387076, 1.000000000000000000, 0.8660254037844387076, 1.000000000000000000, 0.8660254037844387076, 1.000000000000000000, 0.8660254037844387076, 1.000000000000000000, 0.8660254037844387076, 1.000000000000000000, 0.8660254037844387076, 1.000000000000000000, 0.8660254037844387076, 1.000000000000000000, 0.8660254037844387076, 1.000000000000000000, 0.8660254037844387076, 1.000000000000000000, 0.8660254037844387076, 1.000000000000000000, 0.8660254037844387076, 1.000000000000000000, 0.8660254037844387076, 1.000000000000000000, 0.8660254037844387076, 1.000000000000000000, 0.8660254037844387076, 1.000000000000000000, 0.8660254037844387076, 1.000000000000000000, 0.8660254037844387076, 1.000000000000000000, 0.8660254037844387076, 1.000000000000000000, 0.9836774421071222685, 0.9713321441380240451),
 ( 1.000000000000000000, 0.8660254037844387076, 1.000000000000000000, 0.8660254037844387076, 1.000000000000000000, 0.8660254037844387076, 1.000000000000000000, 0.8660254037844387076, 1.000000000000000000, 0.8660254037844387076, 1.000000000000000000, 0.8660254037844387076, 1.000000000000000000, 0.8660254037844387076, 1.000000000000000000, 0.8660254037844387076, 1.000000000000000000, 0.8660254037844387076, 1.000000000000000000, 0.8660254037844387076, 1.000000000000000000, 0.8660254037844387076, 1.000000000000000000, 0.8660254037844387076, 1.000000000000000000, 0.8660254037844387076, 1.000000000000000000, 0.8660254037844387076, 1.000000000000000000, 0.8660254037844387076, 1.000000000000000000, 0.8660254037844387076, 1.000000000000000000, 0.8660254037844387076, 1.000000000000000000, 0.8660254037844387076, 1.000000000000000000, 0.8660254037844387076, 1.000000000000000000, 0.8660254037844387076, 1.000000000000000000, 0.8660254037844387076, 1.000000000000000000, 0.8660254037844387076, 1.000000000000000000, 0.8660254037844387076, 1.000000000000000000, 0.8660254037844387076, 1.000000000000000000, 0.8660254037844387076, 1.000000000000000000, 0.8660254037844387076, 1.000000000000000000, 0.8660254037844387076, 1.000000000000000000, 0.8660254037844387076, 1.000000000000000000, 0.8660254037844387076, 1.000000000000000000, 0.8660254037844387076, 1.000000000000000000, 0.8660254037844387076, 1.000000000000000000, 0.8660254037844387076, 1.000000000000000000, 0.8660254037844387076, 1.000000000000000000, 0.8660254037844387076, 1.000000000000000000, 0.8660254037844387076, 1.000000000000000000, 0.8660254037844387076, 1.000000000000000000, 0.8660254037844387076, 1.000000000000000000, 0.8660254037844387076, 1.000000000000000000, 0.8660254037844387076, 1.000000000000000000, 0.9836774421071222685, 0.9713321441380240451) ) ) 
 REPRESENTATION_ITEM ( '' )  SURFACE ( )  );
#3262 = CARTESIAN_POINT ( 'NONE',  ( -3.175000002658868503, 7.235703932908682745, 4.165959100984226282 ) ) ;
#3263 = PLANE ( 'NONE',  #823 ) ;
#3264 = CARTESIAN_POINT ( 'NONE',  ( 0.1722635033347746369, 4.229620137128231150, 5.754297878997127746 ) ) ;
#3265 = EDGE_CURVE ( 'NONE', #4346, #1542, #2148, .T. ) ;
#3266 = EDGE_CURVE ( 'NONE', #3939, #539, #3443, .T. ) ;
#3267 = CARTESIAN_POINT ( 'NONE',  ( 1.556235233916758220, 4.923196335412012736, 3.140058046190030705 ) ) ;
#3268 = CARTESIAN_POINT ( 'NONE',  ( 3.500000000000000000, 3.800000000000002043, -7.600000000000002309 ) ) ;
#3269 = CARTESIAN_POINT ( 'NONE',  ( -1.974866646252330782E-16, 10.62520198905890290, 6.321180556519056637 ) ) ;
#3270 = CARTESIAN_POINT ( 'NONE',  ( 3.088800027108301371, 7.136723687566343344, 0.6302782592144569040 ) ) ;
#3271 = CONICAL_SURFACE ( 'NONE', #4007, 2.000000000000000000, 0.7853981633974503884 ) ;
#3272 = EDGE_CURVE ( 'NONE', #1927, #1281, #1978, .T. ) ;
#3273 = ORIENTED_EDGE ( 'NONE', *, *, #1129, .T. ) ;
#3274 = ORIENTED_EDGE ( 'NONE', *, *, #2744, .T. ) ;
#3275 = CARTESIAN_POINT ( 'NONE',  ( 0.2101655340416962170, 10.57508297712069201, 5.387717236301686086 ) ) ;
#3276 = CIRCLE ( 'NONE', #3060, 3.300000000000000711 ) ;
#3277 = CARTESIAN_POINT ( 'NONE',  ( 1.587500000000001465, 4.650369342984409293, 3.601851851851849862 ) ) ;
#3278 = FACE_BOUND ( 'NONE', #3182, .T. ) ;
#3279 = CARTESIAN_POINT ( 'NONE',  ( -1.913865928877024780, 5.354929259413264475, 3.071075775793149720 ) ) ;
#3280 = CARTESIAN_POINT ( 'NONE',  ( 3.500000000000000000, 10.27233507433394522, -7.600000000000052935 ) ) ;
#3281 = CARTESIAN_POINT ( 'NONE',  ( -0.5434227410638238220, 10.53582321534003086, 4.709588024399052664 ) ) ;
#3282 = CARTESIAN_POINT ( 'NONE',  ( 0.000000000000000000, 2.300000000000006040, -6.099999999999997868 ) ) ;
#3283 = CARTESIAN_POINT ( 'NONE',  ( -1.587500000000000355, 10.14963065701559408, 3.337268520445520803 ) ) ;
#3284 = CARTESIAN_POINT ( 'NONE',  ( -3.033709083610538926, 6.457362296092052922, 4.193632648936064911 ) ) ;
#3285 = CYLINDRICAL_SURFACE ( 'NONE', #314, 3.174999999999999822 ) ;
#3286 = CARTESIAN_POINT ( 'NONE',  ( 1.857002184126500532, 4.820883054282604441, 5.817193721426467512 ) ) ;
#3287 = EDGE_CURVE ( 'NONE', #4377, #3140, #1317, .T. ) ;
#3288 = AXIS2_PLACEMENT_3D ( 'NONE', #2232, #1158, #2598 ) ;
#3289 = VERTEX_POINT ( 'NONE', #3280 ) ;
#3290 = VECTOR ( 'NONE', #1991, 1000.000000000000000 ) ;
#3291 = CARTESIAN_POINT ( 'NONE',  ( -0.1470380044994708535, 4.547646366757087222, 3.105602551654541799 ) ) ;
#3292 = CARTESIAN_POINT ( 'NONE',  ( 3.091504131881605222, 7.634478075056509994, 0.8376498827333940245 ) ) ;
#3293 = CARTESIAN_POINT ( 'NONE',  ( -3.063786843838207652, 7.284317739801569047, 0.5016091403349514088 ) ) ;
#3294 = DIRECTION ( 'NONE',  ( -0.000000000000000000, -0.000000000000000000, -1.000000000000000000 ) ) ;
#3295 = CARTESIAN_POINT ( 'NONE',  ( -3.058850523367681706, 7.597348562768576841, 0.8154745399855215515 ) ) ;
#3296 = AXIS2_PLACEMENT_3D ( 'NONE', #1437, #4200, #2441 ) ;
#3297 = ORIENTED_EDGE ( 'NONE', *, *, #4166, .F. ) ;
#3298 = ORIENTED_EDGE ( 'NONE', *, *, #3071, .T. ) ;
#3299 = ADVANCED_FACE ( 'NONE', ( #4336 ), #2621, .F. ) ;
#3300 = CARTESIAN_POINT ( 'NONE',  ( 2.579079346048461119, 9.254766916367602292, 5.289445283994843372 ) ) ;
#3301 = DIRECTION ( 'NONE',  ( 1.000000000000000000, 0.000000000000000000, 0.000000000000000000 ) ) ;
#3302 = CARTESIAN_POINT ( 'NONE',  ( 1.887126073569129980, 4.846684562374724337, 5.113002866024104698 ) ) ;
#3303 = CARTESIAN_POINT ( 'NONE',  ( 2.793106854861110211, 9.012600994529453402, 4.263310186148686398 ) ) ;
#3304 = DIRECTION ( 'NONE',  ( -0.000000000000000000, 1.000000000000000000, 1.239088197126290817E-16 ) ) ;
#3305 = CARTESIAN_POINT ( 'NONE',  ( 3.088786820535882605, 7.136568837675119070, 0.6994154661924909533 ) ) ;
#3306 = VERTEX_POINT ( 'NONE', #3578 ) ;
#3307 = DIRECTION ( 'NONE',  ( 0.000000000000000000, 0.000000000000000000, -1.000000000000000000 ) ) ;
#3308 = VECTOR ( 'NONE', #1410, 1000.000000000000000 ) ;
#3309 = B_SPLINE_CURVE_WITH_KNOTS ( 'NONE', 3,
 ( #4524, #4478, #2463, #3051, #4156, #3805 ),
 .UNSPECIFIED., .F., .F.,
 ( 4, 2, 4 ),
 ( 0.01134814089963886649, 0.01311940391662091282, 0.01489066693360295915 ),
 .UNSPECIFIED. ) ;
#3310 = CARTESIAN_POINT ( 'NONE',  ( -2.793106854861111099, 9.012600994529453402, 5.733217593556092950 ) ) ;
#3311 = CARTESIAN_POINT ( 'NONE',  ( -3.146163624972930339, 7.826953930423515615, 6.262840820838592393 ) ) ;
#3312 = DIRECTION ( 'NONE',  ( -0.000000000000000000, -0.000000000000000000, 1.000000000000000000 ) ) ;
#3313 = CARTESIAN_POINT ( 'NONE',  ( 3.500000000000000000, 10.80000000000000071, -4.099999999999997868 ) ) ;
#3314 = VERTEX_POINT ( 'NONE', #433 ) ;
#3315 = EDGE_CURVE ( 'NONE', #70, #217, #826, .T. ) ;
#3316 = CARTESIAN_POINT ( 'NONE',  ( 3.174999999999698730, 7.399998617441835513, 5.836111066766338951 ) ) ;
#3317 = CARTESIAN_POINT ( 'NONE',  ( 2.669999999999999485, 7.400000000000001243, 6.599999999999997868 ) ) ;
#3318 = CARTESIAN_POINT ( 'NONE',  ( -3.088799766568103955, 7.663279367330463110, 0.6310679422664645655 ) ) ;
#3319 = CARTESIAN_POINT ( 'NONE',  ( 3.100012400746240626, 7.340714357839861037, 0.4722196616998462493 ) ) ;
#3320 = CARTESIAN_POINT ( 'NONE',  ( -3.100012400746240626, 7.340714357839887683, 0.9277803383001559379 ) ) ;
#3321 = ORIENTED_EDGE ( 'NONE', *, *, #1790, .T. ) ;
#3322 = ORIENTED_EDGE ( 'NONE', *, *, #2412, .T. ) ;
#3323 = CARTESIAN_POINT ( 'NONE',  ( 3.174964418231032148, 7.415523453829757194, 5.219248294573123559 ) ) ;
#3324 = EDGE_CURVE ( 'NONE', #1412, #3895, #524, .T. ) ;
#3325 = CARTESIAN_POINT ( 'NONE',  ( 0.4497945329446125795, 4.256243840098411724, 5.059026188105737454 ) ) ;
#3326 = EDGE_CURVE ( 'NONE', #1663, #188, #2917, .T. ) ;
#3327 = CARTESIAN_POINT ( 'NONE',  ( -2.793106854861109323, 5.787399005470548197, 6.027199075037573905 ) ) ;
#3328 = CARTESIAN_POINT ( 'NONE',  ( -0.7305146334391291463, 4.310166220621357347, 3.604178697539012433 ) ) ;
#3329 = CARTESIAN_POINT ( 'NONE',  ( 3.056639958537976209, 7.179218070285185327, 0.6995036977106052767 ) ) ;
#3330 = DIRECTION ( 'NONE',  ( 0.000000000000000000, 0.000000000000000000, 1.000000000000000000 ) ) ;
#3331 = CARTESIAN_POINT ( 'NONE',  ( 1.396553427430556660, 4.981098508205824338, 4.616087963926463367 ) ) ;
#3332 = CARTESIAN_POINT ( 'NONE',  ( -0.8744268205887071321, 10.45289259953086436, 3.310868066710507929 ) ) ;
#3333 = DIRECTION ( 'NONE',  ( -0.000000000000000000, -0.000000000000000000, 1.000000000000000000 ) ) ;
#3334 = CARTESIAN_POINT ( 'NONE',  ( -1.339899671031722361, 4.521579073120269854, 5.698290754803760905 ) ) ;
#3335 = ORIENTED_EDGE ( 'NONE', *, *, #3646, .F. ) ;
#3336 = AXIS2_PLACEMENT_3D ( 'NONE', #3252, #126, #4357 ) ;
#3337 = CARTESIAN_POINT ( 'NONE',  ( 3.154988309347348086, 7.031397899760571946, 4.500980282168437263 ) ) ;
#3338 = CARTESIAN_POINT ( 'NONE',  ( -2.678017086334285590, 6.606482269905867177, 6.528924224206849480 ) ) ;
#3339 = CARTESIAN_POINT ( 'NONE',  ( -1.974866646252330782E-16, 10.62520198905890290, 7.026736112074610574 ) ) ;
#3340 = CARTESIAN_POINT ( 'NONE',  ( -2.987475740169326155, 8.475292821189036374, 5.533565645127642263 ) ) ;
#3341 = DIRECTION ( 'NONE',  ( -1.000000000000000000, 0.000000000000000000, 0.000000000000000000 ) ) ;
#3342 = ORIENTED_EDGE ( 'NONE', *, *, #3888, .T. ) ;
#3343 = ORIENTED_EDGE ( 'NONE', *, *, #4089, .F. ) ;
#3344 = FACE_BOUND ( 'NONE', #304, .T. ) ;
#3345 = CARTESIAN_POINT ( 'NONE',  ( 0.5913560373451127727, 4.280542594425562619, 5.064263651639493879 ) ) ;
#3346 = CIRCLE ( 'NONE', #4233, 0.5000000000000002220 ) ;
#3347 = EDGE_CURVE ( 'NONE', #2456, #3736, #2859, .T. ) ;
#3348 = CARTESIAN_POINT ( 'NONE',  ( -2.793106854861110655, 7.400000000000001243, 5.968402778741277892 ) ) ;
#3349 = CARTESIAN_POINT ( 'NONE',  ( 0.6567479527174429066, 4.293553827552599067, 3.655577072398811023 ) ) ;
#3350 = CARTESIAN_POINT ( 'NONE',  ( -3.048931506722516893, 7.139967949447052042, 0.7005845338070452177 ) ) ;
#3351 = MECHANICAL_DESIGN_GEOMETRIC_PRESENTATION_REPRESENTATION (  '', ( #1604 ), #2913 ) ;
#3352 = ORIENTED_EDGE ( 'NONE', *, *, #541, .T. ) ;
#3353 = DIRECTION ( 'NONE',  ( -0.000000000000000000, 1.239088197126290570E-16, -1.000000000000000000 ) ) ;
#3354 = CARTESIAN_POINT ( 'NONE',  ( -1.974866646252330782E-16, 10.62520198905890290, 7.026736112074610574 ) ) ;
#3355 = EDGE_CURVE ( 'NONE', #4309, #4408, #1865, .T. ) ;
#3356 = CARTESIAN_POINT ( 'NONE',  ( 0.000000000000000000, 10.80000000000000249, -7.600000000000001421 ) ) ;
#3357 = CYLINDRICAL_SURFACE ( 'NONE', #2345, 3.174999999999999822 ) ;
#3358 = CARTESIAN_POINT ( 'NONE',  ( -1.354612427011655296, 4.528469071357380749, 5.697745590076813471 ) ) ;
#3359 = VECTOR ( 'NONE', #2952, 1000.000000000000000 ) ;
#3360 = ORIENTED_EDGE ( 'NONE', *, *, #4038, .T. ) ;
#3361 = CARTESIAN_POINT ( 'NONE',  ( 2.748837301828714441, 5.796805772827354097, 4.454016110237046355 ) ) ;
#3362 = CARTESIAN_POINT ( 'NONE',  ( -2.392760643316610647, 8.873915311916746873, 3.071075775792516893 ) ) ;
#3363 = CARTESIAN_POINT ( 'NONE',  ( -3.091393635325077494, 7.164005351139071998, 0.5644915511500838701 ) ) ;
#3364 = CARTESIAN_POINT ( 'NONE',  ( -3.174999999997476952, 7.400002787240521407, 5.571438047546256378 ) ) ;
#3365 = CARTESIAN_POINT ( 'NONE',  ( -3.088786820535882605, 7.136568837675118182, 0.7005845338070439965 ) ) ;
#3366 = EDGE_LOOP ( 'NONE', ( #772, #105, #4424, #4289 ) ) ;
#3367 = ORIENTED_EDGE ( 'NONE', *, *, #2549, .T. ) ;
#3368 = CARTESIAN_POINT ( 'NONE',  ( 3.174999999997103473, 7.399995711445882307, 5.130555418000769308 ) ) ;
#3369 = CARTESIAN_POINT ( 'NONE',  ( -3.174999999999998934, 5.566912895322936983, 4.131018518518516203 ) ) ;
#3370 = VECTOR ( 'NONE', #4462, 1000.000000000000000 ) ;
#3371 = ORIENTED_EDGE ( 'NONE', *, *, #508, .T. ) ;
#3372 = CARTESIAN_POINT ( 'NONE',  ( 0.5605914294012517285, 4.274875054603076485, 5.063123743733087601 ) ) ;
#3373 = CARTESIAN_POINT ( 'NONE',  ( 1.396553427430554661, 9.818901491794177261, 3.616550926889426698 ) ) ;
#3374 = CARTESIAN_POINT ( 'NONE',  ( 2.257350080195428266, 5.161721533644954896, 3.718977974450487167 ) ) ;
#3375 = CARTESIAN_POINT ( 'NONE',  ( 3.088799766568103955, 7.663279367330463110, 0.7689320577335335694 ) ) ;
#3376 = CARTESIAN_POINT ( 'NONE',  ( -1.261425226645606301, 10.31366960053478010, 4.030728328746983280 ) ) ;
#3377 = CARTESIAN_POINT ( 'NONE',  ( -2.793106854861111099, 9.012600994529453402, 6.438773149111648664 ) ) ;
#3378 = CARTESIAN_POINT ( 'NONE',  ( 0.000000000000000000, 7.400000000000001243, 9.859920353756539413 ) ) ;
#3379 = SURFACE_STYLE_FILL_AREA ( #3764 ) ;
#3380 = FACE_OUTER_BOUND ( 'NONE', #104, .T. ) ;
#3381 = ORIENTED_EDGE ( 'NONE', *, *, #596, .T. ) ;
#3382 = CARTESIAN_POINT ( 'NONE',  ( 2.363715514379234772, 5.280213817596694170, 4.430173640512258260 ) ) ;
#3383 = CARTESIAN_POINT ( 'NONE',  ( 0.000000000000000000, 0.1500000000000021316, -4.099999999999997868 ) ) ;
#3384 = CARTESIAN_POINT ( 'NONE',  ( -2.793106854861111099, 9.012600994529453402, 3.616550926889426254 ) ) ;
#3385 = CARTESIAN_POINT ( 'NONE',  ( -3.096818012321584934, 8.111692105109394646, 5.547313358649947013 ) ) ;
#3386 = CARTESIAN_POINT ( 'NONE',  ( -1.974866646252330782E-16, 10.62520198905890290, 7.203125000963500391 ) ) ;
#3387 = SURFACE_SIDE_STYLE ('',( #925 ) ) ;
#3388 = ORIENTED_EDGE ( 'NONE', *, *, #4477, .F. ) ;
#3389 = ORIENTED_EDGE ( 'NONE', *, *, #1953, .T. ) ;
#3390 = VECTOR ( 'NONE', #3353, 1000.000000000000000 ) ;
#3391 = DIRECTION ( 'NONE',  ( -1.000000000000000000, 0.000000000000000000, 0.000000000000000000 ) ) ;
#3392 = CARTESIAN_POINT ( 'NONE',  ( 1.587499999999999245, 10.14963065701559408, 6.659259259259257213 ) ) ;
#3393 = AXIS2_PLACEMENT_3D ( 'NONE', #1833, #2224, #1874 ) ;
#3394 = ORIENTED_EDGE ( 'NONE', *, *, #62, .F. ) ;
#3395 = CARTESIAN_POINT ( 'NONE',  ( -1.007382526409545731, 4.388106843186953654, 5.004945918131416427 ) ) ;
#3396 = CARTESIAN_POINT ( 'NONE',  ( -2.793106854861109323, 5.787399005470548197, 4.616087963926465143 ) ) ;
#3397 = CARTESIAN_POINT ( 'NONE',  ( 3.174999999999990052, 7.399999751768032041, 3.807638882852764528 ) ) ;
#3398 = LINE ( 'NONE', #4503, #3429 ) ;
#3399 = VERTEX_POINT ( 'NONE', #88 ) ;
#3400 = CARTESIAN_POINT ( 'NONE',  ( -3.029959243940929525, 8.348695173935345437, 4.127301308049853290 ) ) ;
#3401 = CARTESIAN_POINT ( 'NONE',  ( 5.924599938756993332E-16, 4.174798010941098703, 5.262847223185722179 ) ) ;
#3402 = CARTESIAN_POINT ( 'NONE',  ( -1.378777298512849470, 10.26000907524989714, 3.329552092360215987 ) ) ;
#3403 = CARTESIAN_POINT ( 'NONE',  ( -2.743116877021657629, 8.006082612807917442, 6.528924224206847704 ) ) ;
#3404 = CARTESIAN_POINT ( 'NONE',  ( -1.993776601336299859, 4.929065042230078575, 5.672653877275094736 ) ) ;
#3405 = CLOSED_SHELL ( 'NONE', ( #4254, #2020, #167, #769, #2379, #289 ) ) ;
#3406 = ADVANCED_FACE ( 'NONE', ( #4274 ), #1225, .F. ) ;
#3407 = CARTESIAN_POINT ( 'NONE',  ( 3.099999999999999645, 7.400000000000001243, 0.6999999999999992895 ) ) ;
#3408 = DIRECTION ( 'NONE',  ( -1.000000000000000000, 0.000000000000000000, 0.000000000000000000 ) ) ;
#3409 = CARTESIAN_POINT ( 'NONE',  ( 1.396553427430554661, 9.818901491794177261, 3.440162038000537770 ) ) ;
#3410 = CARTESIAN_POINT ( 'NONE',  ( -3.170204205691765420, 7.601429281669720872, 5.564739849370439195 ) ) ;
#3411 = FACE_OUTER_BOUND ( 'NONE', #1386, .T. ) ;
#3412 = EDGE_CURVE ( 'NONE', #3593, #2051, #1511, .T. ) ;
#3413 = ORIENTED_EDGE ( 'NONE', *, *, #4030, .T. ) ;
#3414 = ADVANCED_FACE ( 'NONE', ( #495 ), #2211, .T. ) ;
#3415 = CARTESIAN_POINT ( 'NONE',  ( -1.531415293607089056, 4.618767724540878028, 6.308498074214886842 ) ) ;
#3416 = CARTESIAN_POINT ( 'NONE',  ( -3.174999999999999822, 9.233087104677062840, 5.424537037037035603 ) ) ;
#3417 = ADVANCED_FACE ( 'NONE', ( #131 ), #2556, .T. ) ;
#3418 = ORIENTED_EDGE ( 'NONE', *, *, #984, .F. ) ;
#3419 = CARTESIAN_POINT ( 'NONE',  ( -2.961345359550029865, 6.254451162423447563, 4.906784101670232268 ) ) ;
#3420 = CARTESIAN_POINT ( 'NONE',  ( 1.999999999999999556, 6.505213034913026604E-16, -7.600000000000002309 ) ) ;
#3421 = CARTESIAN_POINT ( 'NONE',  ( -1.086719571119753702, 4.414513363467637674, 3.590925259541152492 ) ) ;
#3422 = CARTESIAN_POINT ( 'NONE',  ( 3.091834716763572910, 7.627693927710883059, 0.7005001482479328301 ) ) ;
#3423 = VECTOR ( 'NONE', #4440, 1000.000000000000000 ) ;
#3424 = VERTEX_POINT ( 'NONE', #2577 ) ;
#3425 = VECTOR ( 'NONE', #1585, 1000.000000000000114 ) ;
#3426 = CARTESIAN_POINT ( 'NONE',  ( -1.998992998962267231, 9.866794590389442732, 4.059516142617511925 ) ) ;
#3427 = CARTESIAN_POINT ( 'NONE',  ( 1.396553427430556660, 4.981098508205824338, 3.910532408370907653 ) ) ;
#3428 = CARTESIAN_POINT ( 'NONE',  ( -1.297024431774909559, 10.29801449556698856, 6.148777831582639131 ) ) ;
#3429 = VECTOR ( 'NONE', #2055, 1000.000000000000000 ) ;
#3430 = CARTESIAN_POINT ( 'NONE',  ( -3.147031989955944908, 6.979459533630366863, 5.585534574786916728 ) ) ;
#3431 = EDGE_LOOP ( 'NONE', ( #927, #4238, #1926, #3165 ) ) ;
#3432 = CARTESIAN_POINT ( 'NONE',  ( 2.793106854861111099, 5.787399005470551749, 4.674884260222758492 ) ) ;
#3433 = DIRECTION ( 'NONE',  ( 0.000000000000000000, 0.000000000000000000, -1.000000000000000000 ) ) ;
#3434 = FACE_OUTER_BOUND ( 'NONE', #1965, .T. ) ;
#3435 = CARTESIAN_POINT ( 'NONE',  ( 2.793106854861110655, 7.400000000000001243, 7.026736112074612350 ) ) ;
#3436 = CARTESIAN_POINT ( 'NONE',  ( -3.499999999999999112, 6.505213034913026604E-16, -2.100000000000000533 ) ) ;
#3437 = PLANE ( 'NONE',  #4321 ) ;
#3438 = ORIENTED_EDGE ( 'NONE', *, *, #448, .F. ) ;
#3439 = DIRECTION ( 'NONE',  ( 1.000000000000000000, 0.000000000000000000, -2.891205793294674382E-16 ) ) ;
#3440 = CARTESIAN_POINT ( 'NONE',  ( 6.734652765903158157E-16, 3.733825790645878051, 5.659722222222220545 ) ) ;
#3441 = ADVANCED_FACE ( 'NONE', ( #2168 ), #179, .F. ) ;
#3442 = CARTESIAN_POINT ( 'NONE',  ( -1.608057872146836598, 4.662316728245431641, 4.982800901547693506 ) ) ;
#3443 = CIRCLE ( 'NONE', #3149, 0.2250000000000000611 ) ;
#3444 = VECTOR ( 'NONE', #3157, 1000.000000000000000 ) ;
#3445 = CARTESIAN_POINT ( 'NONE',  ( -3.088799984185916170, 7.136723184291982491, 0.7694954651656498168 ) ) ;
#3446 = CARTESIAN_POINT ( 'NONE',  ( -1.966672173662519674, 4.907442451426068608, 3.557183722443153062 ) ) ;
#3447 = SURFACE_STYLE_USAGE ( .BOTH. , #4062 ) ;
#3448 = VECTOR ( 'NONE', #3651, 1000.000000000000000 ) ;
#3449 = AXIS2_PLACEMENT_3D ( 'NONE', #4101, #1702, #3043 ) ;
#3450 = ORIENTED_EDGE ( 'NONE', *, *, #1470, .F. ) ;
#3451 = CARTESIAN_POINT ( 'NONE',  ( -1.254330870364051886, 10.31672561773833685, 4.030481662040952706 ) ) ;
#3452 = DIRECTION ( 'NONE',  ( -0.000000000000000000, 1.000000000000000000, -0.000000000000000000 ) ) ;
#3453 = CARTESIAN_POINT ( 'NONE',  ( 0.1622317732619403263, 10.57092445603344899, 6.094683183575836161 ) ) ;
#3454 = DIRECTION ( 'NONE',  ( 0.000000000000000000, -1.000000000000000000, 0.000000000000000000 ) ) ;
#3455 = CARTESIAN_POINT ( 'NONE',  ( -3.169004220037082931, 7.173372551306840705, 5.578887996415057060 ) ) ;
#3456 = ORIENTED_EDGE ( 'NONE', *, *, #1901, .T. ) ;
#3457 = CARTESIAN_POINT ( 'NONE',  ( 2.793106854861111099, 5.787399005470551749, 3.263773149111648397 ) ) ;
#3458 = CARTESIAN_POINT ( 'NONE',  ( -1.189023319069991480, 4.456048579658155262, 4.292767658704479850 ) ) ;
#3459 = CYLINDRICAL_SURFACE ( 'NONE', #2063, 2.500000000000000444 ) ;
#3460 = CARTESIAN_POINT ( 'NONE',  ( -1.974866646252330782E-16, 10.62520198905890290, 3.498958334296833783 ) ) ;
#3461 = CARTESIAN_POINT ( 'NONE',  ( -1.338320393289449628, 10.27963457945592829, 5.444705884645456351 ) ) ;
#3462 = DIRECTION ( 'NONE',  ( 0.000000000000000000, 0.000000000000000000, -1.000000000000000000 ) ) ;
#3463 =( BOUNDED_CURVE ( )  B_SPLINE_CURVE ( 2, ( #3486, #2110, #1071 ),
 .UNSPECIFIED., .F., .F. ) 
 B_SPLINE_CURVE_WITH_KNOTS ( ( 3, 3 ),
 ( 0.9202022479967888469, 0.9363064391081173943 ),
 .UNSPECIFIED. ) 
 CURVE ( )  GEOMETRIC_REPRESENTATION_ITEM ( )  RATIONAL_B_SPLINE_CURVE ( ( 1.000000000000000000, 0.9155927402743284649, 0.9375427407404879343 ) ) 
 REPRESENTATION_ITEM ( '' )  );
#3464 = ADVANCED_FACE ( 'NONE', ( #3644 ), #4391, .T. ) ;
#3465 = EDGE_LOOP ( 'NONE', ( #913, #2181, #3615, #2300 ) ) ;
#3466 = CARTESIAN_POINT ( 'NONE',  ( -3.066046579522008653, 7.457475414839428218, 0.4774733048122734025 ) ) ;
#3467 = CARTESIAN_POINT ( 'NONE',  ( -3.174999999999999822, 9.233087104677062840, 6.835648148148145253 ) ) ;
#3468 = ORIENTED_EDGE ( 'NONE', *, *, #1049, .T. ) ;
#3469 = CARTESIAN_POINT ( 'NONE',  ( -2.793106854861110655, 9.012600994529453402, 5.027662038000536349 ) ) ;
#3470 = EDGE_CURVE ( 'NONE', #601, #1486, #3949, .T. ) ;
#3471 = PLANE ( 'NONE',  #38 ) ;
#3472 = CARTESIAN_POINT ( 'NONE',  ( 3.048931506722516893, 7.139967949447052042, 0.6994154661929535832 ) ) ;
#3473 = FILL_AREA_STYLE_COLOUR ( '', #4012 ) ;
#3474 = EDGE_CURVE ( 'NONE', #3399, #795, #522, .T. ) ;
#3475 = ORIENTED_EDGE ( 'NONE', *, *, #2494, .F. ) ;
#3476 = CARTESIAN_POINT ( 'NONE',  ( -0.2913213075991901158, 10.56192225000296858, 3.994821115945111245 ) ) ;
#3477 = CARTESIAN_POINT ( 'NONE',  ( 0.2048711877551107896, 10.56845527829486286, 6.093106408804993990 ) ) ;
#3478 = PLANE ( 'NONE',  #963 ) ;
#3479 = CARTESIAN_POINT ( 'NONE',  ( -3.142457246603589827, 6.946054994597587573, 5.586695263138987677 ) ) ;
#3480 = CARTESIAN_POINT ( 'NONE',  ( 3.500000000000000000, 2.600000000000005862, -7.600000000000002309 ) ) ;
#3481 = CARTESIAN_POINT ( 'NONE',  ( -1.171701016917451543, 4.449106763264584430, 4.293411727745473527 ) ) ;
#3482 = DIRECTION ( 'NONE',  ( 0.000000000000000000, -1.000000000000000000, 0.000000000000000000 ) ) ;
#3483 = CARTESIAN_POINT ( 'NONE',  ( 2.793106854861111099, 7.227030072389973192, 2.610707313613996217 ) ) ;
#3484 = CARTESIAN_POINT ( 'NONE',  ( 0.000000000000000000, 7.400000000000001243, 0.7999999999999977129 ) ) ;
#3485 = VERTEX_POINT ( 'NONE', #455 ) ;
#3486 = CARTESIAN_POINT ( 'NONE',  ( -3.174999999999011280, 7.399998291565613506, 3.366721979351742000 ) ) ;
#3487 = FACE_OUTER_BOUND ( 'NONE', #583, .T. ) ;
#3488 = CARTESIAN_POINT ( 'NONE',  ( -3.153296317269926874, 7.029305976972136882, 4.878263273327540617 ) ) ;
#3489 = CARTESIAN_POINT ( 'NONE',  ( 3.174999999999990052, 7.399999751768032041, 3.807638882852764528 ) ) ;
#3490 = LINE ( 'NONE', #1367, #3081 ) ;
#3491 = SURFACE_STYLE_FILL_AREA ( #3529 ) ;
#3492 = ORIENTED_EDGE ( 'NONE', *, *, #2010, .T. ) ;
#3493 = CARTESIAN_POINT ( 'NONE',  ( 1.048774448895002154, 4.480119791324440826, 6.356792749364494455 ) ) ;
#3494 = CARTESIAN_POINT ( 'NONE',  ( 1.535445099457856344, 10.17953344289559681, 6.043981105448073876 ) ) ;
#3495 = CARTESIAN_POINT ( 'NONE',  ( -3.130808717127753660, 6.790440224625655219, 6.297504634532104184 ) ) ;
#3496 = CARTESIAN_POINT ( 'NONE',  ( 0.4000000000000003553, 7.400000000000001243, 5.799999999999998046 ) ) ;
#3497 = ADVANCED_FACE ( 'NONE', ( #1843 ), #2203, .T. ) ;
#3498 = CARTESIAN_POINT ( 'NONE',  ( 2.793106854861110211, 9.012600994529453402, 4.792476852815351407 ) ) ;
#3499 = CIRCLE ( 'NONE', #2984, 2.669999999999999485 ) ;
#3500 = CARTESIAN_POINT ( 'NONE',  ( -2.788694729547716022, 5.867311745777091581, 4.216951929981077818 ) ) ;
#3501 = FACE_OUTER_BOUND ( 'NONE', #3366, .T. ) ;
#3502 = CARTESIAN_POINT ( 'NONE',  ( 5.924599938756993332E-16, 4.174798010941098703, 6.850347223185722534 ) ) ;
#3503 = CARTESIAN_POINT ( 'NONE',  ( 5.924599938756993332E-16, 4.174798010941098703, 4.733680556519056282 ) ) ;
#3504 = VERTEX_POINT ( 'NONE', #3599 ) ;
#3505 = DIRECTION ( 'NONE',  ( -0.000000000000000000, -1.000000000000000000, -0.000000000000000000 ) ) ;
#3506 = CARTESIAN_POINT ( 'NONE',  ( -2.244884255301052719E-16, 11.06617420935412355, 3.190277777777775992 ) ) ;
#3507 = PRODUCT_DEFINITION_CONTEXT ( 'detailed design', #497, 'design' ) ;
#3508 = ORIENTED_EDGE ( 'NONE', *, *, #91, .T. ) ;
#3509 = CARTESIAN_POINT ( 'NONE',  ( 2.793106854861111099, 5.787399005470551749, 6.085995371333870807 ) ) ;
#3510 = CARTESIAN_POINT ( 'NONE',  ( -2.782105201066621625, 5.869574074355912607, 3.511210412729939723 ) ) ;
#3511 = EDGE_LOOP ( 'NONE', ( #3022, #3962, #3298, #3321, #3133, #2825 ) ) ;
#3512 = CARTESIAN_POINT ( 'NONE',  ( 1.852759790857522626, 9.980217528682421957, 3.914882738012948060 ) ) ;
#3513 = VECTOR ( 'NONE', #2400, 1000.000000000000000 ) ;
#3514 = CARTESIAN_POINT ( 'NONE',  ( 2.919918071942154469, 8.652764973595171938, 5.969244315010924673 ) ) ;
#3515 = CARTESIAN_POINT ( 'NONE',  ( 0.000000000000000000, 2.600000000000006306, -0.7999999999999994893 ) ) ;
#3516 = AXIS2_PLACEMENT_3D ( 'NONE', #1796, #3189, #903 ) ;
#3517 = CARTESIAN_POINT ( 'NONE',  ( -1.332145322076911720, 10.28229713980871551, 4.738893763347600263 ) ) ;
#3518 = CARTESIAN_POINT ( 'NONE',  ( -1.396553427430553329, 4.981098508205822561, 3.792939815778315626 ) ) ;
#3519 = CARTESIAN_POINT ( 'NONE',  ( 1.057015434598642667, 4.400037327236008267, 4.375922859718507141 ) ) ;
#3520 = CARTESIAN_POINT ( 'NONE',  ( -2.244884255301052719E-16, 11.06617420935412355, 4.601388888888887863 ) ) ;
#3521 = CARTESIAN_POINT ( 'NONE',  ( -2.793106854861111099, 9.012600994529453402, 4.498495371333872228 ) ) ;
#3522 = CARTESIAN_POINT ( 'NONE',  ( -1.396553427430555550, 9.818901491794177261, 4.439699075037575327 ) ) ;
#3523 = ORIENTED_EDGE ( 'NONE', *, *, #1381, .T. ) ;
#3524 = CARTESIAN_POINT ( 'NONE',  ( 2.449293598294706414E-16, 2.300000000000006040, -2.099999999999997868 ) ) ;
#3525 = CARTESIAN_POINT ( 'NONE',  ( 6.734652765903158157E-16, 3.733825790645878051, 5.659722222222220545 ) ) ;
#3526 = AXIS2_PLACEMENT_3D ( 'NONE', #3162, #2842, #2798 ) ;
#3527 = ORIENTED_EDGE ( 'NONE', *, *, #852, .F. ) ;
#3528 = CARTESIAN_POINT ( 'NONE',  ( -3.099999999999999645, 7.468691985771489072, 0.9619637379487737672 ) ) ;
#3529 = FILL_AREA_STYLE ('',( #3473 ) ) ;
#3530 = EDGE_LOOP ( 'NONE', ( #2850, #1212, #3702, #2323, #2480 ) ) ;
#3531 = CARTESIAN_POINT ( 'NONE',  ( 1.611241597202543785, 10.13754336272219803, 3.924352616274459304 ) ) ;
#3532 = AXIS2_PLACEMENT_3D ( 'NONE', #3596, #473, #1863 ) ;
#3533 = CARTESIAN_POINT ( 'NONE',  ( 0.000000000000000000, 7.400000000000001243, -0.5999999999999998668 ) ) ;
#3534 = CARTESIAN_POINT ( 'NONE',  ( -2.793106854861110655, 7.191286491892992849, 3.071075775793148388 ) ) ;
#3535 = CARTESIAN_POINT ( 'NONE',  ( -3.099999999999999645, 7.400000000000001243, 0.6999999999999992895 ) ) ;
#3536 = CARTESIAN_POINT ( 'NONE',  ( -2.385666853784228714, 9.505296827963254813, 4.783941457639968142 ) ) ;
#3537 = CARTESIAN_POINT ( 'NONE',  ( -3.174999999999999822, 9.233087104677062840, 6.218287038964039226 ) ) ;
#3538 = CARTESIAN_POINT ( 'NONE',  ( 3.500000000000000000, 1.300000000000006040, -6.100000000000000533 ) ) ;
#3539 = CARTESIAN_POINT ( 'NONE',  ( -2.500000000000001776, 7.400000000000001243, 5.799999999999998046 ) ) ;
#3540 = CARTESIAN_POINT ( 'NONE',  ( 2.793106854861110655, 9.012600994529453402, 4.968865741704241223 ) ) ;
#3541 = CARTESIAN_POINT ( 'NONE',  ( 1.396553427430554661, 9.818901491794177261, 5.733217593556093838 ) ) ;
#3542 = EDGE_CURVE ( 'NONE', #1902, #490, #1858, .T. ) ;
#3543 = LINE ( 'NONE', #98, #3987 ) ;
#3544 = CARTESIAN_POINT ( 'NONE',  ( -1.999999999999999112, 6.505213034913026604E-16, -6.100000000000001421 ) ) ;
#3545 = CARTESIAN_POINT ( 'NONE',  ( 0.5000000000000002220, 7.400000000000001243, 0.7999999999999977129 ) ) ;
#3546 = EDGE_CURVE ( 'NONE', #4202, #1630, #2731, .T. ) ;
#3547 = ORIENTED_EDGE ( 'NONE', *, *, #710, .F. ) ;
#3548 = VERTEX_POINT ( 'NONE', #3868 ) ;
#3549 = EDGE_CURVE ( 'NONE', #2692, #705, #3780, .T. ) ;
#3550 = CARTESIAN_POINT ( 'NONE',  ( 0.000000000000000000, 10.80000000000000071, -4.099999999999997868 ) ) ;
#3551 = EDGE_LOOP ( 'NONE', ( #1746, #2592, #941, #4447 ) ) ;
#3552 = CARTESIAN_POINT ( 'NONE',  ( 2.830321450195001809, 6.351087833024644524, 6.405549441917767872 ) ) ;
#3553 = LINE ( 'NONE', #2915, #1064 ) ;
#3554 = CIRCLE ( 'NONE', #3773, 0.6399999999999999023 ) ;
#3555 = CARTESIAN_POINT ( 'NONE',  ( 2.500000000000000444, 7.400000000000001243, 7.599999999999997868 ) ) ;
#3556 = DIRECTION ( 'NONE',  ( 0.000000000000000000, -1.000000000000000000, 0.000000000000000000 ) ) ;
#3557 = FACE_OUTER_BOUND ( 'NONE', #570, .T. ) ;
#3558 = CARTESIAN_POINT ( 'NONE',  ( -3.174999999999999822, 9.233087104677062840, 4.101620372297372086 ) ) ;
#3559 = CARTESIAN_POINT ( 'NONE',  ( -1.998930114856585005, 9.866798192381139643, 3.353962575820262693 ) ) ;
#3560 = CARTESIAN_POINT ( 'NONE',  ( -1.587500000000000355, 10.14963065701559408, 4.660185185185183876 ) ) ;
#3561 = CARTESIAN_POINT ( 'NONE',  ( -2.793106854861110211, 5.787399005470547309, 6.732754630593130507 ) ) ;
#3562 = CARTESIAN_POINT ( 'NONE',  ( -2.793106854861110655, 7.400000000000001243, 3.851736112074612084 ) ) ;
#3563 = AXIS2_PLACEMENT_3D ( 'NONE', #1443, #2169, #2103 ) ;
#3564 = CARTESIAN_POINT ( 'NONE',  ( -2.502890580550642508, 9.353500381813873332, 3.291741903554313620 ) ) ;
#3565 = EDGE_CURVE ( 'NONE', #1486, #2032, #3490, .T. ) ;
#3566 = LINE ( 'NONE', #878, #3893 ) ;
#3567 = FACE_OUTER_BOUND ( 'NONE', #1786, .T. ) ;
#3568 = CARTESIAN_POINT ( 'NONE',  ( -3.091434810152519308, 7.164483343075617405, 0.5636056474612062273 ) ) ;
#3569 = AXIS2_PLACEMENT_3D ( 'NONE', #4053, #2314, #581 ) ;
#3570 = VERTEX_POINT ( 'NONE', #60 ) ;
#3571 = EDGE_LOOP ( 'NONE', ( #1913, #1814, #4231, #2488 ) ) ;
#3572 = FACE_OUTER_BOUND ( 'NONE', #4033, .T. ) ;
#3573 = EDGE_CURVE ( 'NONE', #3068, #4377, #4475, .T. ) ;
#3574 = AXIS2_PLACEMENT_3D ( 'NONE', #1922, #122, #2632 ) ;
#3575 = CARTESIAN_POINT ( 'NONE',  ( 2.934522031488980165, 8.612487103740523509, 3.850983740250788934 ) ) ;
#3576 = PLANE ( 'NONE',  #1424 ) ;
#3577 = CARTESIAN_POINT ( 'NONE',  ( 0.000000000000000000, 3.800000000000001599, -4.100000000000001421 ) ) ;
#3578 = CARTESIAN_POINT ( 'NONE',  ( 0.000000000000000000, 0.1500000000000021316, -3.459999999999997300 ) ) ;
#3579 = DIRECTION ( 'NONE',  ( -0.000000000000000000, -0.000000000000000000, -1.000000000000000000 ) ) ;
#3580 = ORIENTED_EDGE ( 'NONE', *, *, #3739, .F. ) ;
#3581 = CARTESIAN_POINT ( 'NONE',  ( 6.734652765903158157E-16, 3.733825790645878051, 6.453472224149225944 ) ) ;
#3582 =( GEOMETRIC_REPRESENTATION_CONTEXT ( 3 ) GLOBAL_UNCERTAINTY_ASSIGNED_CONTEXT ( ( #1890 ) ) GLOBAL_UNIT_ASSIGNED_CONTEXT ( ( #1643, #1327, #1667 ) ) REPRESENTATION_CONTEXT ( 'NONE', 'WORKASPACE' ) );
#3583 = CARTESIAN_POINT ( 'NONE',  ( -3.135724948710818083, 8.066386652162952586, 3.432674317349491133 ) ) ;
#3584 = FACE_OUTER_BOUND ( 'NONE', #3431, .T. ) ;
#3585 = CARTESIAN_POINT ( 'NONE',  ( -2.793106854861111099, 9.012600994529453402, 3.792939815778315626 ) ) ;
#3586 = CARTESIAN_POINT ( 'NONE',  ( 1.396553427430554661, 9.818901491794177261, 2.910995371333870985 ) ) ;
#3587 = B_SPLINE_CURVE_WITH_KNOTS ( 'NONE', 3,
 ( #1936, #229, #3995, #2579, #1618, #3010 ),
 .UNSPECIFIED., .F., .F.,
 ( 4, 2, 4 ),
 ( 0.003699340269220049212, 0.005484664204082719680, 0.007269988138945389713 ),
 .UNSPECIFIED. ) ;
#3588 = EDGE_LOOP ( 'NONE', ( #3083, #3580, #290, #2751, #4439, #3118, #811, #753 ) ) ;
#3589 = CARTESIAN_POINT ( 'NONE',  ( 1.333434434063356822, 10.22927451621066020, 3.259896928849356890 ) ) ;
#3590 = CARTESIAN_POINT ( 'NONE',  ( 3.088786819479643508, 7.663431174709493199, 0.7005789779126440076 ) ) ;
#3591 = CARTESIAN_POINT ( 'NONE',  ( 3.056639958537976209, 7.179218070285184439, 0.6995036977109995169 ) ) ;
#3592 = ORIENTED_EDGE ( 'NONE', *, *, #172, .T. ) ;
#3593 = VERTEX_POINT ( 'NONE', #1058 ) ;
#3594 = FACE_OUTER_BOUND ( 'NONE', #2015, .T. ) ;
#3595 = CARTESIAN_POINT ( 'NONE',  ( -3.174999999999011280, 7.399998291565613506, 3.366721979351742000 ) ) ;
#3596 = CARTESIAN_POINT ( 'NONE',  ( 0.000000000000000000, 7.400000000000001243, 5.799999999999998046 ) ) ;
#3597 = EDGE_CURVE ( 'NONE', #2387, #1860, #2502, .T. ) ;
#3598 = CARTESIAN_POINT ( 'NONE',  ( -3.500000000000000000, 1.300000000000006040, -7.600000000000002309 ) ) ;
#3599 = CARTESIAN_POINT ( 'NONE',  ( 3.500000000000000000, 1.300000000000006040, -2.100000000000002753 ) ) ;
#3600 = EDGE_CURVE ( 'NONE', #429, #3548, #3125, .T. ) ;
#3601 = CARTESIAN_POINT ( 'NONE',  ( 2.764947277343938747, 8.962250861450757000, 4.570903125412749901 ) ) ;
#3602 = ADVANCED_FACE ( 'NONE', ( #1075 ), #39, .T. ) ;
#3603 = ORIENTED_EDGE ( 'NONE', *, *, #710, .T. ) ;
#3604 = CARTESIAN_POINT ( 'NONE',  ( -3.174999999999998934, 5.566912895322936983, 6.335879631556631253 ) ) ;
#3605 = AXIS2_PLACEMENT_3D ( 'NONE', #992, #4165, #2381 ) ;
#3606 = CARTESIAN_POINT ( 'NONE',  ( -2.945130949964985145, 8.587500876678813455, 3.412503132087759017 ) ) ;
#3607 = CARTESIAN_POINT ( 'NONE',  ( 0.5000000000000004441, 7.400000000000001243, 5.799999999999998046 ) ) ;
#3608 = CARTESIAN_POINT ( 'NONE',  ( 3.165168207410246737, 7.084065431688398640, 5.913920793442413171 ) ) ;
#3609 =( BOUNDED_CURVE ( )  B_SPLINE_CURVE ( 1, ( #3896, #776 ),
 .UNSPECIFIED., .F., .F. ) 
 B_SPLINE_CURVE_WITH_KNOTS ( ( 2, 2 ),
 ( 0.000000000000000000, 0.0004409722202952214964 ),
 .UNSPECIFIED. ) 
 CURVE ( )  GEOMETRIC_REPRESENTATION_ITEM ( )  RATIONAL_B_SPLINE_CURVE ( ( 0.9375427402426264045, 0.9375427402426264045 ) ) 
 REPRESENTATION_ITEM ( '' )  );
#3610 = CARTESIAN_POINT ( 'NONE',  ( -2.000000000000000444, 6.505213034913026604E-16, -7.600000000000001421 ) ) ;
#3611 = CARTESIAN_POINT ( 'NONE',  ( 2.587361953296103856, 9.060229410702193675, 3.228993458946963546 ) ) ;
#3612 = CARTESIAN_POINT ( 'NONE',  ( 0.000000000000000000, 1.300000000000006040, -2.099999999999997868 ) ) ;
#3613 = CYLINDRICAL_SURFACE ( 'NONE', #3754, 2.500000000000001776 ) ;
#3614 = ORIENTED_EDGE ( 'NONE', *, *, #1599, .T. ) ;
#3615 = ORIENTED_EDGE ( 'NONE', *, *, #4418, .T. ) ;
#3616 = CARTESIAN_POINT ( 'NONE',  ( 2.484202918896725176, 9.382159576602774109, 5.295199592394792099 ) ) ;
#3617 =( REPRESENTATION_RELATIONSHIP ('NONE','NONE', #4379, #1696 ) REPRESENTATION_RELATIONSHIP_WITH_TRANSFORMATION ( #3820 )SHAPE_REPRESENTATION_RELATIONSHIP( ) );
#3618 = CARTESIAN_POINT ( 'NONE',  ( 0.000000000000000000, 7.400000000000001243, 5.599999999999997868 ) ) ;
#3619 = DIRECTION ( 'NONE',  ( -0.000000000000000000, -1.000000000000000000, -4.396451289603110513E-16 ) ) ;
#3620 = CYLINDRICAL_SURFACE ( 'NONE', #1572, 3.300000000000000711 ) ;
#3621 = DIRECTION ( 'NONE',  ( 0.000000000000000000, 1.000000000000000000, 0.000000000000000000 ) ) ;
#3622 = CARTESIAN_POINT ( 'NONE',  ( 3.099989374535035758, 7.330471140281140663, 0.9618395901835130601 ) ) ;
#3623 = CARTESIAN_POINT ( 'NONE',  ( -3.159522625894149339, 7.716798299567253494, 4.149966818355443010 ) ) ;
#3624 = CARTESIAN_POINT ( 'NONE',  ( -1.587499999999997691, 4.650369342984407517, 5.689120372297372441 ) ) ;
#3625 = CARTESIAN_POINT ( 'NONE',  ( -2.877986194824719846, 8.742794019114878523, 3.406288138569194768 ) ) ;
#3626 = DIRECTION ( 'NONE',  ( 1.000000000000000000, 0.000000000000000000, 0.000000000000000000 ) ) ;
#3627 = CARTESIAN_POINT ( 'NONE',  ( 2.793106854861111099, 7.227030072389973192, 2.787096202502885589 ) ) ;
#3628 = EDGE_CURVE ( 'NONE', #3593, #423, #1331, .T. ) ;
#3629 = EDGE_LOOP ( 'NONE', ( #1276, #3111 ) ) ;
#3630 = DIRECTION ( 'NONE',  ( 1.000000000000000000, 0.000000000000000000, 0.000000000000000000 ) ) ;
#3631 = DIRECTION ( 'NONE',  ( 0.000000000000000000, 0.000000000000000000, 1.000000000000000000 ) ) ;
#3632 = CARTESIAN_POINT ( 'NONE',  ( -3.088786819479643508, 7.663431174709492311, 0.6994210220872374428 ) ) ;
#3633 = DIRECTION ( 'NONE',  ( -0.000000000000000000, -0.000000000000000000, 1.000000000000000000 ) ) ;
#3634 = AXIS2_PLACEMENT_3D ( 'NONE', #1473, #851, #501 ) ;
#3635 = CARTESIAN_POINT ( 'NONE',  ( -3.174999999999175149, 7.399998437170397736, 6.188939422280884450 ) ) ;
#3636 = ORIENTED_EDGE ( 'NONE', *, *, #37, .F. ) ;
#3637 = EDGE_LOOP ( 'NONE', ( #2528, #828 ) ) ;
#3638 = B_SPLINE_CURVE_WITH_KNOTS ( 'NONE', 3,
 ( #2285, #2993, #3608, #1893, #1918, #4000, #3013, #1870, #2649, #874, #4369, #4389, #4324, #552, #3286, #1258, #1963, #3955, #2924, #3652, #831, #2628, #533, #1940, #4415, #1189, #1211, #2608, #4046, #4344, #4022, #234, #3264, #2584, #3977, #139, #918, #186, #854, #1581, #898, #3678, #3334, #208, #3358, #160, #2305, #1556, #3695, #2948, #1329, #1301, #624, #3404, #1692, #4438, #3742, #2377, #3131, #2698, #4530, #329, #2764, #2014, #1719, #3765, #2037, #940, #255, #3088, #3479, #1644, #278, #3110, #3430, #4164, #4095, #3455, #647, #2673 ),
 .UNSPECIFIED., .F., .F.,
 ( 4, 2, 2, 2, 2, 2, 2, 2, 2, 2, 1, 1, 2, 2, 2, 1, 2, 2, 1, 2, 2, 2, 1, 2, 2, 1, 1, 2, 1, 1, 1, 2, 2, 2, 2, 2, 2, 2, 2, 2, 2, 2, 2, 1, 1, 4 ),
 ( 0.1874255991013984157, 0.1935554861115800496, 0.1996853731217616557, 0.2027503166268525003, 0.2042827883793978949, 0.2058152601319432895, 0.2119451471421249233, 0.2180750341523065849, 0.2184581520904429197, 0.2188412700285792822, 0.2196075059048519795, 0.2211399776573974019, 0.2242049211624881910, 0.2303348081726697971, 0.2333997516777605863, 0.2341659875540332836, 0.2343575465231014787, 0.2345491054921696461, 0.2349322234303059809, 0.2364646951828513755, 0.2425945821930329260, 0.2487244692032145044, 0.2494907050794872017, 0.2498738230176235364, 0.2500653819866917038, 0.2502569409557598989, 0.2517894127083051270, 0.2548543562133956941, 0.2563868279659410332, 0.2571530638422136472, 0.2575361817803499820, 0.2577277407494181216, 0.2579192997184862612, 0.2609842432235768839, 0.2640491867286675065, 0.2655816584812127346, 0.2663478943574854041, 0.2671141302337580736, 0.2732440172439393189, 0.2793739042541206197, 0.2809063760066659587, 0.2810979349757340984, 0.2812894939448022935, 0.2816726118829385728, 0.2824388477592112423, 0.2855037912643017539 ),
 .UNSPECIFIED. ) ;
#3639 = CARTESIAN_POINT ( 'NONE',  ( 0.9423152159425769447, 10.43194833113841646, 5.360230706280631807 ) ) ;
#3640 = AXIS2_PLACEMENT_3D ( 'NONE', #3845, #400, #2093 ) ;
#3641 = CARTESIAN_POINT ( 'NONE',  ( -1.531415293607089056, 4.618767724540878028, 6.308498074214886842 ) ) ;
#3642 = CARTESIAN_POINT ( 'NONE',  ( -1.089387172701401729, 4.416142129817781203, 5.001888136911548877 ) ) ;
#3643 = CARTESIAN_POINT ( 'NONE',  ( -0.7447513968783023852, 10.09198648947574739, 6.528924224206849480 ) ) ;
#3644 = FACE_OUTER_BOUND ( 'NONE', #2026, .T. ) ;
#3645 = CARTESIAN_POINT ( 'NONE',  ( 0.5087361198414586116, 10.54210868656517341, 4.670815413543400574 ) ) ;
#3646 = EDGE_CURVE ( 'NONE', #195, #1557, #954, .T. ) ;
#3647 = ORIENTED_EDGE ( 'NONE', *, *, #231, .F. ) ;
#3648 = CARTESIAN_POINT ( 'NONE',  ( -3.059928546146513106, 8.247479969197945238, 4.131101539901314901 ) ) ;
#3649 = CARTESIAN_POINT ( 'NONE',  ( 3.174999999999999822, 7.400000000000001243, 2.396527779704779704 ) ) ;
#3650 = LINE ( 'NONE', #2718, #4226 ) ;
#3651 = DIRECTION ( 'NONE',  ( 8.659560562354925463E-17, 0.7071067811865483499, -0.7071067811865467956 ) ) ;
#3652 = CARTESIAN_POINT ( 'NONE',  ( 1.672115443037956783, 4.700867610864510659, 5.809897397965771759 ) ) ;
#3653 = CIRCLE ( 'NONE', #1691, 2.669999999999999485 ) ;
#3654 = ORIENTED_EDGE ( 'NONE', *, *, #1931, .F. ) ;
#3655 = VECTOR ( 'NONE', #1782, 1000.000000000000000 ) ;
#3656 = EDGE_CURVE ( 'NONE', #2692, #2306, #1946, .T. ) ;
#3657 = CARTESIAN_POINT ( 'NONE',  ( -0.1329904073494594940, 10.57269450184579895, 3.287494160000457466 ) ) ;
#3658 =( NAMED_UNIT ( * ) SI_UNIT ( $, .STERADIAN. ) SOLID_ANGLE_UNIT ( ) );
#3659 = AXIS2_PLACEMENT_3D ( 'NONE', #2607, #873, #1939 ) ;
#3660 = CARTESIAN_POINT ( 'NONE',  ( -3.098006591986854907, 7.279950465648336255, 0.4975281426463762924 ) ) ;
#3661 = CARTESIAN_POINT ( 'NONE',  ( 0.000000000000000000, 7.400000000000001243, 7.599999999999997868 ) ) ;
#3662 = CARTESIAN_POINT ( 'NONE',  ( -3.099987461265911293, 7.460608878649028775, 0.9274334180199705902 ) ) ;
#3663 = EDGE_CURVE ( 'NONE', #1482, #4317, #514, .T. ) ;
#3664 = CONICAL_SURFACE ( 'NONE', #750, 3.400000000000001243, 1.047197551196603182 ) ;
#3665 = EDGE_CURVE ( 'NONE', #2161, #35, #427, .T. ) ;
#3666 = EDGE_LOOP ( 'NONE', ( #2660, #79, #3881, #1948 ) ) ;
#3667 = ORIENTED_EDGE ( 'NONE', *, *, #1887, .T. ) ;
#3668 = CARTESIAN_POINT ( 'NONE',  ( 2.976457215396490330, 8.510186034939414057, 5.258353268352183640 ) ) ;
#3669 = CARTESIAN_POINT ( 'NONE',  ( -1.370239193323710136, 4.533388989051474915, 4.991579669931185848 ) ) ;
#3670 = CARTESIAN_POINT ( 'NONE',  ( -2.793106854861110655, 9.012600994529453402, 5.909606482444981879 ) ) ;
#3671 = CARTESIAN_POINT ( 'NONE',  ( 3.174999987724117734, 7.242985720662859173, 3.802602630429924524 ) ) ;
#3672 = CARTESIAN_POINT ( 'NONE',  ( 3.100010552569296252, 7.468578119855660447, 0.9620870342183793777 ) ) ;
#3673 = CARTESIAN_POINT ( 'NONE',  ( 0.5000000000000004441, 7.400000000000001243, 7.214213562373092969 ) ) ;
#3674 = AXIS2_PLACEMENT_3D ( 'NONE', #822, #1200, #3301 ) ;
#3675 = CARTESIAN_POINT ( 'NONE',  ( -1.396553427430555550, 9.818901491794177261, 7.085532408370907476 ) ) ;
#3676 = CARTESIAN_POINT ( 'NONE',  ( -0.7965755997604847538, 10.47349177962434830, 3.307977658211525895 ) ) ;
#3677 =( NAMED_UNIT ( * ) PLANE_ANGLE_UNIT ( ) SI_UNIT ( $, .RADIAN. ) );
#3678 = CARTESIAN_POINT ( 'NONE',  ( -1.330027738370746393, 4.516997423156758451, 5.698656785582260298 ) ) ;
#3679 = ORIENTED_EDGE ( 'NONE', *, *, #1794, .F. ) ;
#3680 = CARTESIAN_POINT ( 'NONE',  ( -3.500000000000000000, 10.80000000000000249, -0.6000000000000006439 ) ) ;
#3681 = CARTESIAN_POINT ( 'NONE',  ( -3.056628888082306261, 7.179088263891107324, 0.6417842588161843942 ) ) ;
#3682 = CARTESIAN_POINT ( 'NONE',  ( -3.138879748696858485, 7.879493531876907042, 5.555585795678904759 ) ) ;
#3683 = ORIENTED_EDGE ( 'NONE', *, *, #2258, .F. ) ;
#3684 = ORIENTED_EDGE ( 'NONE', *, *, #4085, .F. ) ;
#3685 = CARTESIAN_POINT ( 'NONE',  ( 3.174999999997103473, 7.399995711445882307, 5.130555418000769308 ) ) ;
#3686 = ADVANCED_FACE ( 'NONE', ( #1218 ), #2818, .T. ) ;
#3687 = CARTESIAN_POINT ( 'NONE',  ( -0.4211597243955966796, 4.245959298255350234, 5.027121365982108792 ) ) ;
#3688 = CARTESIAN_POINT ( 'NONE',  ( 1.396553427430556660, 4.981098508205824338, 6.203587963926463722 ) ) ;
#3689 = CARTESIAN_POINT ( 'NONE',  ( 2.901743008557650327, 6.109809209973280808, 3.761194094893021589 ) ) ;
#3690 = EDGE_LOOP ( 'NONE', ( #2047, #575 ) ) ;
#3691 = CARTESIAN_POINT ( 'NONE',  ( -3.066051672330082578, 7.342805131998148660, 0.9225869624452381901 ) ) ;
#3692 = CARTESIAN_POINT ( 'NONE',  ( -1.396553427430553329, 4.981098508205822561, 6.615162038000537592 ) ) ;
#3693 = CARTESIAN_POINT ( 'NONE',  ( 0.000000000000000000, 10.80000000000000249, -7.600000000000001421 ) ) ;
#3694 = CARTESIAN_POINT ( 'NONE',  ( -0.8918455491737563579, 10.05129216362272082, 6.528924224206851257 ) ) ;
#3695 = CARTESIAN_POINT ( 'NONE',  ( -1.802167023708775684, 4.785547874056001127, 5.680539014901897943 ) ) ;
#3696 = VERTEX_POINT ( 'NONE', #4243 ) ;
#3697 = CARTESIAN_POINT ( 'NONE',  ( 2.942934374864971225, 6.208162538496136307, 4.470672759824090292 ) ) ;
#3698 = CARTESIAN_POINT ( 'NONE',  ( 7.837739514543066590E-17, 0.1500000000000021316, -4.739999999999997549 ) ) ;
#3699 = CARTESIAN_POINT ( 'NONE',  ( -2.793106854861111099, 9.012600994529453402, 6.438773149111648664 ) ) ;
#3700 = CARTESIAN_POINT ( 'NONE',  ( -3.046704792752897184, 8.295687177141179092, 5.540441723905518145 ) ) ;
#3701 = DIRECTION ( 'NONE',  ( 1.000000000000000000, 0.000000000000000000, 0.000000000000000000 ) ) ;
#3702 = ORIENTED_EDGE ( 'NONE', *, *, #1470, .T. ) ;
#3703 = ORIENTED_EDGE ( 'NONE', *, *, #4504, .F. ) ;
#3704 = DIRECTION ( 'NONE',  ( -0.000000000000000000, 0.000000000000000000, -1.000000000000000000 ) ) ;
#3705 = VERTEX_POINT ( 'NONE', #4374 ) ;
#3706 = CARTESIAN_POINT ( 'NONE',  ( -0.8914545628950901746, 4.352666822806457780, 5.009402652822591229 ) ) ;
#3707 = AXIS2_PLACEMENT_3D ( 'NONE', #2719, #4140, #4119 ) ;
#3708 = EDGE_CURVE ( 'NONE', #705, #1542, #580, .T. ) ;
#3709 = CARTESIAN_POINT ( 'NONE',  ( 2.793106854861111099, 5.787399005470551749, 3.440162038000537326 ) ) ;
#3710 = CARTESIAN_POINT ( 'NONE',  ( 3.039759488628630990, 6.451162824207266056, 3.774658639214865996 ) ) ;
#3711 = CARTESIAN_POINT ( 'NONE',  ( 3.056639957652750539, 7.620781940094322415, 0.7004915850202685368 ) ) ;
#3712 = ORIENTED_EDGE ( 'NONE', *, *, #990, .T. ) ;
#3713 = CARTESIAN_POINT ( 'NONE',  ( 0.000000000000000000, 2.300000000000006040, -2.099999999999997868 ) ) ;
#3714 = CARTESIAN_POINT ( 'NONE',  ( 1.396553427430556660, 4.981098508205824338, 6.027199075037574794 ) ) ;
#3715 = CARTESIAN_POINT ( 'NONE',  ( -3.500000000000000000, 6.505213034913026604E-16, -7.599999999999997868 ) ) ;
#3716 = FACE_OUTER_BOUND ( 'NONE', #1292, .T. ) ;
#3717 = CARTESIAN_POINT ( 'NONE',  ( 3.099999999999999645, 7.400000000000001243, -0.5999999999999998668 ) ) ;
#3718 = CIRCLE ( 'NONE', #3574, 3.099999999999999645 ) ;
#3719 = ORIENTED_EDGE ( 'NONE', *, *, #3347, .F. ) ;
#3720 = CARTESIAN_POINT ( 'NONE',  ( 3.171768279922038580, 7.244703269878529639, 4.508147445536653031 ) ) ;
#3721 = CYLINDRICAL_SURFACE ( 'NONE', #1975, 0.4000000000000003553 ) ;
#3722 = CARTESIAN_POINT ( 'NONE',  ( -3.056650782324377591, 7.620654845915288966, 0.6414727620093347848 ) ) ;
#3723 = CARTESIAN_POINT ( 'NONE',  ( -2.065828601280820020, 9.811031624280648344, 5.473673104190121208 ) ) ;
#3724 = CARTESIAN_POINT ( 'NONE',  ( -1.396553427430555550, 9.818901491794177261, 7.261921297259796404 ) ) ;
#3725 = ORIENTED_EDGE ( 'NONE', *, *, #1901, .F. ) ;
#3726 = VERTEX_POINT ( 'NONE', #241 ) ;
#3727 = DIRECTION ( 'NONE',  ( -0.000000000000000000, 0.000000000000000000, -1.000000000000000000 ) ) ;
#3728 = CARTESIAN_POINT ( 'NONE',  ( -1.587499999999997691, 4.650369342984407517, 5.600925925925924531 ) ) ;
#3729 = VECTOR ( 'NONE', #3701, 1000.000000000000000 ) ;
#3730 =( BOUNDED_SURFACE ( )  B_SPLINE_SURFACE ( 3, 2, ( 
 ( #3329, #1885, #3305 ),
 ( #3950, #4383, #2253 ),
 ( #1512, #180, #847 ),
 ( #4316, #827, #152 ),
 ( #2233, #1226, #3622 ),
 ( #4363, #1551, #3672 ),
 ( #2941, #547, #1250 ),
 ( #1935, #2643, #202 ),
 ( #4040, #979, #3375 ),
 ( #3711, #3422, #1296 ) ),
 .UNSPECIFIED., .F., .F., .T. ) 
 B_SPLINE_SURFACE_WITH_KNOTS ( ( 4, 2, 2, 2, 4 ),
 ( 3, 3 ),
 ( 0.0008162939303010037116, 0.001020367412876483975, 0.001224440895451964348, 0.001428514378027444720, 0.001632587860602925092 ),
 ( 0.000000000000000000, 1.000000000000000000 ),
 .UNSPECIFIED. ) 
 GEOMETRIC_REPRESENTATION_ITEM ( )  RATIONAL_B_SPLINE_SURFACE ( (
 ( 1.000000000000000000, 0.7445231733989220446, 1.000000000000000000),
 ( 1.000000000000000000, 0.7443824994180353594, 1.000000000000000000),
 ( 1.000000000000000000, 0.7478282764561676732, 1.000000000000000000),
 ( 1.000000000000000000, 0.7552603302425437981, 1.000000000000000000),
 ( 1.000000000000000000, 0.7585852920421553014, 1.000000000000000000),
 ( 1.000000000000000000, 0.7586116356421631624, 1.000000000000000000),
 ( 1.000000000000000000, 0.7552767964818069002, 1.000000000000000000),
 ( 1.000000000000000000, 0.7479307784605021547, 1.000000000000000000),
 ( 1.000000000000000000, 0.7443742793403209657, 1.000000000000000000),
 ( 1.000000000000000000, 0.7445231720605924863, 1.000000000000000000) ) ) 
 REPRESENTATION_ITEM ( '' )  SURFACE ( )  );
#3731 = ORIENTED_EDGE ( 'NONE', *, *, #2318, .F. ) ;
#3732 = CARTESIAN_POINT ( 'NONE',  ( 1.265322853509156742, 4.488025782288556975, 5.089220010501182223 ) ) ;
#3733 = CARTESIAN_POINT ( 'NONE',  ( 2.793106854861110655, 7.400000000000001243, 5.615625000963500923 ) ) ;
#3734 = CARTESIAN_POINT ( 'NONE',  ( 3.095968829668579225, 6.667937545847391512, 3.782619509709634453 ) ) ;
#3735 =( NAMED_UNIT ( * ) SI_UNIT ( $, .STERADIAN. ) SOLID_ANGLE_UNIT ( ) );
#3736 = VERTEX_POINT ( 'NONE', #214 ) ;
#3737 = CARTESIAN_POINT ( 'NONE',  ( -1.272898412803814105, 10.30867560483803835, 4.031128594491189432 ) ) ;
#3738 = CARTESIAN_POINT ( 'NONE',  ( -1.974866646252330782E-16, 10.62520198905890290, 4.204513889852389497 ) ) ;
#3739 = EDGE_CURVE ( 'NONE', #1482, #429, #1970, .T. ) ;
#3740 = CARTESIAN_POINT ( 'NONE',  ( -1.290857442731723426, 10.30101432004331130, 3.326367424044584187 ) ) ;
#3741 = CARTESIAN_POINT ( 'NONE',  ( -2.000000000000000444, 6.505213034913026604E-16, -7.600000000000001421 ) ) ;
#3742 = CARTESIAN_POINT ( 'NONE',  ( -2.093923950897005781, 5.011492277890050140, 5.668255722070304259 ) ) ;
#3743 = ORIENTED_EDGE ( 'NONE', *, *, #3474, .T. ) ;
#3744 = EDGE_CURVE ( 'NONE', #526, #3726, #3609, .T. ) ;
#3745 = LINE ( 'NONE', #2332, #1456 ) ;
#3746 = CARTESIAN_POINT ( 'NONE',  ( -2.793106854861110655, 7.400000000000001243, 3.071075775793149720 ) ) ;
#3747 = CARTESIAN_POINT ( 'NONE',  ( -2.793106854861110211, 5.787399005470547309, 3.028587963926464344 ) ) ;
#3748 = CARTESIAN_POINT ( 'NONE',  ( -3.152895726897518625, 7.774322759054318688, 5.559153502051234597 ) ) ;
#3749 = CARTESIAN_POINT ( 'NONE',  ( 2.793106854861110655, 9.012600994529453402, 7.085532408370909252 ) ) ;
#3750 = VECTOR ( 'NONE', #4271, 1000.000000000000000 ) ;
#3751 = ORIENTED_EDGE ( 'NONE', *, *, #3801, .F. ) ;
#3752 = LINE ( 'NONE', #1705, #1498 ) ;
#3753 = CARTESIAN_POINT ( 'NONE',  ( -2.244884255301052719E-16, 11.06617420935412355, 6.012499999999998401 ) ) ;
#3754 = AXIS2_PLACEMENT_3D ( 'NONE', #4006, #1151, #2888 ) ;
#3755 = ORIENTED_EDGE ( 'NONE', *, *, #4038, .F. ) ;
#3756 = CARTESIAN_POINT ( 'NONE',  ( -1.396553427430553329, 4.981098508205822561, 5.204050926889426165 ) ) ;
#3757 = CARTESIAN_POINT ( 'NONE',  ( 3.500000000000000000, 10.80000000000000071, -4.099999999999997868 ) ) ;
#3758 = CARTESIAN_POINT ( 'NONE',  ( -0.7499064278203463330, 4.314815278889813754, 3.603438987132071336 ) ) ;
#3759 = CARTESIAN_POINT ( 'NONE',  ( -2.500000000000000444, 7.400000000000001243, 5.599999999999997868 ) ) ;
#3760 = EDGE_LOOP ( 'NONE', ( #749, #4356, #1323, #1078 ) ) ;
#3761 = CARTESIAN_POINT ( 'NONE',  ( -2.644248915504064268, 9.157467456014858342, 4.094216539188872517 ) ) ;
#3762 = CARTESIAN_POINT ( 'NONE',  ( -2.793106854861110655, 7.400000000000001243, 2.969791667630167442 ) ) ;
#3763 = CARTESIAN_POINT ( 'NONE',  ( -2.601629014398759931, 9.222405898404019808, 6.208010131148205879 ) ) ;
#3764 = FILL_AREA_STYLE ('',( #622 ) ) ;
#3765 = CARTESIAN_POINT ( 'NONE',  ( -2.851342543134180563, 5.968393291416573376, 5.623565575058007582 ) ) ;
#3766 = CARTESIAN_POINT ( 'NONE',  ( -1.396553427430553329, 4.981098508205822561, 4.498495371333871340 ) ) ;
#3767 = CARTESIAN_POINT ( 'NONE',  ( 3.174930612637088867, 7.378316743843984504, 4.512497455387104672 ) ) ;
#3768 = DIRECTION ( 'NONE',  ( 1.000000000000000000, 0.000000000000000000, 0.000000000000000000 ) ) ;
#3769 = CARTESIAN_POINT ( 'NONE',  ( 2.793106854861110655, 9.012600994529453402, 7.085532408370909252 ) ) ;
#3771 = ADVANCED_FACE ( 'NONE', ( #2162 ), #4106, .T. ) ;
#3770 = DIRECTION ( 'NONE',  ( 0.000000000000000000, 0.000000000000000000, -1.000000000000000000 ) ) ;
#3772 = CARTESIAN_POINT ( 'NONE',  ( 2.449293598294705921E-16, 2.300000000000006040, -6.099999999999997868 ) ) ;
#3773 = AXIS2_PLACEMENT_3D ( 'NONE', #1263, #2044, #4468 ) ;
#3774 = ORIENTED_EDGE ( 'NONE', *, *, #2735, .F. ) ;
#3775 = CARTESIAN_POINT ( 'NONE',  ( -1.533049738792728434, 4.619642661905802861, 6.308498157822490349 ) ) ;
#3776 = CARTESIAN_POINT ( 'NONE',  ( 1.587499999999999245, 10.14963065701559408, 5.953703703703702388 ) ) ;
#3777 = VERTEX_POINT ( 'NONE', #3772 ) ;
#3778 = CARTESIAN_POINT ( 'NONE',  ( -3.018729320168306085, 6.415203421217309909, 4.900366235764558986 ) ) ;
#3779 = CARTESIAN_POINT ( 'NONE',  ( 3.088773657604888534, 7.663585500503725001, 0.6310161571726988772 ) ) ;
#3780 = LINE ( 'NONE', #3146, #4178 ) ;
#3781 = FILL_AREA_STYLE_COLOUR ( '', #1389 ) ;
#3782 = ORIENTED_EDGE ( 'NONE', *, *, #3123, .F. ) ;
#3783 = AXIS2_PLACEMENT_3D ( 'NONE', #1912, #2299, #2918 ) ;
#3784 = CARTESIAN_POINT ( 'NONE',  ( -2.450303001991603669, 9.434341834651227998, 4.081750547031181675 ) ) ;
#3785 = LINE ( 'NONE', #2058, #107 ) ;
#3786 = CARTESIAN_POINT ( 'NONE',  ( -1.585747971759269737, 10.15248490386711921, 6.159223216110253141 ) ) ;
#3787 = MECHANICAL_DESIGN_GEOMETRIC_PRESENTATION_REPRESENTATION (  '', ( #586 ), #1235 ) ;
#3788 = CARTESIAN_POINT ( 'NONE',  ( -3.174999999999999822, 7.400000000000001243, 9.859920353756539413 ) ) ;
#3789 = ADVANCED_FACE ( 'NONE', ( #1024 ), #4495, .F. ) ;
#3790 = CARTESIAN_POINT ( 'NONE',  ( -2.793106854861110655, 7.400000000000001243, 4.380902778741278425 ) ) ;
#3791 = CARTESIAN_POINT ( 'NONE',  ( 1.402057216335107936, 4.550089119886475686, 4.388733417630681366 ) ) ;
#3792 = DIRECTION ( 'NONE',  ( 1.000000000000000000, 0.000000000000000000, 0.000000000000000000 ) ) ;
#3793 = CARTESIAN_POINT ( 'NONE',  ( -2.793106854861111099, 9.012600994529453402, 5.733217593556092950 ) ) ;
#3794 = CARTESIAN_POINT ( 'NONE',  ( -0.6830598508625098653, 10.50110428220280845, 5.420435264253859131 ) ) ;
#3795 = CARTESIAN_POINT ( 'NONE',  ( 2.742200055281338145, 8.475840004564183516, 6.445643683181953243 ) ) ;
#3796 = AXIS2_PLACEMENT_3D ( 'NONE', #2975, #2567, #487 ) ;
#3797 = ADVANCED_FACE ( 'NONE', ( #2434, #337 ), #3437, .F. ) ;
#3798 = ORIENTED_EDGE ( 'NONE', *, *, #2462, .F. ) ;
#3799 = CARTESIAN_POINT ( 'NONE',  ( -3.056650899987912062, 7.620653638876143887, 0.6409202749954171496 ) ) ;
#3800 = CARTESIAN_POINT ( 'NONE',  ( -1.587500000000000355, 10.14963065701559408, 4.660185185185183876 ) ) ;
#3801 = EDGE_CURVE ( 'NONE', #3203, #905, #2681, .T. ) ;
#3802 = EDGE_CURVE ( 'NONE', #1281, #1927, #530, .T. ) ;
#3803 = EDGE_LOOP ( 'NONE', ( #2094, #2797 ) ) ;
#3804 = CARTESIAN_POINT ( 'NONE',  ( -1.974866646252331029E-16, 10.62520198905890290, 6.321180556519056637 ) ) ;
#3805 = CARTESIAN_POINT ( 'NONE',  ( 0.000000000000000000, 10.79999999999999893, -0.6000000000000007550 ) ) ;
#3806 = CARTESIAN_POINT ( 'NONE',  ( -2.812197523713825476, 5.925063958041590695, 3.508882935375108758 ) ) ;
#3807 = DIRECTION ( 'NONE',  ( 0.000000000000000000, 0.000000000000000000, -1.000000000000000000 ) ) ;
#3808 = CIRCLE ( 'NONE', #3659, 0.5000000000000002220 ) ;
#3809 = ORIENTED_EDGE ( 'NONE', *, *, #2234, .F. ) ;
#3810 = CARTESIAN_POINT ( 'NONE',  ( 0.9984465346973738775, 10.41392437421905193, 3.947048285305717386 ) ) ;
#3811 = CARTESIAN_POINT ( 'NONE',  ( 1.706024351770402792, 10.07771359515856524, 6.037396689725238019 ) ) ;
#3812 = FACE_OUTER_BOUND ( 'NONE', #3211, .T. ) ;
#3813 = LINE ( 'NONE', #3061, #4084 ) ;
#3814 = ORIENTED_EDGE ( 'NONE', *, *, #1234, .T. ) ;
#3815 = FACE_OUTER_BOUND ( 'NONE', #1589, .T. ) ;
#3816 = CARTESIAN_POINT ( 'NONE',  ( 0.4154112571788621255, 4.252254801940602569, 4.352191045007908876 ) ) ;
#3817 = DIRECTION ( 'NONE',  ( -0.000000000000000000, -0.000000000000000000, 1.000000000000000000 ) ) ;
#3818 = CARTESIAN_POINT ( 'NONE',  ( 1.396553427430554661, 9.818901491794177261, 5.556828704667204910 ) ) ;
#3819 = DIRECTION ( 'NONE',  ( 1.000000000000000000, 0.000000000000000000, -0.000000000000000000 ) ) ;
#3820 = ITEM_DEFINED_TRANSFORMATION ( 'NONE', 'NONE', #1964,  #436 ) ;
#3821 = ORIENTED_EDGE ( 'NONE', *, *, #4311, .T. ) ;
#3822 = VECTOR ( 'NONE', #2906, 1000.000000000000000 ) ;
#3823 = CARTESIAN_POINT ( 'NONE',  ( 0.000000000000000000, 7.400000000000001243, 9.859920353756539413 ) ) ;
#3824 = CARTESIAN_POINT ( 'NONE',  ( -3.174999999999999822, 7.400000000000001243, 4.072222222222220189 ) ) ;
#3825 = CARTESIAN_POINT ( 'NONE',  ( 1.396553427430554661, 9.818901491794177261, 5.556828704667204910 ) ) ;
#3826 = AXIS2_PLACEMENT_3D ( 'NONE', #2145, #843, #2575 ) ;
#3827 = CARTESIAN_POINT ( 'NONE',  ( -3.088786820535910138, 7.136568837675454802, 0.7005845338070444406 ) ) ;
#3828 = CARTESIAN_POINT ( 'NONE',  ( -3.099999999999999645, 7.400000000000041211, 0.9619637379485940221 ) ) ;
#3829 = DIRECTION ( 'NONE',  ( 0.000000000000000000, 0.000000000000000000, -1.000000000000000000 ) ) ;
#3830 = ADVANCED_FACE ( 'NONE', ( #2679 ), #1337, .F. ) ;
#3831 = ORIENTED_EDGE ( 'NONE', *, *, #3412, .F. ) ;
#3832 = CARTESIAN_POINT ( 'NONE',  ( -2.611708445521095268, 9.205506386459065382, 4.092073733611885977 ) ) ;
#3833 = CARTESIAN_POINT ( 'NONE',  ( 2.666267366073102441, 9.125192355844836456, 5.989036634380566326 ) ) ;
#3834 = CARTESIAN_POINT ( 'NONE',  ( 0.000000000000000000, 1.300000000000006040, 0.000000000000000000 ) ) ;
#3835 = CARTESIAN_POINT ( 'NONE',  ( -2.677715167090104931, 9.106245891187054298, 4.802033146297623567 ) ) ;
#3836 = CARTESIAN_POINT ( 'NONE',  ( 1.396553427430556660, 4.981098508205824338, 3.910532408370907653 ) ) ;
#3837 = CARTESIAN_POINT ( 'NONE',  ( -2.616498165356260674, 5.598363522933290426, 4.228610099760444108 ) ) ;
#3838 = CARTESIAN_POINT ( 'NONE',  ( 4.041334437186266496E-16, 3.799999999999999378, -7.400000000000002132 ) ) ;
#3839 = CARTESIAN_POINT ( 'NONE',  ( -1.396553427430555550, 9.818901491794177261, 4.263310186148686398 ) ) ;
#3840 = CARTESIAN_POINT ( 'NONE',  ( -1.974866646252330782E-16, 10.62520198905890290, 6.497569445407943789 ) ) ;
#3841 = CLOSED_SHELL ( 'NONE', ( #3464, #4511, #1658, #3406, #3602, #4471 ) ) ;
#3842 = SHAPE_DEFINITION_REPRESENTATION ( #1770, #1696 ) ;
#3843 = ORIENTED_EDGE ( 'NONE', *, *, #846, .T. ) ;
#3844 = CARTESIAN_POINT ( 'NONE',  ( 0.000000000000000000, 2.600000000000004086, -4.100000000000000533 ) ) ;
#3845 = CARTESIAN_POINT ( 'NONE',  ( 0.000000000000000000, 10.80000000000000071, -4.099999999999997868 ) ) ;
#3846 = EDGE_CURVE ( 'NONE', #1645, #377, #774, .T. ) ;
#3847 = CARTESIAN_POINT ( 'NONE',  ( 2.793106854861110655, 7.400000000000001243, 6.144791667630167709 ) ) ;
#3848 = DIRECTION ( 'NONE',  ( -0.000000000000000000, 0.000000000000000000, 1.000000000000000000 ) ) ;
#3849 = CARTESIAN_POINT ( 'NONE',  ( -1.375595119593635118, 4.538457118496912912, 3.580302000760156034 ) ) ;
#3850 = DIRECTION ( 'NONE',  ( -0.000000000000000000, -0.000000000000000000, 1.000000000000000000 ) ) ;
#3851 = ORIENTED_EDGE ( 'NONE', *, *, #554, .T. ) ;
#3852 = CARTESIAN_POINT ( 'NONE',  ( 1.956972672174656092, 5.033040223187451367, 6.375052192661827100 ) ) ;
#3853 = AXIS2_PLACEMENT_3D ( 'NONE', #1514, #4299, #3927 ) ;
#3854 = CARTESIAN_POINT ( 'NONE',  ( 2.737845319603973149, 9.009184059694378632, 5.984011586082862877 ) ) ;
#3855 = DIRECTION ( 'NONE',  ( 0.000000000000000000, 0.000000000000000000, -1.000000000000000000 ) ) ;
#3856 = FACE_OUTER_BOUND ( 'NONE', #1055, .T. ) ;
#3857 = ORIENTED_EDGE ( 'NONE', *, *, #767, .F. ) ;
#3858 = CARTESIAN_POINT ( 'NONE',  ( 5.924599938756992346E-16, 4.174798010941098703, 3.851736112074612084 ) ) ;
#3859 = CONICAL_SURFACE ( 'NONE', #1886, 0.5399999999999988143, 0.7853981633974471688 ) ;
#3860 = CARTESIAN_POINT ( 'NONE',  ( 1.505381653146742327, 4.604553191122895406, 4.392563240395061186 ) ) ;
#3861 = CARTESIAN_POINT ( 'NONE',  ( 1.999999999999999556, 6.505213034913026604E-16, -0.6000000000000000888 ) ) ;
#3862 = CARTESIAN_POINT ( 'NONE',  ( 5.924599938756993332E-16, 4.174798010941098703, 5.439236112074611107 ) ) ;
#3863 = CARTESIAN_POINT ( 'NONE',  ( 1.396553427430556660, 4.981098508205824338, 4.086921297259796582 ) ) ;
#3864 = CARTESIAN_POINT ( 'NONE',  ( 3.500000000000000000, 1.300000000000006040, -0.6000000000000006439 ) ) ;
#3865 = CARTESIAN_POINT ( 'NONE',  ( 3.064870571574016989, 7.400000000000001243, 0.4777593123245337803 ) ) ;
#3866 = CARTESIAN_POINT ( 'NONE',  ( 3.174999999999999822, 7.400000000000001243, 3.013888888888887063 ) ) ;
#3867 = ORIENTED_EDGE ( 'NONE', *, *, #3665, .F. ) ;
#3868 = CARTESIAN_POINT ( 'NONE',  ( 3.500000000000000000, 2.600000000000005862, -0.6000000000000006439 ) ) ;
#3869 = CARTESIAN_POINT ( 'NONE',  ( 0.000000000000000000, 7.400000000000001243, 5.799999999999998046 ) ) ;
#3870 = ORIENTED_EDGE ( 'NONE', *, *, #1818, .F. ) ;
#3871 = CARTESIAN_POINT ( 'NONE',  ( 2.980860028262624528, 7.135651708686588712, 6.420524879002282859 ) ) ;
#3872 = AXIS2_PLACEMENT_3D ( 'NONE', #151, #4361, #1140 ) ;
#3873 = DIRECTION ( 'NONE',  ( 0.000000000000000000, 4.956352788505158337E-16, -1.000000000000000000 ) ) ;
#3874 = VECTOR ( 'NONE', #1304, 1000.000000000000000 ) ;
#3875 = LINE ( 'NONE', #3598, #2011 ) ;
#3876 = CARTESIAN_POINT ( 'NONE',  ( -3.174999985191573337, 7.095202629276729844, 6.286964031008192677 ) ) ;
#3877 = AXIS2_PLACEMENT_3D ( 'NONE', #3550, #80, #2703 ) ;
#3878 = CYLINDRICAL_SURFACE ( 'NONE', #1232, 0.4000000000000003553 ) ;
#3879 = EDGE_CURVE ( 'NONE', #3736, #2456, #1114, .T. ) ;
#3880 = ADVANCED_FACE ( 'NONE', ( #3411 ), #3117, .F. ) ;
#3881 = ORIENTED_EDGE ( 'NONE', *, *, #4272, .T. ) ;
#3882 = CARTESIAN_POINT ( 'NONE',  ( -3.174999999999999822, 9.233087104677062840, 3.396064816741816816 ) ) ;
#3884 = ADVANCED_FACE ( 'NONE', ( #1047 ), #4353, .T. ) ;
#3883 = CARTESIAN_POINT ( 'NONE',  ( -1.855378718109046199, 4.823522732446752670, 4.267478256096270073 ) ) ;
#3885 = CARTESIAN_POINT ( 'NONE',  ( -3.500000000000000000, 10.27233507433390436, -0.6000000000000006439 ) ) ;
#3886 = CARTESIAN_POINT ( 'NONE',  ( -1.974866646252330782E-16, 10.62520198905890290, 6.497569445407943789 ) ) ;
#3887 = CARTESIAN_POINT ( 'NONE',  ( -2.793106854861111099, 9.012600994529453402, 6.615162038000538480 ) ) ;
#3888 = EDGE_CURVE ( 'NONE', #3940, #4009, #1453, .T. ) ;
#3889 = ADVANCED_FACE ( 'NONE', ( #3567 ), #1150, .F. ) ;
#3890 = ORIENTED_EDGE ( 'NONE', *, *, #2221, .F. ) ;
#3891 = DIRECTION ( 'NONE',  ( 0.000000000000000000, 0.000000000000000000, 1.000000000000000000 ) ) ;
#3892 = CARTESIAN_POINT ( 'NONE',  ( 1.587500000000001465, 4.650369342984409293, 5.718518518518516558 ) ) ;
#3893 = VECTOR ( 'NONE', #2566, 1000.000000000000000 ) ;
#3894 = ORIENTED_EDGE ( 'NONE', *, *, #717, .T. ) ;
#3895 = VERTEX_POINT ( 'NONE', #3184 ) ;
#3896 = CARTESIAN_POINT ( 'NONE',  ( -2.502890580550642508, 9.353500381813873332, 3.291741903554313620 ) ) ;
#3897 = DIRECTION ( 'NONE',  ( -0.000000000000000000, 1.000000000000000000, -0.000000000000000000 ) ) ;
#3898 = ORIENTED_EDGE ( 'NONE', *, *, #4504, .T. ) ;
#3899 = CARTESIAN_POINT ( 'NONE',  ( 3.048931505679906451, 7.660032062777757389, 0.7005789779127609140 ) ) ;
#3900 = CARTESIAN_POINT ( 'NONE',  ( 0.5000000000000004441, 7.400000000000001243, 0.7999999999999977129 ) ) ;
#3901 = CARTESIAN_POINT ( 'NONE',  ( -0.5000000000000004441, 7.400000000000001243, 0.7999999999999977129 ) ) ;
#3902 = CARTESIAN_POINT ( 'NONE',  ( 3.088773617751759293, 7.136414032202285540, 0.7685312623625510930 ) ) ;
#3903 = DIRECTION ( 'NONE',  ( 1.000000000000000000, 0.000000000000000000, 0.000000000000000000 ) ) ;
#3904 = CARTESIAN_POINT ( 'NONE',  ( 3.175000000000001155, 5.566912895322941424, 5.159953705630706544 ) ) ;
#3905 = CARTESIAN_POINT ( 'NONE',  ( -3.175000000000033129, 7.693679563351922823, 3.445434998652225911 ) ) ;
#3906 = PLANE ( 'NONE',  #1907 ) ;
#3907 = CARTESIAN_POINT ( 'NONE',  ( -2.793106854861111099, 9.012600994529453402, 6.615162038000538480 ) ) ;
#3908 = CARTESIAN_POINT ( 'NONE',  ( 2.793106854861110655, 9.012600994529453402, 4.263310186148686398 ) ) ;
#3909 = B_SPLINE_CURVE_WITH_KNOTS ( 'NONE', 3,
 ( #1032, #689, #4199, #293, #3445, #1392 ),
 .UNSPECIFIED., .F., .F.,
 ( 4, 2, 4 ),
 ( 0.0004109728343624194412, 0.0006160035205085139529, 0.0008210342066546084646 ),
 .UNSPECIFIED. ) ;
#3910 = ORIENTED_EDGE ( 'NONE', *, *, #3943, .F. ) ;
#3911 = CARTESIAN_POINT ( 'NONE',  ( 2.000000000000000000, 6.505213034913026604E-16, -6.100000000000000533 ) ) ;
#3912 = ADVANCED_FACE ( 'NONE', ( #443, #1813 ), #1748, .F. ) ;
#3913 = CARTESIAN_POINT ( 'NONE',  ( -0.3515425781465233435, 10.55541910963114738, 3.291528064052649416 ) ) ;
#3914 = CARTESIAN_POINT ( 'NONE',  ( 2.449293598294705921E-16, -4.356854249492373654, -6.099999999999997868 ) ) ;
#3915 = ORIENTED_EDGE ( 'NONE', *, *, #3214, .T. ) ;
#3916 =( NAMED_UNIT ( * ) SI_UNIT ( $, .STERADIAN. ) SOLID_ANGLE_UNIT ( ) );
#3917 = ORIENTED_EDGE ( 'NONE', *, *, #2599, .F. ) ;
#3918 = CARTESIAN_POINT ( 'NONE',  ( 3.036325497034392029, 8.359271806143235395, 3.840990610098133917 ) ) ;
#3919 =( BOUNDED_CURVE ( )  B_SPLINE_CURVE ( 2, ( #3643, #1294, #270, #886, #2963, #1933, #3688, #200, #957, #3327, #3348, #3670, #1594, #2939, #2985, #4335, #3733, #3990, #567, #2346, #4381, #867, #4405, #2297, #1203, #614, #248, #3028, #1272, #2251, #2004, #2320, #521, #3396, #2641, #1954, #2597, #1910, #1248, #3303, #223, #1615, #2665, #4037, #910, #2620, #4430, #3006, #4060, #933, #3373, #178, #1573, #3709, #4086, #589, #1979, #1636, #4360, #4014, #2278 ),
 .UNSPECIFIED., .F., .T. ) 
 B_SPLINE_CURVE_WITH_KNOTS ( ( 3, 2, 2, 2, 2, 2, 2, 2, 2, 2, 2, 2, 2, 2, 2, 2, 2, 2, 2, 2, 2, 2, 2, 2, 2, 2, 2, 2, 2, 2, 3 ),
 ( 0.1725389530929065940, 0.1904761904761904656, 0.2142857142857142738, 0.2380952380952380820, 0.2619047619047619180, 0.2857142857142856984, 0.3095238095238095344, 0.3333333333333333148, 0.3571428571428571508, 0.3809523809523809312, 0.4047619047619047672, 0.4285714285714284921, 0.4523809523809523281, 0.4761904761904761640, 0.5000000000000000000, 0.5238095238095238360, 0.5476190476190476719, 0.5714285714285713969, 0.5952380952380952328, 0.6190476190476190688, 0.6428571428571430157, 0.6666666666666666297, 0.6904761904761904656, 0.7142857142857143016, 0.7380952380952381375, 0.7619047619047618625, 0.7857142857142856984, 0.8095238095238095344, 0.8333333333333333703, 0.8571428571428570953, 0.8721434370597044294 ),
 .UNSPECIFIED. ) 
 CURVE ( )  GEOMETRIC_REPRESENTATION_ITEM ( )  RATIONAL_B_SPLINE_CURVE ( ( 0.9502132451467730778, 0.8990683663027786432, 1.000000000000000000, 0.8660254037844387076, 1.000000000000000000, 0.8660254037844387076, 1.000000000000000000, 0.8660254037844387076, 1.000000000000000000, 0.8660254037844387076, 1.000000000000000000, 0.8660254037844387076, 1.000000000000000000, 0.8660254037844387076, 1.000000000000000000, 0.8660254037844387076, 1.000000000000000000, 0.8660254037844387076, 1.000000000000000000, 0.8660254037844387076, 1.000000000000000000, 0.8660254037844387076, 1.000000000000000000, 0.8660254037844387076, 1.000000000000000000, 0.8660254037844387076, 1.000000000000000000, 0.8660254037844387076, 1.000000000000000000, 0.8660254037844387076, 1.000000000000000000, 0.8660254037844387076, 1.000000000000000000, 0.8660254037844387076, 1.000000000000000000, 0.8660254037844387076, 1.000000000000000000, 0.8660254037844387076, 1.000000000000000000, 0.8660254037844387076, 1.000000000000000000, 0.8660254037844387076, 1.000000000000000000, 0.8660254037844387076, 1.000000000000000000, 0.8660254037844387076, 1.000000000000000000, 0.8660254037844387076, 1.000000000000000000, 0.8660254037844387076, 1.000000000000000000, 0.8660254037844387076, 1.000000000000000000, 0.8660254037844387076, 1.000000000000000000, 0.8660254037844387076, 1.000000000000000000, 0.8660254037844387076, 1.000000000000000000, 0.9155927412309271540, 0.9375427402429632462 ) ) 
 REPRESENTATION_ITEM ( '' )  );
#3920 = DIRECTION ( 'NONE',  ( -1.000000000000000000, 0.000000000000000000, -0.000000000000000000 ) ) ;
#3921 = VECTOR ( 'NONE', #632, 1000.000000000000000 ) ;
#3922 = LINE ( 'NONE', #800, #2691 ) ;
#3923 = DIRECTION ( 'NONE',  ( 0.000000000000000000, 0.000000000000000000, 1.000000000000000000 ) ) ;
#3924 = CARTESIAN_POINT ( 'NONE',  ( -2.842297497972584797, 8.816789497877183024, 4.814308930142107812 ) ) ;
#3925 = CARTESIAN_POINT ( 'NONE',  ( 6.734652765903158157E-16, 3.733825790645878051, 2.925694446371446045 ) ) ;
#3926 = EDGE_CURVE ( 'NONE', #1236, #1408, #296, .T. ) ;
#3927 = DIRECTION ( 'NONE',  ( 0.000000000000000000, 0.000000000000000000, -1.000000000000000000 ) ) ;
#3928 = CARTESIAN_POINT ( 'NONE',  ( 0.000000000000000000, 7.400000000000001243, 5.799999999999998046 ) ) ;
#3929 = B_SPLINE_CURVE_WITH_KNOTS ( 'NONE', 3,
 ( #1144, #3999, #2539, #1495, #2260, #3976, #2238, #4300, #4368, #2217 ),
 .UNSPECIFIED., .F., .F.,
 ( 4, 2, 2, 2, 4 ),
 ( 0.0007035505386650837273, 0.0008793117251537264792, 0.001055072911642369231, 0.001230834098131012092, 0.001406595284619654735 ),
 .UNSPECIFIED. ) ;
#3930 = CARTESIAN_POINT ( 'NONE',  ( 2.793106854861110655, 7.400000000000001243, 4.910069445407945210 ) ) ;
#3931 = CARTESIAN_POINT ( 'NONE',  ( 5.924599938756993332E-16, 4.174798010941098703, 5.439236112074611107 ) ) ;
#3932 = VERTEX_POINT ( 'NONE', #2887 ) ;
#3933 = VECTOR ( 'NONE', #1274, 1000.000000000000000 ) ;
#3934 = DIRECTION ( 'NONE',  ( -1.000000000000000000, 0.000000000000000000, 0.000000000000000000 ) ) ;
#3935 = CARTESIAN_POINT ( 'NONE',  ( -1.587500000000000355, 10.14963065701559408, 5.365740740740738701 ) ) ;
#3936 = DIRECTION ( 'NONE',  ( -1.000000000000000000, 0.000000000000000000, 0.000000000000000000 ) ) ;
#3937 = CARTESIAN_POINT ( 'NONE',  ( 3.091424393439294427, 7.635471064608036151, 0.5639966751017333468 ) ) ;
#3938 = AXIS2_PLACEMENT_3D ( 'NONE', #2912, #2892, #1526 ) ;
#3939 = VERTEX_POINT ( 'NONE', #2505 ) ;
#3940 = VERTEX_POINT ( 'NONE', #4241 ) ;
#3941 = ADVANCED_FACE ( 'NONE', ( #3487 ), #3664, .T. ) ;
#3942 = CARTESIAN_POINT ( 'NONE',  ( 3.174900527356513180, 7.427132222513862736, 5.219621325780831711 ) ) ;
#3943 = EDGE_CURVE ( 'NONE', #609, #3777, #747, .T. ) ;
#3944 = FILL_AREA_STYLE_COLOUR ( '', #3206 ) ;
#3945 = VECTOR ( 'NONE', #1020, 1000.000000000000000 ) ;
#3946 = CARTESIAN_POINT ( 'NONE',  ( 3.174999999999990052, 7.399999751768032041, 3.807638882852764528 ) ) ;
#3947 = DIRECTION ( 'NONE',  ( 1.000000000000000000, 0.000000000000000000, 0.000000000000000000 ) ) ;
#3948 = CARTESIAN_POINT ( 'NONE',  ( -0.5875971417173274647, 10.80000000000000426, -0.6000000000000006439 ) ) ;
#3949 = LINE ( 'NONE', #3236, #1251 ) ;
#3950 = CARTESIAN_POINT ( 'NONE',  ( 3.056628888082306261, 7.179088263891107324, 0.7582157411838079675 ) ) ;
#3951 = CARTESIAN_POINT ( 'NONE',  ( -1.587500000000000355, 10.14963065701559408, 4.748379631556631786 ) ) ;
#3952 = UNCERTAINTY_MEASURE_WITH_UNIT (LENGTH_MEASURE( 1.000000000000000082E-05 ), #4088, 'distance_accuracy_value', 'NONE');
#3953 = AXIS2_PLACEMENT_3D ( 'NONE', #758, #411, #1802 ) ;
#3954 = FACE_BOUND ( 'NONE', #3690, .T. ) ;
#3955 = CARTESIAN_POINT ( 'NONE',  ( 1.710709492038209989, 4.725271804467899628, 5.811397203141709156 ) ) ;
#3956 = CARTESIAN_POINT ( 'NONE',  ( 2.771765533002612969, 7.055381757983028912, 2.780388567490795104 ) ) ;
#3957 = DIRECTION ( 'NONE',  ( 8.673617379884033500E-16, 0.000000000000000000, 1.000000000000000000 ) ) ;
#3958 = CARTESIAN_POINT ( 'NONE',  ( -1.542809812117303725, 5.044407040177684820, 3.076465498941939103 ) ) ;
#3959 = SURFACE_SIDE_STYLE ('',( #1538 ) ) ;
#3960 = CARTESIAN_POINT ( 'NONE',  ( 0.000000000000000000, 7.400000000000001243, 5.799999999999998046 ) ) ;
#3961 = ORIENTED_EDGE ( 'NONE', *, *, #3045, .T. ) ;
#3962 = ORIENTED_EDGE ( 'NONE', *, *, #3171, .T. ) ;
#3963 = CARTESIAN_POINT ( 'NONE',  ( 1.013233911043802893, 10.40904138334248152, 5.357537883500421039 ) ) ;
#3964 = AXIS2_PLACEMENT_3D ( 'NONE', #99, #1500, #2886 ) ;
#3965 = CARTESIAN_POINT ( 'NONE',  ( -1.293121224823829740, 4.496242177120023165, 6.312843247078074427 ) ) ;
#3966 = CARTESIAN_POINT ( 'NONE',  ( 0.000000000000000000, 10.80000000000000071, -4.099999999999997868 ) ) ;
#3967 = ADVANCED_FACE ( 'NONE', ( #2137 ), #2866, .T. ) ;
#3968 = DIRECTION ( 'NONE',  ( -0.000000000000000000, 1.000000000000000000, -0.000000000000000000 ) ) ;
#3969 = DIRECTION ( 'NONE',  ( 0.000000000000000000, 1.000000000000000000, 0.000000000000000000 ) ) ;
#3970 = CARTESIAN_POINT ( 'NONE',  ( 2.014456500262701066, 9.863158742665225631, 4.613554908519935438 ) ) ;
#3971 = AXIS2_PLACEMENT_3D ( 'NONE', #2554, #4293, #1138 ) ;
#3972 = ORIENTED_EDGE ( 'NONE', *, *, #1790, .F. ) ;
#3973 = CARTESIAN_POINT ( 'NONE',  ( -3.174230724990481978, 7.482869051460884435, 4.157767779674117037 ) ) ;
#3974 = CARTESIAN_POINT ( 'NONE',  ( -1.587499999999997691, 4.650369342984407517, 4.983564816741816728 ) ) ;
#3975 = FACE_OUTER_BOUND ( 'NONE', #2847, .T. ) ;
#3976 = CARTESIAN_POINT ( 'NONE',  ( 3.066023646793464064, 7.458454084161383335, 0.4777446846629518351 ) ) ;
#3977 = CARTESIAN_POINT ( 'NONE',  ( -0.01182243316025351557, 4.224253343888664247, 5.747506465287580468 ) ) ;
#3978 = CIRCLE ( 'NONE', #2973, 0.5000000000000002220 ) ;
#3979 = ORIENTED_EDGE ( 'NONE', *, *, #3846, .F. ) ;
#3980 = CARTESIAN_POINT ( 'NONE',  ( 3.010906761638496132, 7.400000000000001243, 3.196822610600547065 ) ) ;
#3981 = CARTESIAN_POINT ( 'NONE',  ( -3.056639957652750539, 7.620781940094322415, 0.6995084149797298201 ) ) ;
#3982 = CARTESIAN_POINT ( 'NONE',  ( 3.097367544863010913, 7.263080624770638316, 0.4656864280943909251 ) ) ;
#3983 = CARTESIAN_POINT ( 'NONE',  ( -1.534669033208806432, 4.620536749927116382, 6.308376388002681523 ) ) ;
#3984 = ORIENTED_EDGE ( 'NONE', *, *, #2827, .F. ) ;
#3985 = ORIENTED_EDGE ( 'NONE', *, *, #4480, .T. ) ;
#3986 = CARTESIAN_POINT ( 'NONE',  ( 3.174604690869517576, 7.454054203961319125, 5.220488040695107301 ) ) ;
#3987 = VECTOR ( 'NONE', #812, 1000.000000000000000 ) ;
#3988 = CARTESIAN_POINT ( 'NONE',  ( 0.000000000000000000, 7.400000000000001243, 3.421465696508421583 ) ) ;
#3989 = CARTESIAN_POINT ( 'NONE',  ( 0.6463969701572083171, 4.291443438874303240, 5.066304902987393000 ) ) ;
#3990 = CARTESIAN_POINT ( 'NONE',  ( 2.793106854861111099, 5.787399005470551749, 5.556828704667204022 ) ) ;
#3991 = CARTESIAN_POINT ( 'NONE',  ( 0.000000000000000000, 6.505213034913026604E-16, 0.000000000000000000 ) ) ;
#3992 = DIRECTION ( 'NONE',  ( 0.000000000000000000, 0.000000000000000000, -1.000000000000000000 ) ) ;
#3993 = EDGE_CURVE ( 'NONE', #1378, #1902, #1789, .T. ) ;
#3994 = ORIENTED_EDGE ( 'NONE', *, *, #3846, .T. ) ;
#3995 = CARTESIAN_POINT ( 'NONE',  ( -2.340160642220633136, 10.55329096034102676, -7.600000000000001421 ) ) ;
#3996 = CARTESIAN_POINT ( 'NONE',  ( -2.793106854861110211, 5.787399005470547309, 4.439699075037574438 ) ) ;
#3997 = ADVANCED_FACE ( 'NONE', ( #1110 ), #4286, .F. ) ;
#3998 = CARTESIAN_POINT ( 'NONE',  ( -3.112736519926667444, 6.773560903607059203, 4.181728832033211773 ) ) ;
#3999 = CARTESIAN_POINT ( 'NONE',  ( 3.056650939182618654, 7.179346820696422604, 0.6412692586850502474 ) ) ;
#4000 = CARTESIAN_POINT ( 'NONE',  ( 2.920682713411375975, 6.149017698155830658, 5.879434887944225530 ) ) ;
#4001 = B_SPLINE_CURVE_WITH_KNOTS ( 'NONE', 3,
 ( #3564, #441, #2109, #1830 ),
 .UNSPECIFIED., .F., .F.,
 ( 4, 4 ),
 ( 0.000000000000000000, 1.000000000000000000 ),
 .UNSPECIFIED. ) ;
#4002 = EDGE_LOOP ( 'NONE', ( #384, #17, #4239, #3030, #3508, #682, #390, #1588 ) ) ;
#4003 = ORIENTED_EDGE ( 'NONE', *, *, #563, .F. ) ;
#4004 = DIRECTION ( 'NONE',  ( 0.000000000000000000, 0.000000000000000000, 1.000000000000000000 ) ) ;
#4005 = CARTESIAN_POINT ( 'NONE',  ( -1.396553427430555550, 9.818901491794177261, 7.085532408370907476 ) ) ;
#4006 = CARTESIAN_POINT ( 'NONE',  ( 0.000000000000000000, 7.400000000000001243, 5.799999999999998046 ) ) ;
#4007 = AXIS2_PLACEMENT_3D ( 'NONE', #2861, #459, #2538 ) ;
#4008 = MECHANICAL_DESIGN_GEOMETRIC_PRESENTATION_REPRESENTATION (  '', ( #2766 ), #948 ) ;
#4009 = VERTEX_POINT ( 'NONE', #1411 ) ;
#4010 = ORIENTED_EDGE ( 'NONE', *, *, #2268, .T. ) ;
#4011 = CARTESIAN_POINT ( 'NONE',  ( 3.175000004528424569, 7.402391594228800109, 5.218826712821353908 ) ) ;
#4012 = COLOUR_RGB ( '',0.9019607843137255054, 0.5686274509803921351, 0.2196078431372548989 ) ;
#4013 = CARTESIAN_POINT ( 'NONE',  ( 1.903378744421729607, 4.858764912434313743, 5.113692544771915927 ) ) ;
#4014 = CARTESIAN_POINT ( 'NONE',  ( -2.793106854861111099, 8.360976026592906507, 3.111142855696057641 ) ) ;
#4015 = DIRECTION ( 'NONE',  ( 0.000000000000000000, 0.000000000000000000, -1.000000000000000000 ) ) ;
#4016 = CARTESIAN_POINT ( 'NONE',  ( -3.500000000000000000, 1.300000000000006040, -0.6000000000000006439 ) ) ;
#4017 = CARTESIAN_POINT ( 'NONE',  ( 0.000000000000000000, 0.05000000000000056483, -3.559999999999998721 ) ) ;
#4018 = CARTESIAN_POINT ( 'NONE',  ( -2.793106854861111099, 9.012600994529453402, 5.027662038000536349 ) ) ;
#4019 = ADVANCED_FACE ( 'NONE', ( #728 ), #2945, .T. ) ;
#4020 = CARTESIAN_POINT ( 'NONE',  ( -3.153559825402547201, 7.769904643808556166, 6.264686881328933588 ) ) ;
#4021 = CARTESIAN_POINT ( 'NONE',  ( 0.000000000000000000, 3.800000000000006484, -0.8000000000000003775 ) ) ;
#4022 = CARTESIAN_POINT ( 'NONE',  ( 0.2122986408078560983, 4.232099079803379738, 5.755779599040999450 ) ) ;
#4023 = EDGE_LOOP ( 'NONE', ( #2411, #1436 ) ) ;
#4024 = AXIS2_PLACEMENT_3D ( 'NONE', #3383, #281, #307 ) ;
#4025 = CARTESIAN_POINT ( 'NONE',  ( 2.971974930991360786, 6.282763236385839889, 4.473599389451424102 ) ) ;
#4026 = CYLINDRICAL_SURFACE ( 'NONE', #7, 0.5000000000000002220 ) ;
#4027 = AXIS2_PLACEMENT_3D ( 'NONE', #159, #532, #1515 ) ;
#4028 = CARTESIAN_POINT ( 'NONE',  ( -3.097314334965601379, 7.261971042038316781, 0.4663397118773257022 ) ) ;
#4030 = EDGE_CURVE ( 'NONE', #3895, #2456, #191, .T. ) ;
#4029 = CARTESIAN_POINT ( 'NONE',  ( -3.500000000000000000, 2.600000000000005862, -7.600000000000002309 ) ) ;
#4031 = CARTESIAN_POINT ( 'NONE',  ( -1.587499999999997691, 4.650369342984407517, 6.306481481481479356 ) ) ;
#4032 = AXIS2_PLACEMENT_3D ( 'NONE', #2337, #2072, #3462 ) ;
#4033 = EDGE_LOOP ( 'NONE', ( #1582, #3725, #4193, #1894 ) ) ;
#4034 = VERTEX_POINT ( 'NONE', #2655 ) ;
#4035 = CARTESIAN_POINT ( 'NONE',  ( 1.562410040671327494, 10.16489845774553480, 5.337311445279805611 ) ) ;
#4036 = CARTESIAN_POINT ( 'NONE',  ( 1.888272332361202066, 4.847537150532472694, 5.113051508124164535 ) ) ;
#4037 = CARTESIAN_POINT ( 'NONE',  ( 5.924599938756992346E-16, 4.174798010941098703, 4.028125000963500568 ) ) ;
#4038 = EDGE_CURVE ( 'NONE', #3485, #729, #3135, .T. ) ;
#4039 = CARTESIAN_POINT ( 'NONE',  ( 1.444800156136553770, 4.572583034027129401, 3.684675267518985109 ) ) ;
#4040 = CARTESIAN_POINT ( 'NONE',  ( 3.056650782324377591, 7.620654845915288966, 0.7585272379906625728 ) ) ;
#4041 = ORIENTED_EDGE ( 'NONE', *, *, #4423, .F. ) ;
#4042 = CARTESIAN_POINT ( 'NONE',  ( -3.063831548439996055, 7.285248330562234642, 0.8989473526465419084 ) ) ;
#4043 = VECTOR ( 'NONE', #3119, 1000.000000000000000 ) ;
#4044 = CARTESIAN_POINT ( 'NONE',  ( 3.174999999999998934, 9.233087104677062840, 2.455324076001076161 ) ) ;
#4045 = CARTESIAN_POINT ( 'NONE',  ( -3.140804413450359878, 7.865148737074301621, 6.261566910247778672 ) ) ;
#4046 = CARTESIAN_POINT ( 'NONE',  ( 0.2575223250123946372, 4.235321789577515261, 5.757453845865887487 ) ) ;
#4047 = ADVANCED_FACE ( 'NONE', ( #2953 ), #3261, .T. ) ;
#4048 = EDGE_LOOP ( 'NONE', ( #3915, #4076, #317, #477 ) ) ;
#4049 = DIRECTION ( 'NONE',  ( 0.000000000000000000, -1.239088197126290817E-16, 1.000000000000000000 ) ) ;
#4050 = DIRECTION ( 'NONE',  ( -8.673617379884036458E-16, 0.000000000000000000, 1.000000000000000000 ) ) ;
#4051 = DIRECTION ( 'NONE',  ( -0.000000000000000000, 1.000000000000000000, -0.000000000000000000 ) ) ;
#4052 = CARTESIAN_POINT ( 'NONE',  ( -3.063831464276064231, 7.285247763454237635, 0.8989454527553579766 ) ) ;
#4053 = CARTESIAN_POINT ( 'NONE',  ( 0.000000000000000000, 0.000000000000000000, 0.000000000000000000 ) ) ;
#4054 = EDGE_LOOP ( 'NONE', ( #1288, #4196 ) ) ;
#4055 = ORIENTED_EDGE ( 'NONE', *, *, #2962, .F. ) ;
#4056 = EDGE_CURVE ( 'NONE', #540, #1412, #2970, .T. ) ;
#4057 = FACE_OUTER_BOUND ( 'NONE', #2349, .T. ) ;
#4058 = VERTEX_POINT ( 'NONE', #3313 ) ;
#4059 = CARTESIAN_POINT ( 'NONE',  ( 2.842035888541746047, 5.984533143493730556, 5.167182871841668579 ) ) ;
#4060 = CARTESIAN_POINT ( 'NONE',  ( -1.396553427430555550, 9.818901491794177261, 3.734143519482019613 ) ) ;
#4061 = CARTESIAN_POINT ( 'NONE',  ( 1.349697935475326682, 4.525977646636226481, 3.681294459575947364 ) ) ;
#4062 = SURFACE_SIDE_STYLE ('',( #1009 ) ) ;
#4063 = EDGE_LOOP ( 'NONE', ( #356, #2591, #1133, #931 ) ) ;
#4064 = CARTESIAN_POINT ( 'NONE',  ( 0.000000000000000000, 10.80000000000000071, -4.099999999999997868 ) ) ;
#4065 = CARTESIAN_POINT ( 'NONE',  ( 2.793106854861110655, 9.012600994529453402, 6.909143519482019435 ) ) ;
#4066 = CARTESIAN_POINT ( 'NONE',  ( -3.174999999994765343, 7.400003998784404402, 6.276953595002327191 ) ) ;
#4067 = DIRECTION ( 'NONE',  ( 1.000000000000000000, 0.000000000000000000, 0.000000000000000000 ) ) ;
#4068 = CARTESIAN_POINT ( 'NONE',  ( -2.669999999999999485, 7.400000000000001243, 2.999999999999999112 ) ) ;
#4069 = VERTEX_POINT ( 'NONE', #1536 ) ;
#4070 = CARTESIAN_POINT ( 'NONE',  ( 2.366113904453119421, 5.282885304715056130, 4.430306757970851272 ) ) ;
#4071 = CARTESIAN_POINT ( 'NONE',  ( 2.669999999999999485, 7.400000000000001243, 9.859920353756539413 ) ) ;
#4072 = CARTESIAN_POINT ( 'NONE',  ( -3.091825234032613778, 7.172173732902528798, 0.6408009121241877715 ) ) ;
#4073 = CARTESIAN_POINT ( 'NONE',  ( -3.150613852967773632, 7.793098842754043076, 5.558529406363977188 ) ) ;
#4074 = CARTESIAN_POINT ( 'NONE',  ( -2.793106854861110655, 7.400000000000001243, 7.379513889852389319 ) ) ;
#4075 = PRODUCT_CONTEXT ( 'NONE', #2369, 'mechanical' ) ;
#4076 = ORIENTED_EDGE ( 'NONE', *, *, #1593, .F. ) ;
#4077 = ORIENTED_EDGE ( 'NONE', *, *, #322, .F. ) ;
#4078 = AXIS2_PLACEMENT_3D ( 'NONE', #2326, #1620, #1279 ) ;
#4079 = CARTESIAN_POINT ( 'NONE',  ( -3.174999999999999822, 9.233087104677062840, 4.013425925925924176 ) ) ;
#4080 = EDGE_CURVE ( 'NONE', #906, #1010, #3638, .T. ) ;
#4081 = EDGE_CURVE ( 'NONE', #1557, #4526, #303, .T. ) ;
#4082 = VERTEX_POINT ( 'NONE', #4068 ) ;
#4083 = CARTESIAN_POINT ( 'NONE',  ( 1.136663148443929128, 4.433175291237862581, 5.084641203282854960 ) ) ;
#4084 = VECTOR ( 'NONE', #1738, 1000.000000000000000 ) ;
#4085 = EDGE_CURVE ( 'NONE', #188, #729, #819, .T. ) ;
#4086 = CARTESIAN_POINT ( 'NONE',  ( 1.396553427430556660, 4.981098508205824338, 3.381365741704241312 ) ) ;
#4087 = CARTESIAN_POINT ( 'NONE',  ( 0.7658778014293171621, 4.318665393798903018, 3.659616598496208351 ) ) ;
#4088 =( LENGTH_UNIT ( ) NAMED_UNIT ( * ) SI_UNIT ( .MILLI., .METRE. ) );
#4089 = EDGE_CURVE ( 'NONE', #2931, #1903, #3276, .T. ) ;
#4090 = ORIENTED_EDGE ( 'NONE', *, *, #628, .T. ) ;
#4091 = CARTESIAN_POINT ( 'NONE',  ( -1.290086050112766669, 10.30113374250433722, 4.031729526966318033 ) ) ;
#4092 = CARTESIAN_POINT ( 'NONE',  ( -2.793106854861110655, 7.400000000000001243, 4.380902778741278425 ) ) ;
#4093 = CARTESIAN_POINT ( 'NONE',  ( -1.435983409686143686, 10.23180597366038747, 3.331585245525753081 ) ) ;
#4094 = CARTESIAN_POINT ( 'NONE',  ( -3.499999999999999112, 6.505213034913026604E-16, -2.100000000000000533 ) ) ;
#4095 = CARTESIAN_POINT ( 'NONE',  ( -3.154202279267219744, 7.035661312425791181, 5.583597629625059788 ) ) ;
#4096 = ORIENTED_EDGE ( 'NONE', *, *, #2855, .T. ) ;
#4097 = DIRECTION ( 'NONE',  ( 0.000000000000000000, -1.000000000000000000, -1.239088197126290817E-16 ) ) ;
#4098 = CARTESIAN_POINT ( 'NONE',  ( 3.174999999999998934, 9.233087104677062840, 5.894907407407405486 ) ) ;
#4099 = CARTESIAN_POINT ( 'NONE',  ( -1.974866646252330782E-16, 10.62520198905890290, 4.910069445407944322 ) ) ;
#4100 = CARTESIAN_POINT ( 'NONE',  ( -1.823647375408856464, 10.00076524350989082, 5.463334179283151570 ) ) ;
#4101 = CARTESIAN_POINT ( 'NONE',  ( 0.000000000000000000, 7.400000000000001243, 1.999999999999998224 ) ) ;
#4102 = VECTOR ( 'NONE', #2187, 1000.000000000000000 ) ;
#4103 = ORIENTED_EDGE ( 'NONE', *, *, #37, .T. ) ;
#4104 = CARTESIAN_POINT ( 'NONE',  ( 0.000000000000000000, 7.400000000000001243, 9.859920353756539413 ) ) ;
#4105 = CARTESIAN_POINT ( 'NONE',  ( -2.244884255301052719E-16, 11.06617420935412355, 5.306944444444441800 ) ) ;
#4106 = CONICAL_SURFACE ( 'NONE', #3877, 3.500000000000003997, 1.221730476396037268 ) ;
#4107 = EDGE_CURVE ( 'NONE', #3229, #2812, #1816, .T. ) ;
#4108 = VERTEX_POINT ( 'NONE', #3035 ) ;
#4109 = CARTESIAN_POINT ( 'NONE',  ( 2.793106854861110655, 7.400000000000001243, 5.439236112074611995 ) ) ;
#4110 = DIRECTION ( 'NONE',  ( 0.000000000000000000, -1.000000000000000000, 0.000000000000000000 ) ) ;
#4111 = CARTESIAN_POINT ( 'NONE',  ( 0.4232613461636612340, 4.246221415763145046, 3.646964288677470467 ) ) ;
#4112 = CARTESIAN_POINT ( 'NONE',  ( 3.174999999999999822, 7.400000000000001243, 9.859920353756539413 ) ) ;
#4113 = VERTEX_POINT ( 'NONE', #1668 ) ;
#4114 = CARTESIAN_POINT ( 'NONE',  ( -2.890161804090195297, 8.721274528677085414, 4.112706794028476942 ) ) ;
#4115 = CARTESIAN_POINT ( 'NONE',  ( 5.924599938756993332E-16, 4.174798010941098703, 3.146180556519055482 ) ) ;
#4116 = EDGE_CURVE ( 'NONE', #4142, #3424, #3813, .T. ) ;
#4117 = CARTESIAN_POINT ( 'NONE',  ( -0.6932606580604668833, 10.49848687860668583, 3.304148786783525082 ) ) ;
#4118 = CARTESIAN_POINT ( 'NONE',  ( -1.818258995808303302, 9.541821037492560720, 6.528924224206845928 ) ) ;
#4119 = DIRECTION ( 'NONE',  ( 0.000000000000000000, 0.000000000000000000, 1.000000000000000000 ) ) ;
#4120 = CONICAL_SURFACE ( 'NONE', #3526, 3.500000000000003997, 1.221730476396037268 ) ;
#4121 = FACE_OUTER_BOUND ( 'NONE', #3072, .T. ) ;
#4122 = CARTESIAN_POINT ( 'NONE',  ( 0.000000000000000000, 7.400000000000001243, 5.599999999999997868 ) ) ;
#4123 = CARTESIAN_POINT ( 'NONE',  ( -1.974866646252330782E-16, 10.62520198905890290, 7.203125000963500391 ) ) ;
#4124 = CARTESIAN_POINT ( 'NONE',  ( -3.155545311682302234, 7.750955398575952948, 5.559912323279837310 ) ) ;
#4125 = CARTESIAN_POINT ( 'NONE',  ( 3.174999999999530864, 7.399998274928630160, 4.424999944669294472 ) ) ;
#4126 = ORIENTED_EDGE ( 'NONE', *, *, #3239, .F. ) ;
#4127 = PLANE ( 'NONE',  #2512 ) ;
#4128 = CARTESIAN_POINT ( 'NONE',  ( -3.174999999999999822, 7.400000000000001243, 6.188888888888887330 ) ) ;
#4129 = AXIS2_PLACEMENT_3D ( 'NONE', #2711, #4110, #2096 ) ;
#4130 = ORIENTED_EDGE ( 'NONE', *, *, #2845, .T. ) ;
#4131 = CARTESIAN_POINT ( 'NONE',  ( -1.974866646252331029E-16, 10.62520198905890290, 4.910069445407944322 ) ) ;
#4132 = CARTESIAN_POINT ( 'NONE',  ( 2.500000000000001776, 7.400000000000001243, 5.599999999999997868 ) ) ;
#4133 = CARTESIAN_POINT ( 'NONE',  ( -3.088786819479643508, 7.663431174709493199, 0.6994210220873543493 ) ) ;
#4134 = DIRECTION ( 'NONE',  ( 1.000000000000000000, 0.000000000000000000, 0.000000000000000000 ) ) ;
#4135 = ORIENTED_EDGE ( 'NONE', *, *, #1509, .T. ) ;
#4136 = CARTESIAN_POINT ( 'NONE',  ( -3.025845775281859051, 8.361710334453004378, 4.126807646794475204 ) ) ;
#4137 = B_SPLINE_CURVE_WITH_KNOTS ( 'NONE', 3,
 ( #2364, #1950, #1268, #2752, #1632, #1312 ),
 .UNSPECIFIED., .F., .F.,
 ( 4, 2, 4 ),
 ( 0.007269988138945393183, 0.009047616259563665345, 0.01082524438018193751 ),
 .UNSPECIFIED. ) ;
#4138 = CARTESIAN_POINT ( 'NONE',  ( 1.396553427430554661, 9.818901491794177261, 2.734606482444982056 ) ) ;
#4139 = CARTESIAN_POINT ( 'NONE',  ( -2.510651074084625289, 9.343618806584958136, 6.202439252013578930 ) ) ;
#4140 = DIRECTION ( 'NONE',  ( -1.000000000000000000, -0.000000000000000000, 0.000000000000000000 ) ) ;
#4141 = EDGE_CURVE ( 'NONE', #2240, #1663, #696, .T. ) ;
#4142 = VERTEX_POINT ( 'NONE', #3717 ) ;
#4143 = CARTESIAN_POINT ( 'NONE',  ( 2.793106854861110211, 9.012600994529453402, 4.086921297259796582 ) ) ;
#4145 = ADVANCED_FACE ( 'NONE', ( #3380 ), #4463, .F. ) ;
#4144 = CARTESIAN_POINT ( 'NONE',  ( -2.314151781853979184, 5.225002323823058958, 4.246132885842881066 ) ) ;
#4146 = CARTESIAN_POINT ( 'NONE',  ( 2.694222958124175527E-16, 1.300000000000006040, -1.899999999999999023 ) ) ;
#4147 = CARTESIAN_POINT ( 'NONE',  ( 1.396553427430556660, 4.981098508205824338, 3.204976852815352384 ) ) ;
#4148 = CARTESIAN_POINT ( 'NONE',  ( -3.154808408272501641, 7.757518968675650051, 5.559699953999602151 ) ) ;
#4149 = DIRECTION ( 'NONE',  ( 0.000000000000000000, 0.000000000000000000, 1.000000000000000000 ) ) ;
#4150 = VECTOR ( 'NONE', #4051, 1000.000000000000000 ) ;
#4151 = EDGE_LOOP ( 'NONE', ( #1771, #1996, #2904, #2245 ) ) ;
#4152 = CARTESIAN_POINT ( 'NONE',  ( 0.000000000000000000, -1.810193359837561022, -3.459999999999997744 ) ) ;
#4153 = CARTESIAN_POINT ( 'NONE',  ( 3.175000000000001155, 5.566912895322941424, 6.482870370370369173 ) ) ;
#4154 = ORIENTED_EDGE ( 'NONE', *, *, #1681, .T. ) ;
#4155 = CARTESIAN_POINT ( 'NONE',  ( -2.793106854861110655, 7.400000000000001243, 6.497569445407944677 ) ) ;
#4156 = CARTESIAN_POINT ( 'NONE',  ( 0.5850642465015679639, 10.80000000000000249, -0.6000000000000007550 ) ) ;
#4157 = CARTESIAN_POINT ( 'NONE',  ( -2.051074375205613087, 4.975436415078080543, 3.553489632687929944 ) ) ;
#4158 = CARTESIAN_POINT ( 'NONE',  ( 3.500000000000000000, 10.80000000000000071, -4.099999999999997868 ) ) ;
#4159 = ORIENTED_EDGE ( 'NONE', *, *, #3326, .F. ) ;
#4160 = CARTESIAN_POINT ( 'NONE',  ( 1.439211864630981053, 10.23176841497421208, 3.930739909583861103 ) ) ;
#4161 = CARTESIAN_POINT ( 'NONE',  ( -2.793106854861110211, 5.787399005470547309, 3.028587963926464344 ) ) ;
#4162 = CARTESIAN_POINT ( 'NONE',  ( 1.717221662930729309, 10.07054656332595499, 6.036959159536851693 ) ) ;
#4163 = CARTESIAN_POINT ( 'NONE',  ( -3.174999999994765343, 7.400003998784404402, 6.276953595002327191 ) ) ;
#4164 = CARTESIAN_POINT ( 'NONE',  ( -3.149496335886504017, 6.998183687639046191, 5.584888241264266640 ) ) ;
#4165 = DIRECTION ( 'NONE',  ( 0.000000000000000000, 0.000000000000000000, -1.000000000000000000 ) ) ;
#4166 = EDGE_CURVE ( 'NONE', #4113, #618, #2401, .T. ) ;
#4167 = CARTESIAN_POINT ( 'NONE',  ( -0.1039358964182499345, 4.223691484640839988, 4.333089036005427275 ) ) ;
#4168 = DIRECTION ( 'NONE',  ( -0.000000000000000000, -0.000000000000000000, 1.000000000000000000 ) ) ;
#4169 = CARTESIAN_POINT ( 'NONE',  ( -2.793106854861111099, 9.012600994529453402, 2.910995371333870985 ) ) ;
#4170 = CARTESIAN_POINT ( 'NONE',  ( -0.8492628644636628366, 10.45981951354842110, 5.426590200686561616 ) ) ;
#4171 = CARTESIAN_POINT ( 'NONE',  ( 0.1255290982972189773, 10.23062799032670078, 6.510621053438271133 ) ) ;
#4172 = ORIENTED_EDGE ( 'NONE', *, *, #2994, .T. ) ;
#4173 = ADVANCED_FACE ( 'NONE', ( #2062 ), #2811, .T. ) ;
#4174 = CARTESIAN_POINT ( 'NONE',  ( 0.4000000000000003553, 7.400000000000001243, 0.7999999999999977129 ) ) ;
#4175 = CARTESIAN_POINT ( 'NONE',  ( 1.587499999999999245, 10.14963065701559408, 3.837037037037035692 ) ) ;
#4176 = VERTEX_POINT ( 'NONE', #3496 ) ;
#4177 = CARTESIAN_POINT ( 'NONE',  ( 2.793106854861110211, 9.012600994529453402, 6.203587963926462834 ) ) ;
#4178 = VECTOR ( 'NONE', #667, 1000.000000000000000 ) ;
#4179 = CARTESIAN_POINT ( 'NONE',  ( 3.500000000000000000, 6.505213034913026604E-16, -6.100000000000000533 ) ) ;
#4180 = CARTESIAN_POINT ( 'NONE',  ( -3.096125839915073730, 6.668644324538654189, 3.479855121924449346 ) ) ;
#4181 = SURFACE_STYLE_USAGE ( .BOTH. , #2098 ) ;
#4182 = ORIENTED_EDGE ( 'NONE', *, *, #4418, .F. ) ;
#4183 = CARTESIAN_POINT ( 'NONE',  ( 0.9090956133836914921, 10.44278026449767083, 3.950395335413263709 ) ) ;
#4184 = CARTESIAN_POINT ( 'NONE',  ( 1.995320783781636909, 9.877583304015418619, 6.025518764328471555 ) ) ;
#4185 = CARTESIAN_POINT ( 'NONE',  ( 0.000000000000000000, 7.400000000000001243, 7.599999999999997868 ) ) ;
#4186 = CARTESIAN_POINT ( 'NONE',  ( 0.000000000000000000, 2.600000000000004086, -4.100000000000000533 ) ) ;
#4187 = VERTEX_POINT ( 'NONE', #90 ) ;
#4188 = LINE ( 'NONE', #1720, #4416 ) ;
#4189 = CARTESIAN_POINT ( 'NONE',  ( -2.546848120213446531, 5.500758350909156214, 4.232981755848086003 ) ) ;
#4190 = LINE ( 'NONE', #2174, #3655 ) ;
#4191 = CARTESIAN_POINT ( 'NONE',  ( 5.924599938756993332E-16, 4.174798010941098703, 4.557291667630167353 ) ) ;
#4192 = CARTESIAN_POINT ( 'NONE',  ( -2.793106854861110211, 5.787399005470547309, 3.910532408370907653 ) ) ;
#4193 = ORIENTED_EDGE ( 'NONE', *, *, #4056, .T. ) ;
#4194 = CARTESIAN_POINT ( 'NONE',  ( -3.056628977671463243, 7.179089317272686621, 0.6422606864395390414 ) ) ;
#4195 = CARTESIAN_POINT ( 'NONE',  ( 3.175000000000001155, 5.566912895322941424, 3.660648148148146319 ) ) ;
#4196 = ORIENTED_EDGE ( 'NONE', *, *, #509, .F. ) ;
#4197 = CARTESIAN_POINT ( 'NONE',  ( -1.709029382797300434, 4.723766151979584826, 4.978958806813230886 ) ) ;
#4198 = CIRCLE ( 'NONE', #2225, 0.5000000000000002220 ) ;
#4199 = CARTESIAN_POINT ( 'NONE',  ( -3.097381505563490567, 7.263401552991584076, 0.9344567522746892729 ) ) ;
#4200 = DIRECTION ( 'NONE',  ( 0.000000000000000000, 0.000000000000000000, 1.000000000000000000 ) ) ;
#4201 = PLANE ( 'NONE',  #952 ) ;
#4202 = VERTEX_POINT ( 'NONE', #3217 ) ;
#4203 = FACE_OUTER_BOUND ( 'NONE', #593, .T. ) ;
#4204 = CARTESIAN_POINT ( 'NONE',  ( 1.301013869778215870, 10.29807017911595324, 6.052824739030345569 ) ) ;
#4205 = CARTESIAN_POINT ( 'NONE',  ( 4.041334437186266496E-16, 2.600000000000001865, -7.400000000000001243 ) ) ;
#4206 = CARTESIAN_POINT ( 'NONE',  ( -3.153091373508096762, 7.772350214981549321, 4.853621293954879512 ) ) ;
#4207 = CARTESIAN_POINT ( 'NONE',  ( -1.974866646252331029E-16, 10.62520198905890290, 4.204513889852389497 ) ) ;
#4208 = CARTESIAN_POINT ( 'NONE',  ( -1.185709660924872511, 4.454711682281448759, 4.292890518628874830 ) ) ;
#4209 = CARTESIAN_POINT ( 'NONE',  ( -2.669999999999999485, 7.400000000000001243, 7.599999999999997868 ) ) ;
#4210 = CARTESIAN_POINT ( 'NONE',  ( -1.974866646252330782E-16, 10.62520198905890290, 5.086458334296833250 ) ) ;
#4211 = CARTESIAN_POINT ( 'NONE',  ( 2.793106854861110655, 9.012600994529453402, 5.674421297259797825 ) ) ;
#4212 = AXIS2_PLACEMENT_3D ( 'NONE', #1477, #2867, #1519 ) ;
#4213 = LINE ( 'NONE', #3864, #2823 ) ;
#4214 = DIRECTION ( 'NONE',  ( 0.000000000000000000, 6.570922257487904077E-16, 1.000000000000000000 ) ) ;
#4215 = DIRECTION ( 'NONE',  ( -0.000000000000000000, 1.000000000000000000, -0.000000000000000000 ) ) ;
#4216 = PRODUCT ( 'CONSMA002-SMD-G', 'CONSMA002-SMD-G', '', ( #4075 ) ) ;
#4217 = ORIENTED_EDGE ( 'NONE', *, *, #3265, .T. ) ;
#4218 = ORIENTED_EDGE ( 'NONE', *, *, #1234, .F. ) ;
#4219 = DIRECTION ( 'NONE',  ( 0.000000000000000000, -1.000000000000000000, 0.000000000000000000 ) ) ;
#4220 =( NAMED_UNIT ( * ) PLANE_ANGLE_UNIT ( ) SI_UNIT ( $, .RADIAN. ) );
#4221 = EDGE_CURVE ( 'NONE', #4317, #1444, #21, .T. ) ;
#4222 = ORIENTED_EDGE ( 'NONE', *, *, #660, .T. ) ;
#4223 = CARTESIAN_POINT ( 'NONE',  ( -3.500000000000000000, 1.300000000000006040, -7.600000000000002309 ) ) ;
#4224 = EDGE_CURVE ( 'NONE', #3570, #795, #3346, .T. ) ;
#4225 = ADVANCED_FACE ( 'NONE', ( #3856 ), #1803, .T. ) ;
#4226 = VECTOR ( 'NONE', #1600, 1000.000000000000000 ) ;
#4227 = CARTESIAN_POINT ( 'NONE',  ( -2.000000000000000000, 1.300000000000006040, -7.600000000000002309 ) ) ;
#4228 = CARTESIAN_POINT ( 'NONE',  ( 0.000000000000000000, -4.356854249492373654, -4.099999999999997868 ) ) ;
#4229 = CARTESIAN_POINT ( 'NONE',  ( 0.000000000000000000, 7.400000000000001243, 7.214213562373092969 ) ) ;
#4230 = EDGE_CURVE ( 'NONE', #3222, #3127, #2185, .T. ) ;
#4231 = ORIENTED_EDGE ( 'NONE', *, *, #1871, .F. ) ;
#4232 = CARTESIAN_POINT ( 'NONE',  ( 1.587500000000001465, 4.650369342984409293, 3.690046298223298216 ) ) ;
#4233 = AXIS2_PLACEMENT_3D ( 'NONE', #2149, #388, #3903 ) ;
#4234 = CARTESIAN_POINT ( 'NONE',  ( -1.043324522652606667, 4.400779547673694836, 4.298241045182350284 ) ) ;
#4235 = CARTESIAN_POINT ( 'NONE',  ( 0.000000000000000000, 6.505213034913026604E-16, 0.000000000000000000 ) ) ;
#4236 = CARTESIAN_POINT ( 'NONE',  ( 1.396553427430556660, 4.981098508205824338, 4.086921297259796582 ) ) ;
#4237 = CARTESIAN_POINT ( 'NONE',  ( -1.396553427430553329, 4.981098508205822561, 6.791550926889426520 ) ) ;
#4238 = ORIENTED_EDGE ( 'NONE', *, *, #3628, .T. ) ;
#4239 = ORIENTED_EDGE ( 'NONE', *, *, #2404, .F. ) ;
#4240 = CARTESIAN_POINT ( 'NONE',  ( -3.058824736665998412, 7.202212704181874869, 0.5849456932168753953 ) ) ;
#4241 = CARTESIAN_POINT ( 'NONE',  ( 0.5000000000000002220, 7.400000000000001243, 0.7999999999999977129 ) ) ;
#4242 = ORIENTED_EDGE ( 'NONE', *, *, #2171, .F. ) ;
#4243 = CARTESIAN_POINT ( 'NONE',  ( 3.063450130210796818, 7.400000000000001243, 0.9220115019957119129 ) ) ;
#4244 = VERTEX_POINT ( 'NONE', #1422 ) ;
#4245 = CARTESIAN_POINT ( 'NONE',  ( 3.093462629944114806, 8.142988726311768843, 3.833029676425456334 ) ) ;
#4246 = PRESENTATION_LAYER_ASSIGNMENT (  '', '', ( #2426 ) ) ;
#4247 = CYLINDRICAL_SURFACE ( 'NONE', #3826, 3.300000000000000711 ) ;
#4248 = AXIS2_PLACEMENT_3D ( 'NONE', #353, #3817, #2152 ) ;
#4249 = COLOUR_RGB ( '',1.000000000000000000, 1.000000000000000000, 1.000000000000000000 ) ;
#4250 = CARTESIAN_POINT ( 'NONE',  ( 3.174999999999835509, 7.400001021820472147, 5.924305590256699006 ) ) ;
#4251 = CARTESIAN_POINT ( 'NONE',  ( 3.097366618097384450, 7.263042655518042956, 0.9343204729148811838 ) ) ;
#4252 = VECTOR ( 'NONE', #361, 1000.000000000000000 ) ;
#4253 = CARTESIAN_POINT ( 'NONE',  ( -1.489633791320708722, 10.20388578059725937, 4.744755063293152553 ) ) ;
#4254 = ADVANCED_FACE ( 'NONE', ( #3557 ), #3878, .F. ) ;
#4255 = ORIENTED_EDGE ( 'NONE', *, *, #1222, .T. ) ;
#4256 = CARTESIAN_POINT ( 'NONE',  ( 6.734652765903158157E-16, 3.733825790645878051, 5.747916668593668454 ) ) ;
#4257 = CARTESIAN_POINT ( 'NONE',  ( -3.121065658793658937, 6.817268851328579515, 4.180104313914623226 ) ) ;
#4258 = CARTESIAN_POINT ( 'NONE',  ( 3.174999999999998934, 9.233087104677062840, 4.483796296296294948 ) ) ;
#4259 = CARTESIAN_POINT ( 'NONE',  ( -1.974866646252330782E-16, 10.62520198905890290, 3.675347223185722711 ) ) ;
#4260 = CARTESIAN_POINT ( 'NONE',  ( -2.793106854861110655, 7.400000000000001243, 4.557291667630168241 ) ) ;
#4261 = VERTEX_POINT ( 'NONE', #1491 ) ;
#4262 = CARTESIAN_POINT ( 'NONE',  ( 0.08366191339857043108, 10.56732182536748077, 3.283469780112618697 ) ) ;
#4263 = CARTESIAN_POINT ( 'NONE',  ( -3.174999999998819433, 7.400001854056975858, 5.483272909751758739 ) ) ;
#4264 = AXIS2_PLACEMENT_3D ( 'NONE', #3988, #865, #2249 ) ;
#4265 = ORIENTED_EDGE ( 'NONE', *, *, #34, .F. ) ;
#4266 = ORIENTED_EDGE ( 'NONE', *, *, #1569, .F. ) ;
#4267 = CARTESIAN_POINT ( 'NONE',  ( -3.093717676011613626, 7.604048792916554333, 0.8173815189678342863 ) ) ;
#4268 =( NAMED_UNIT ( * ) PLANE_ANGLE_UNIT ( ) SI_UNIT ( $, .RADIAN. ) );
#4269 = ORIENTED_EDGE ( 'NONE', *, *, #2933, .F. ) ;
#4270 = CARTESIAN_POINT ( 'NONE',  ( 2.161661796921663381, 9.725602616232931652, 3.900990683206694065 ) ) ;
#4271 = DIRECTION ( 'NONE',  ( 5.782411586589342848E-16, 0.000000000000000000, -1.000000000000000000 ) ) ;
#4272 = EDGE_CURVE ( 'NONE', #59, #974, #1735, .T. ) ;
#4273 = FACE_OUTER_BOUND ( 'NONE', #1451, .T. ) ;
#4274 = FACE_OUTER_BOUND ( 'NONE', #2979, .T. ) ;
#4275 = CARTESIAN_POINT ( 'NONE',  ( -3.159467901619106289, 7.713919999379506010, 4.855519216439780017 ) ) ;
#4276 = CARTESIAN_POINT ( 'NONE',  ( 3.175000000000001155, 5.566912895322941424, 5.865509261186261369 ) ) ;
#4277 = EDGE_CURVE ( 'NONE', #1171, #4512, #523, .T. ) ;
#4278 = SPHERICAL_SURFACE ( 'NONE', #3634, 0.2250000000000000611 ) ;
#4279 = FACE_OUTER_BOUND ( 'NONE', #4505, .T. ) ;
#4280 = CARTESIAN_POINT ( 'NONE',  ( 2.793106854861110655, 9.012600994529453402, 6.379976852815351762 ) ) ;
#4281 = CARTESIAN_POINT ( 'NONE',  ( -1.396553427430555550, 9.818901491794177261, 5.145254630593130152 ) ) ;
#4282 = ADVANCED_FACE ( 'NONE', ( #2965 ), #476, .T. ) ;
#4283 = LINE ( 'NONE', #2199, #3037 ) ;
#4284 = ADVANCED_FACE ( 'NONE', ( #2280 ), #3730, .T. ) ;
#4285 = CARTESIAN_POINT ( 'NONE',  ( 2.453508408917992600, 5.750946024236677445, 3.163419447868841328 ) ) ;
#4286 = CYLINDRICAL_SURFACE ( 'NONE', #140, 2.500000000000000444 ) ;
#4287 = CARTESIAN_POINT ( 'NONE',  ( 3.100016812574146741, 7.331763656145713348, 0.4378398976443270696 ) ) ;
#4288 = ORIENTED_EDGE ( 'NONE', *, *, #3542, .F. ) ;
#4289 = ORIENTED_EDGE ( 'NONE', *, *, #3470, .T. ) ;
#4290 = CARTESIAN_POINT ( 'NONE',  ( 0.9436927103389618487, 10.43151495125737860, 5.360177644817660791 ) ) ;
#4291 = DIRECTION ( 'NONE',  ( 1.000000000000000000, 0.000000000000000000, 0.000000000000000000 ) ) ;
#4292 = CARTESIAN_POINT ( 'NONE',  ( 2.102296634654048813, 9.779347341424893258, 3.903821252838278077 ) ) ;
#4293 = DIRECTION ( 'NONE',  ( -0.000000000000000000, -0.000000000000000000, 1.000000000000000000 ) ) ;
#4294 = B_SPLINE_CURVE_WITH_KNOTS ( 'NONE', 3,
 ( #2115, #732, #3124, #1684, #1074, #1661, #2757, #2418, #2053, #1414 ),
 .UNSPECIFIED., .F., .F.,
 ( 4, 2, 2, 2, 4 ),
 ( 4.915853170920543523E-07, 0.0001762563236540899800, 0.0003520210619910878777, 0.0005277858003280858296, 0.0007035505386650837273 ),
 .UNSPECIFIED. ) ;
#4295 = CARTESIAN_POINT ( 'NONE',  ( 0.000000000000000000, 0.05000000000000065503, -3.559999999999998721 ) ) ;
#4296 = DIRECTION ( 'NONE',  ( -1.000000000000000000, 0.000000000000000000, 0.000000000000000000 ) ) ;
#4297 = CARTESIAN_POINT ( 'NONE',  ( 1.686110369525656294, 10.09061568514638374, 4.627038558983915806 ) ) ;
#4298 = CARTESIAN_POINT ( 'NONE',  ( 3.175000000000001155, 5.566912895322941424, 4.454398150075149942 ) ) ;
#4299 = DIRECTION ( 'NONE',  ( 0.000000000000000000, -1.000000000000000000, -0.000000000000000000 ) ) ;
#4300 = CARTESIAN_POINT ( 'NONE',  ( 3.058851009263243714, 7.597342213284469459, 0.5845151100760719309 ) ) ;
#4301 = CARTESIAN_POINT ( 'NONE',  ( 5.924599938756993332E-16, 4.174798010941098703, 4.733680556519056282 ) ) ;
#4302 = CARTESIAN_POINT ( 'NONE',  ( 2.793106854861110211, 7.227030072389980297, 2.787096202502886033 ) ) ;
#4303 = VECTOR ( 'NONE', #3992, 1000.000000000000000 ) ;
#4304 = CARTESIAN_POINT ( 'NONE',  ( -3.174999999999999822, 7.400000000000001243, 9.859920353756539413 ) ) ;
#4305 = CARTESIAN_POINT ( 'NONE',  ( 1.880113142471500298, 9.875954267134575915, 3.249058193421045626 ) ) ;
#4306 = CARTESIAN_POINT ( 'NONE',  ( 0.000000000000000000, 7.400000000000001243, 2.999999999999999112 ) ) ;
#4307 = CARTESIAN_POINT ( 'NONE',  ( 3.063755375388406144, 7.516215493383464619, 0.5021253166187915618 ) ) ;
#4308 = PRESENTATION_LAYER_ASSIGNMENT (  '', '', ( #586 ) ) ;
#4309 = VERTEX_POINT ( 'NONE', #1981 ) ;
#4310 = ORIENTED_EDGE ( 'NONE', *, *, #2412, .F. ) ;
#4311 = EDGE_CURVE ( 'NONE', #726, #4108, #292, .T. ) ;
#4312 = CARTESIAN_POINT ( 'NONE',  ( 1.503139950990489915, 10.19735450122045961, 5.339518952991243239 ) ) ;
#4313 = CARTESIAN_POINT ( 'NONE',  ( 0.000000000000000000, 7.400000000000001243, 7.599999999999997868 ) ) ;
#4314 = CARTESIAN_POINT ( 'NONE',  ( -2.677586821902023573, 6.578563730339308080, 3.071075775793150164 ) ) ;
#4315 = CARTESIAN_POINT ( 'NONE',  ( 0.000000000000000000, 1.300000000000006040, -4.099999999999997868 ) ) ;
#4316 = CARTESIAN_POINT ( 'NONE',  ( 3.063786843838212537, 7.284317739801559277, 0.8983908596650386214 ) ) ;
#4317 = VERTEX_POINT ( 'NONE', #4456 ) ;
#4318 = CARTESIAN_POINT ( 'NONE',  ( -3.056639958538008184, 7.179218070285514841, 0.7004963022889989510 ) ) ;
#4319 = CARTESIAN_POINT ( 'NONE',  ( -3.174999999999999822, 9.233087104677062840, 4.807175927852928687 ) ) ;
#4320 = UNCERTAINTY_MEASURE_WITH_UNIT (LENGTH_MEASURE( 1.000000000000000082E-05 ), #1879, 'distance_accuracy_value', 'NONE');
#4321 = AXIS2_PLACEMENT_3D ( 'NONE', #1676, #4149, #3819 ) ;
#4322 = CARTESIAN_POINT ( 'NONE',  ( -3.500000000000000000, 0.000000000000000000, 0.000000000000000000 ) ) ;
#4323 = DIRECTION ( 'NONE',  ( 1.000000000000000000, 0.000000000000000000, 0.000000000000000000 ) ) ;
#4324 = CARTESIAN_POINT ( 'NONE',  ( 2.288316905746630603, 5.190054242625554259, 5.837156368135644868 ) ) ;
#4325 = EDGE_CURVE ( 'NONE', #3777, #587, #4375, .T. ) ;
#4326 = CARTESIAN_POINT ( 'NONE',  ( 2.793688081435957926, 6.337623372959878765, 3.176859286481448663 ) ) ;
#4327 = CARTESIAN_POINT ( 'NONE',  ( -3.088773611083596826, 7.136413954016833650, 0.6314348318101378199 ) ) ;
#4328 = FACE_OUTER_BOUND ( 'NONE', #146, .T. ) ;
#4329 = ORIENTED_EDGE ( 'NONE', *, *, #508, .F. ) ;
#4330 = ORIENTED_EDGE ( 'NONE', *, *, #2658, .F. ) ;
#4331 = CARTESIAN_POINT ( 'NONE',  ( 3.143822727733720068, 7.856938577976915639, 5.233833225572512404 ) ) ;
#4332 = CONICAL_SURFACE ( 'NONE', #4264, 3.400000000000001243, 1.047197551196603182 ) ;
#4333 = CARTESIAN_POINT ( 'NONE',  ( -3.500000000000000000, 10.80000000000000071, -4.099999999999997868 ) ) ;
#4334 = CARTESIAN_POINT ( 'NONE',  ( -3.500000000000000000, 10.27233507433394522, -7.600000000000052935 ) ) ;
#4335 = CARTESIAN_POINT ( 'NONE',  ( 2.793106854861110211, 9.012600994529453402, 5.674421297259796937 ) ) ;
#4336 = FACE_OUTER_BOUND ( 'NONE', #2155, .T. ) ;
#4337 = CARTESIAN_POINT ( 'NONE',  ( 1.379712152380256907, 10.26090798010674376, 4.638520260400873063 ) ) ;
#4338 = VECTOR ( 'NONE', #1548, 1000.000000000000000 ) ;
#4339 = EDGE_LOOP ( 'NONE', ( #1654, #1811 ) ) ;
#4340 = CARTESIAN_POINT ( 'NONE',  ( -3.126982642086508779, 7.960143317596111601, 4.141554628069610722 ) ) ;
#4341 = CARTESIAN_POINT ( 'NONE',  ( -2.793106854861110211, 5.787399005470547309, 5.850810186148685865 ) ) ;
#4342 = CARTESIAN_POINT ( 'NONE',  ( -3.095138359039187215, 6.688872390794680989, 4.184887078119537307 ) ) ;
#4343 = DIRECTION ( 'NONE',  ( -0.000000000000000000, 1.000000000000000000, -0.000000000000000000 ) ) ;
#4344 = CARTESIAN_POINT ( 'NONE',  ( 0.2252220933200045350, 4.232991638509300714, 5.756258204051671434 ) ) ;
#4345 = CONICAL_SURFACE ( 'NONE', #2157, 2.000000000000000000, 0.7853981633974503884 ) ;
#4346 = VERTEX_POINT ( 'NONE', #1617 ) ;
#4347 = CARTESIAN_POINT ( 'NONE',  ( -0.9396093891762539174, 4.733114533802335266, 3.089071462345208019 ) ) ;
#4348 = B_SPLINE_CURVE_WITH_KNOTS ( 'NONE', 3,
 ( #3827, #342, #3568, #1730, #319, #4454 ),
 .UNSPECIFIED., .F., .F.,
 ( 4, 2, 4 ),
 ( 0.0008210342066546084646, 0.001026674427049289367, 0.001232314647443970160 ),
 .UNSPECIFIED. ) ;
#4349 = DIRECTION ( 'NONE',  ( 0.000000000000000000, 0.000000000000000000, 1.000000000000000000 ) ) ;
#4350 = CARTESIAN_POINT ( 'NONE',  ( -3.091475067650750308, 7.634850636727839479, 0.5629382476825545156 ) ) ;
#4351 = CARTESIAN_POINT ( 'NONE',  ( 3.099987461265911293, 7.460608878649061637, 0.4725665819800241585 ) ) ;
#4352 = CARTESIAN_POINT ( 'NONE',  ( -3.099983001312448305, 7.469755490384870633, 0.9617651995453705416 ) ) ;
#4353 =( BOUNDED_SURFACE ( )  B_SPLINE_SURFACE ( 1, 2, ( 
 ( #4074, #946, #3724, #3386, #1307, #3749, #633, #1068, #809, #53, #4237, #3139, #2454, #3887, #1146, #3840, #2817, #765, #2541, #1476, #355, #1127, #2839, #2197, #2154, #2864, #725, #395, #3541, #4211, #375, #2176, #1088, #3931, #1745, #6, #1810, #1766, #4281, #1406, #1450, #1106, #744, #97, #2108, #3503, #2522, #27, #4260, #3201, #3522, #2500, #75, #3908, #2795, #418, #3863, #789, #3159, #4192, #3562, #1428, #2883, #2478, #440, #2132, #1784, #3181, #1829, #3223, #1497, #2903, #118, #1517, #2563, #461, #3586, #1852, #3245, #4302, #3956 ),
 ( #832, #1166, #4450, #2729, #1363, #1680, #707, #1052, #4427, #1657, #1027, #1633, #3049, #3467, #953, #1313, #3392, #2342, #3025, #4153, #2075, #2708, #267, #2365, #4128, #636, #1388, #3753, #3776, #1004, #4474, #4521, #2777, #3440, #3728, #2025, #1341, #3416, #2000, #4105, #2414, #1291, #973, #2389, #288, #2437, #2685, #340, #3070, #662, #3800, #611, #4499, #2049, #2753, #316, #1706, #685, #3098, #3369, #3824, #4079, #1728, #3120, #4175, #245, #2179, #4195, #3163, #2111, #1072, #358, #2869, #792, #33, #3506, #1091, #2843, #3866, #100, #2482 ) ),
 .UNSPECIFIED., .F., .F., .F. ) 
 B_SPLINE_SURFACE_WITH_KNOTS ( ( 2, 2 ),
 ( 3, 2, 2, 2, 2, 2, 2, 2, 2, 2, 2, 2, 2, 2, 2, 2, 2, 2, 2, 2, 2, 2, 2, 2, 2, 2, 2, 2, 2, 2, 2, 2, 2, 2, 2, 2, 2, 2, 2, 2, 3 ),
 ( 0.000000000000000000, 1.000000000000000000 ),
 ( 0.000000000000000000, 0.02380952380952380820, 0.04761904761904761640, 0.07142857142857142461, 0.09523809523809523281, 0.1190476190476190410, 0.1428571428571428492, 0.1666666666666666574, 0.1904761904761904656, 0.2142857142857142738, 0.2380952380952380820, 0.2619047619047619180, 0.2857142857142856984, 0.3095238095238095344, 0.3333333333333333148, 0.3571428571428571508, 0.3809523809523809312, 0.4047619047619047672, 0.4285714285714285476, 0.4523809523809523836, 0.4761904761904761640, 0.5000000000000000000, 0.5238095238095238360, 0.5476190476190476719, 0.5714285714285713969, 0.5952380952380952328, 0.6190476190476190688, 0.6428571428571429047, 0.6666666666666666297, 0.6904761904761904656, 0.7142857142857143016, 0.7380952380952381375, 0.7619047619047618625, 0.7857142857142856984, 0.8095238095238095344, 0.8333333333333333703, 0.8571428571428570953, 0.8809523809523809312, 0.9047619047619047672, 0.9285714285714286031, 0.9314722197793191549 ),
 .UNSPECIFIED. ) 
 GEOMETRIC_REPRESENTATION_ITEM ( )  RATIONAL_B_SPLINE_SURFACE ( (
 ( 1.000000000000000000, 0.8660254037844387076, 1.000000000000000000, 0.8660254037844387076, 1.000000000000000000, 0.8660254037844387076, 1.000000000000000000, 0.8660254037844387076, 1.000000000000000000, 0.8660254037844387076, 1.000000000000000000, 0.8660254037844387076, 1.000000000000000000, 0.8660254037844387076, 1.000000000000000000, 0.8660254037844387076, 1.000000000000000000, 0.8660254037844387076, 1.000000000000000000, 0.8660254037844387076, 1.000000000000000000, 0.8660254037844387076, 1.000000000000000000, 0.8660254037844387076, 1.000000000000000000, 0.8660254037844387076, 1.000000000000000000, 0.8660254037844387076, 1.000000000000000000, 0.8660254037844387076, 1.000000000000000000, 0.8660254037844387076, 1.000000000000000000, 0.8660254037844387076, 1.000000000000000000, 0.8660254037844387076, 1.000000000000000000, 0.8660254037844387076, 1.000000000000000000, 0.8660254037844387076, 1.000000000000000000, 0.8660254037844387076, 1.000000000000000000, 0.8660254037844387076, 1.000000000000000000, 0.8660254037844387076, 1.000000000000000000, 0.8660254037844387076, 1.000000000000000000, 0.8660254037844387076, 1.000000000000000000, 0.8660254037844387076, 1.000000000000000000, 0.8660254037844387076, 1.000000000000000000, 0.8660254037844387076, 1.000000000000000000, 0.8660254037844387076, 1.000000000000000000, 0.8660254037844387076, 1.000000000000000000, 0.8660254037844387076, 1.000000000000000000, 0.8660254037844387076, 1.000000000000000000, 0.8660254037844387076, 1.000000000000000000, 0.8660254037844387076, 1.000000000000000000, 0.8660254037844387076, 1.000000000000000000, 0.8660254037844387076, 1.000000000000000000, 0.8660254037844387076, 1.000000000000000000, 0.8660254037844387076, 1.000000000000000000, 0.8660254037844387076, 1.000000000000000000, 0.9836774421071228236, 0.9713321441380249333),
 ( 1.000000000000000000, 0.8660254037844387076, 1.000000000000000000, 0.8660254037844387076, 1.000000000000000000, 0.8660254037844387076, 1.000000000000000000, 0.8660254037844387076, 1.000000000000000000, 0.8660254037844387076, 1.000000000000000000, 0.8660254037844387076, 1.000000000000000000, 0.8660254037844387076, 1.000000000000000000, 0.8660254037844387076, 1.000000000000000000, 0.8660254037844387076, 1.000000000000000000, 0.8660254037844387076, 1.000000000000000000, 0.8660254037844387076, 1.000000000000000000, 0.8660254037844387076, 1.000000000000000000, 0.8660254037844387076, 1.000000000000000000, 0.8660254037844387076, 1.000000000000000000, 0.8660254037844387076, 1.000000000000000000, 0.8660254037844387076, 1.000000000000000000, 0.8660254037844387076, 1.000000000000000000, 0.8660254037844387076, 1.000000000000000000, 0.8660254037844387076, 1.000000000000000000, 0.8660254037844387076, 1.000000000000000000, 0.8660254037844387076, 1.000000000000000000, 0.8660254037844387076, 1.000000000000000000, 0.8660254037844387076, 1.000000000000000000, 0.8660254037844387076, 1.000000000000000000, 0.8660254037844387076, 1.000000000000000000, 0.8660254037844387076, 1.000000000000000000, 0.8660254037844387076, 1.000000000000000000, 0.8660254037844387076, 1.000000000000000000, 0.8660254037844387076, 1.000000000000000000, 0.8660254037844387076, 1.000000000000000000, 0.8660254037844387076, 1.000000000000000000, 0.8660254037844387076, 1.000000000000000000, 0.8660254037844387076, 1.000000000000000000, 0.8660254037844387076, 1.000000000000000000, 0.8660254037844387076, 1.000000000000000000, 0.8660254037844387076, 1.000000000000000000, 0.8660254037844387076, 1.000000000000000000, 0.8660254037844387076, 1.000000000000000000, 0.8660254037844387076, 1.000000000000000000, 0.9836774421071228236, 0.9713321441380249333) ) ) 
 REPRESENTATION_ITEM ( '' )  SURFACE ( )  );
#4354 = B_SPLINE_CURVE_WITH_KNOTS ( 'NONE', 3,
 ( #339, #399, #1812, #2436, #9, #1090 ),
 .UNSPECIFIED., .F., .F.,
 ( 4, 2, 4 ),
 ( 0.001232314647443970160, 0.001437496901371014850, 0.001642679155298059539 ),
 .UNSPECIFIED. ) ;
#4355 = EDGE_LOOP ( 'NONE', ( #1361, #1107, #2076, #3654 ) ) ;
#4356 = ORIENTED_EDGE ( 'NONE', *, *, #3161, .F. ) ;
#4357 = DIRECTION ( 'NONE',  ( 0.000000000000000000, 0.000000000000000000, 1.000000000000000000 ) ) ;
#4358 = CARTESIAN_POINT ( 'NONE',  ( 2.820832110401202186, 5.942275120963534718, 5.165434821076128280 ) ) ;
#4359 = EDGE_CURVE ( 'NONE', #3289, #4058, #215, .T. ) ;
#4360 = CARTESIAN_POINT ( 'NONE',  ( -2.793106854861110655, 7.400000000000001243, 3.146180556519056815 ) ) ;
#4361 = DIRECTION ( 'NONE',  ( 0.000000000000000000, -1.000000000000000000, 0.000000000000000000 ) ) ;
#4362 = EDGE_CURVE ( 'NONE', #2846, #608, #216, .T. ) ;
#4363 = CARTESIAN_POINT ( 'NONE',  ( 3.066046586092518567, 7.457475393254126672, 0.9225267014043985192 ) ) ;
#4364 = CARTESIAN_POINT ( 'NONE',  ( -3.036287122626508239, 8.328325223689223122, 4.128071768299085953 ) ) ;
#4365 = CARTESIAN_POINT ( 'NONE',  ( -2.793106854861110655, 7.400000000000001243, 5.792013889852388964 ) ) ;
#4366 = EDGE_CURVE ( 'NONE', #462, #2570, #321, .T. ) ;
#4367 = CARTESIAN_POINT ( 'NONE',  ( -0.9322098252732458068, 10.43558304705455342, 3.313019436423070729 ) ) ;
#4368 = CARTESIAN_POINT ( 'NONE',  ( 3.056629015538710803, 7.620910238719794449, 0.6419046289832632812 ) ) ;
#4369 = CARTESIAN_POINT ( 'NONE',  ( 2.630954684925635778, 5.621557272928755289, 5.857223934494478534 ) ) ;
#4370 = ORIENTED_EDGE ( 'NONE', *, *, #767, .T. ) ;
#4371 = CARTESIAN_POINT ( 'NONE',  ( 2.987585429988534269, 6.325206150048728659, 4.475249378773962228 ) ) ;
#4372 = CARTESIAN_POINT ( 'NONE',  ( -3.066046586092517678, 7.457475393254126672, 0.4774732985955999487 ) ) ;
#4373 = CYLINDRICAL_SURFACE ( 'NONE', #2028, 0.5000000000000004441 ) ;
#4374 = CARTESIAN_POINT ( 'NONE',  ( 3.500000000000000000, 6.505213034913026604E-16, -2.100000000000001865 ) ) ;
#4375 = CIRCLE ( 'NONE', #1962, 2.000000000000000000 ) ;
#4376 = ORIENTED_EDGE ( 'NONE', *, *, #4366, .F. ) ;
#4377 = VERTEX_POINT ( 'NONE', #250 ) ;
#4378 = CARTESIAN_POINT ( 'NONE',  ( 2.073702557006957381, 9.814679556756926715, 5.316593589033804079 ) ) ;
#4379 = SHAPE_REPRESENTATION ( 'CONSMA002-SMD-G', ( #3569, #1964 ), #1031 ) ;
#4380 = CARTESIAN_POINT ( 'NONE',  ( 2.852275747641919157, 6.005290759718434401, 5.168037904753140843 ) ) ;
#4381 = CARTESIAN_POINT ( 'NONE',  ( -1.396553427430553329, 4.981098508205822561, 5.380439815778315094 ) ) ;
#4382 = CARTESIAN_POINT ( 'NONE',  ( -1.303745905053397491, 4.504327966390068383, 3.582958723836466408 ) ) ;
#4383 = CARTESIAN_POINT ( 'NONE',  ( 3.091825234032614667, 7.172173732902529686, 0.7591990878758189121 ) ) ;
#4384 = AXIS2_PLACEMENT_3D ( 'NONE', #465, #4349, #2611 ) ;
#4385 = DIRECTION ( 'NONE',  ( -0.000000000000000000, -1.000000000000000000, -4.396451289603110513E-16 ) ) ;
#4386 = CARTESIAN_POINT ( 'NONE',  ( 3.150741817370243947, 7.008271777536450031, 2.383513865506719842 ) ) ;
#4387 = CARTESIAN_POINT ( 'NONE',  ( -1.792013055909659203, 10.02807201511672552, 3.344951146058968039 ) ) ;
#4388 = SURFACE_SIDE_STYLE ('',( #3379 ) ) ;
#4389 = CARTESIAN_POINT ( 'NONE',  ( 2.445053238998422529, 5.358226981239209152, 5.845409197455000871 ) ) ;
#4390 = EDGE_CURVE ( 'NONE', #2213, #2240, #4407, .T. ) ;
#4391 = CONICAL_SURFACE ( 'NONE', #450, 0.5399999999999988143, 0.7853981633974471688 ) ;
#4392 = VERTEX_POINT ( 'NONE', #2690 ) ;
#4393 = CARTESIAN_POINT ( 'NONE',  ( -0.4000000000000003553, 7.400000000000001243, 7.214213562373092969 ) ) ;
#4394 = DIRECTION ( 'NONE',  ( 1.000000000000000000, 0.000000000000000000, -0.000000000000000000 ) ) ;
#4395 = CIRCLE ( 'NONE', #683, 0.5000000000000004441 ) ;
#4396 = CARTESIAN_POINT ( 'NONE',  ( -2.793106854861110211, 5.787399005470547309, 6.556365741704241579 ) ) ;
#4397 = CARTESIAN_POINT ( 'NONE',  ( 3.500000000000000000, 6.505213034913026604E-16, -0.5999999999999969802 ) ) ;
#4398 = CARTESIAN_POINT ( 'NONE',  ( -3.088773899954287305, 7.663582658905231604, 0.7677778288392186345 ) ) ;
#4399 = DIRECTION ( 'NONE',  ( 1.000000000000000000, 0.000000000000000000, 0.000000000000000000 ) ) ;
#4400 = ORIENTED_EDGE ( 'NONE', *, *, #3646, .T. ) ;
#4401 = ORIENTED_EDGE ( 'NONE', *, *, #3470, .F. ) ;
#4402 = CARTESIAN_POINT ( 'NONE',  ( 6.734652765903158157E-16, 3.733825790645878051, 4.954166666666664831 ) ) ;
#4403 = ORIENTED_EDGE ( 'NONE', *, *, #1871, .T. ) ;
#4404 = CARTESIAN_POINT ( 'NONE',  ( 0.6192875083721557372, 4.285882341447176280, 5.065299041130485236 ) ) ;
#4405 = CARTESIAN_POINT ( 'NONE',  ( -2.793106854861110655, 7.400000000000001243, 5.262847223185723067 ) ) ;
#4406 = CARTESIAN_POINT ( 'NONE',  ( -0.8523798795476206225, 4.341198072586733403, 3.599574440107269790 ) ) ;
#4407 = LINE ( 'NONE', #641, #3933 ) ;
#4408 = VERTEX_POINT ( 'NONE', #1638 ) ;
#4409 = DIRECTION ( 'NONE',  ( -0.000000000000000000, -0.000000000000000000, -1.000000000000000000 ) ) ;
#4410 = AXIS2_PLACEMENT_3D ( 'NONE', #2699, #4049, #4097 ) ;
#4411 = B_SPLINE_CURVE_WITH_KNOTS ( 'NONE', 3,
 ( #4318, #936, #2645, #4042, #3691, #2624, #571, #154, #527, #1914 ),
 .UNSPECIFIED., .F., .F.,
 ( 4, 2, 2, 2, 4 ),
 ( 0.0007035505386650844862, 0.0008793117251537271297, 0.001055072911642369882, 0.001230834098131012525, 0.001406595284619655169 ),
 .UNSPECIFIED. ) ;
#4412 = CARTESIAN_POINT ( 'NONE',  ( 1.396553427430556660, 4.981098508205824338, 5.321643519482019080 ) ) ;
#4413 = CARTESIAN_POINT ( 'NONE',  ( 0.5850642465015649663, 10.80000000000000249, -7.600000000000002309 ) ) ;
#4414 = CARTESIAN_POINT ( 'NONE',  ( 0.000000000000000000, 7.400000000000001243, 9.859920353756539413 ) ) ;
#4415 = CARTESIAN_POINT ( 'NONE',  ( 0.8253456891059027800, 4.327181418218184028, 5.778288201524198087 ) ) ;
#4416 = VECTOR ( 'NONE', #49, 1000.000000000000000 ) ;
#4417 = ORIENTED_EDGE ( 'NONE', *, *, #4325, .F. ) ;
#4418 = EDGE_CURVE ( 'NONE', #2306, #3705, #3398, .T. ) ;
#4419 = CARTESIAN_POINT ( 'NONE',  ( 2.397148408884443693, 5.317875599306429280, 4.432041629624543511 ) ) ;
#4420 = CARTESIAN_POINT ( 'NONE',  ( -1.587500000000000355, 10.14963065701559408, 6.071296296296295303 ) ) ;
#4421 = CARTESIAN_POINT ( 'NONE',  ( 2.793106854861110655, 7.400000000000001243, 6.144791667630167709 ) ) ;
#4422 = FACE_OUTER_BOUND ( 'NONE', #2919, .T. ) ;
#4423 = EDGE_CURVE ( 'NONE', #883, #218, #1321, .T. ) ;
#4424 = ORIENTED_EDGE ( 'NONE', *, *, #1785, .T. ) ;
#4425 = ORIENTED_EDGE ( 'NONE', *, *, #1377, .T. ) ;
#4426 = CARTESIAN_POINT ( 'NONE',  ( 2.449293598294706414E-16, 2.300000000000006040, -2.099999999999997868 ) ) ;
#4427 = CARTESIAN_POINT ( 'NONE',  ( 1.587500000000001465, 4.650369342984409293, 7.129629629629627985 ) ) ;
#4428 = VERTEX_POINT ( 'NONE', #2031 ) ;
#4429 = CARTESIAN_POINT ( 'NONE',  ( 2.862908922583740523, 6.027107489369883275, 5.168933866547514633 ) ) ;
#4430 = CARTESIAN_POINT ( 'NONE',  ( -2.793106854861110655, 7.400000000000001243, 3.851736112074612084 ) ) ;
#4431 = CLOSED_SHELL ( 'NONE', ( #3099, #2186, #3082, #3209 ) ) ;
#4432 = CARTESIAN_POINT ( 'NONE',  ( 1.863307966594287546, 4.828396221971046565, 3.700860103674756818 ) ) ;
#4433 = EDGE_LOOP ( 'NONE', ( #181, #3389 ) ) ;
#4434 = CARTESIAN_POINT ( 'NONE',  ( 0.9922585458230167577, 10.41596727343021378, 3.947277460752641520 ) ) ;
#4435 = CARTESIAN_POINT ( 'NONE',  ( 2.793106854861110655, 9.012600994529453402, 6.203587963926462834 ) ) ;
#4436 = CARTESIAN_POINT ( 'NONE',  ( -3.102472208071532123, 8.107480375021927088, 6.252910884703645422 ) ) ;
#4437 =( NAMED_UNIT ( * ) SI_UNIT ( $, .STERADIAN. ) SOLID_ANGLE_UNIT ( ) );
#4438 = CARTESIAN_POINT ( 'NONE',  ( -2.038419068306298154, 4.965252364902341675, 5.670758628548034253 ) ) ;
#4439 = ORIENTED_EDGE ( 'NONE', *, *, #1623, .F. ) ;
#4440 = DIRECTION ( 'NONE',  ( 0.000000000000000000, -1.000000000000000000, 0.000000000000000000 ) ) ;
#4441 = CARTESIAN_POINT ( 'NONE',  ( 0.000000000000000000, 7.400000000000001243, 7.214213562373092969 ) ) ;
#4442 = CARTESIAN_POINT ( 'NONE',  ( -1.974866646252330782E-16, 10.62520198905890290, 5.615625000963500923 ) ) ;
#4443 = CARTESIAN_POINT ( 'NONE',  ( -2.943569443192302959, 8.591036731590600439, 5.529042323063005249 ) ) ;
#4444 = CARTESIAN_POINT ( 'NONE',  ( 2.973018148554091855, 7.400000000000082956, 6.425052390362954391 ) ) ;
#4445 = MANIFOLD_SOLID_BREP ( 'Chamfer3', #3841 ) ;
#4446 = ORIENTED_EDGE ( 'NONE', *, *, #279, .F. ) ;
#4447 = ORIENTED_EDGE ( 'NONE', *, *, #2606, .T. ) ;
#4448 = CIRCLE ( 'NONE', #4078, 0.5000000000000004441 ) ;
#4449 = CARTESIAN_POINT ( 'NONE',  ( -1.587499999999997691, 4.650369342984407517, 4.895370370370369706 ) ) ;
#4450 = CARTESIAN_POINT ( 'NONE',  ( -1.587500000000000355, 10.14963065701559408, 7.482407407407405842 ) ) ;
#4451 = EDGE_CURVE ( 'NONE', #2164, #2001, #3499, .T. ) ;
#4452 = ORIENTED_EDGE ( 'NONE', *, *, #2827, .T. ) ;
#4453 = CARTESIAN_POINT ( 'NONE',  ( -3.005711006877706648, 6.376394723295718769, 4.901885129855459766 ) ) ;
#4454 = CARTESIAN_POINT ( 'NONE',  ( -3.099999999999999645, 7.400000000000042100, 0.4380362620514043903 ) ) ;
#4455 = CARTESIAN_POINT ( 'NONE',  ( 1.107908830402786871, 4.422166699023244441, 3.672348451174638484 ) ) ;
#4456 = CARTESIAN_POINT ( 'NONE',  ( 3.500000000000000000, 6.505213034913026604E-16, -6.100000000000000533 ) ) ;
#4457 = ORIENTED_EDGE ( 'NONE', *, *, #566, .T. ) ;
#4458 = CARTESIAN_POINT ( 'NONE',  ( -2.650223067158945067, 9.148444375261984618, 4.094616163708924006 ) ) ;
#4459 = DIRECTION ( 'NONE',  ( 1.000000000000000000, 0.000000000000000000, 0.000000000000000000 ) ) ;
#4460 = FACE_OUTER_BOUND ( 'NONE', #3666, .T. ) ;
#4461 = MANIFOLD_SOLID_BREP ( 'Cut-Extrude3[2]', #1800 ) ;
#4462 = DIRECTION ( 'NONE',  ( -0.000000000000000000, -0.000000000000000000, 1.000000000000000000 ) ) ;
#4463 = PLANE ( 'NONE',  #3707 ) ;
#4464 = ORIENTED_EDGE ( 'NONE', *, *, #2466, .F. ) ;
#4465 = CARTESIAN_POINT ( 'NONE',  ( 3.174999999999999822, 7.400000000000040323, 3.719444444445608511 ) ) ;
#4466 = FACE_OUTER_BOUND ( 'NONE', #838, .T. ) ;
#4467 = CARTESIAN_POINT ( 'NONE',  ( 2.793106854861111543, 5.787399005470550861, 4.674884260222760268 ) ) ;
#4468 = DIRECTION ( 'NONE',  ( 0.000000000000000000, 0.000000000000000000, -1.000000000000000000 ) ) ;
#4469 = CARTESIAN_POINT ( 'NONE',  ( -3.174999999999998934, 5.566912895322937871, 4.131018518518516203 ) ) ;
#4470 = AXIS2_PLACEMENT_3D ( 'NONE', #4315, #3556, #475 ) ;
#4471 = ADVANCED_FACE ( 'NONE', ( #2081 ), #3859, .T. ) ;
#4472 = ORIENTED_EDGE ( 'NONE', *, *, #4359, .F. ) ;
#4473 = DIRECTION ( 'NONE',  ( 0.000000000000000000, -1.000000000000000000, 0.000000000000000000 ) ) ;
#4474 = CARTESIAN_POINT ( 'NONE',  ( 3.174999999999999822, 7.400000000000001243, 5.836111111111109473 ) ) ;
#4475 = CIRCLE ( 'NONE', #895, 0.04000000000000029227 ) ;
#4476 = CARTESIAN_POINT ( 'NONE',  ( -3.174999999997925038, 7.400002524908216195, 4.865890772129384700 ) ) ;
#4477 = EDGE_CURVE ( 'NONE', #2340, #609, #1309, .T. ) ;
#4478 = CARTESIAN_POINT ( 'NONE',  ( 2.927451395765972020, 10.41968951581031178, -0.6000000000000006439 ) ) ;
#4479 = CARTESIAN_POINT ( 'NONE',  ( 2.843185244429897285, 5.986739076619779887, 3.756164847155122555 ) ) ;
#4480 = EDGE_CURVE ( 'NONE', #4082, #2571, #2254, .T. ) ;
#4481 = ORIENTED_EDGE ( 'NONE', *, *, #2990, .F. ) ;
#4482 = CARTESIAN_POINT ( 'NONE',  ( 1.349582358485891920, 10.27567700745819756, 3.934057663909663827 ) ) ;
#4483 = ADVANCED_FACE ( 'NONE', ( #2804, #3168 ), #4201, .T. ) ;
#4484 = CARTESIAN_POINT ( 'NONE',  ( -2.793106854861110211, 5.787399005470547309, 3.734143519482019169 ) ) ;
#4485 = CARTESIAN_POINT ( 'NONE',  ( -1.201282192367717272, 10.34044405746718631, 6.145294429164821715 ) ) ;
#4486 = CARTESIAN_POINT ( 'NONE',  ( -2.793106854861111099, 7.700914549330732939, 6.528924224206849480 ) ) ;
#4487 = CARTESIAN_POINT ( 'NONE',  ( -3.500000000000000000, 10.27233507433394522, -7.600000000000052935 ) ) ;
#4488 = AXIS2_PLACEMENT_3D ( 'NONE', #779, #108, #1155 ) ;
#4489 = VERTEX_POINT ( 'NONE', #2530 ) ;
#4490 = CARTESIAN_POINT ( 'NONE',  ( 3.174999999999998934, 9.233087104677062840, 6.688657409334409110 ) ) ;
#4491 = CARTESIAN_POINT ( 'NONE',  ( -1.875061345346712649, 4.837784034669186717, 4.266700918401831188 ) ) ;
#4492 = CARTESIAN_POINT ( 'NONE',  ( 3.500000000000000000, 3.800000000000002043, -7.600000000000002309 ) ) ;
#4493 = CARTESIAN_POINT ( 'NONE',  ( -1.396553427430555550, 9.818901491794177261, 5.674421297259796937 ) ) ;
#4494 = PLANE ( 'NONE',  #1807 ) ;
#4495 = CYLINDRICAL_SURFACE ( 'NONE', #1483, 0.5000000000000002220 ) ;
#4496 = MANIFOLD_SOLID_BREP ( 'Boss-Extrude8', #3405 ) ;
#4497 = ORIENTED_EDGE ( 'NONE', *, *, #3107, .T. ) ;
#4498 = DIRECTION ( 'NONE',  ( 1.000000000000000000, -0.000000000000000000, 2.891205793294677833E-15 ) ) ;
#4499 = CARTESIAN_POINT ( 'NONE',  ( 1.587499999999999245, 10.14963065701559408, 4.542592592592590961 ) ) ;
#4500 = CARTESIAN_POINT ( 'NONE',  ( -2.977589020561132394, 6.297777482200574539, 4.905039141530880720 ) ) ;
#4501 = CARTESIAN_POINT ( 'NONE',  ( 3.097333786796879540, 7.537492666534125085, 0.4662315848284275255 ) ) ;
#4502 = CARTESIAN_POINT ( 'NONE',  ( -2.353874700224745098, 5.252849108995689242, 3.538807363261409211 ) ) ;
#4503 = CARTESIAN_POINT ( 'NONE',  ( 3.500000000000000000, 6.505213034913026604E-16, -2.100000000000001865 ) ) ;
#4504 = EDGE_CURVE ( 'NONE', #1017, #4034, #2623, .T. ) ;
#4505 = EDGE_LOOP ( 'NONE', ( #584, #3917, #2315, #1853 ) ) ;
#4506 = CARTESIAN_POINT ( 'NONE',  ( 0.9886431382835787485, 10.41715313402120735, 3.947411472065596172 ) ) ;
#4507 = CARTESIAN_POINT ( 'NONE',  ( 1.396553427430554661, 9.818901491794177261, 3.440162038000537770 ) ) ;
#4508 = CARTESIAN_POINT ( 'NONE',  ( -1.715591994061601566, 10.07490928841885669, 6.164210281135546587 ) ) ;
#4509 = CARTESIAN_POINT ( 'NONE',  ( -2.754657564543867121, 6.865133718217874659, 6.528924224206847704 ) ) ;
#4510 = CARTESIAN_POINT ( 'NONE',  ( -3.500000000000000444, 10.55329096034101966, -6.440160642220665643 ) ) ;
#4511 = ADVANCED_FACE ( 'NONE', ( #1076 ), #2163, .T. ) ;
#4512 = VERTEX_POINT ( 'NONE', #406 ) ;
#4513 = CARTESIAN_POINT ( 'NONE',  ( 5.924599938756992346E-16, 4.174798010941098703, 3.146180556519055926 ) ) ;
#4514 = CARTESIAN_POINT ( 'NONE',  ( -2.411693065174251860, 5.334600446779283800, 4.240799904962869071 ) ) ;
#4515 = DIRECTION ( 'NONE',  ( -1.000000000000000000, 0.000000000000000000, -8.673617379884036458E-16 ) ) ;
#4516 = CARTESIAN_POINT ( 'NONE',  ( 1.396553427430554661, 9.818901491794177261, 4.145717593556093483 ) ) ;
#4517 = CARTESIAN_POINT ( 'NONE',  ( -1.437816425722422853, 10.23080309664067400, 5.448394686327009850 ) ) ;
#4518 = CARTESIAN_POINT ( 'NONE',  ( -2.000000000000000444, 6.505213034913026604E-16, -7.600000000000001421 ) ) ;
#4519 = VERTEX_POINT ( 'NONE', #61 ) ;
#4520 = LINE ( 'NONE', #2136, #766 ) ;
#4521 = CARTESIAN_POINT ( 'NONE',  ( 3.175000000000001155, 5.566912895322941424, 5.777314814814813460 ) ) ;
#4522 = ORIENTED_EDGE ( 'NONE', *, *, #1895, .T. ) ;
#4523 = CARTESIAN_POINT ( 'NONE',  ( -1.593008148394380763, 4.653550702579118514, 4.983360772675785810 ) ) ;
#4524 = CARTESIAN_POINT ( 'NONE',  ( 3.500000000000000000, 10.27233507433390436, -0.6000000000000006439 ) ) ;
#4525 = CARTESIAN_POINT ( 'NONE',  ( -1.976723548921007767, 4.915405268065081934, 3.556759458781076688 ) ) ;
#4526 = VERTEX_POINT ( 'NONE', #1460 ) ;
#4527 = AXIS2_PLACEMENT_3D ( 'NONE', #783, #368, #2833 ) ;
#4528 = CARTESIAN_POINT ( 'NONE',  ( 0.1172048285316212857, 10.57571945408811054, 3.979801757554102704 ) ) ;
#4529 = CARTESIAN_POINT ( 'NONE',  ( 1.730072211639880342, 10.06224442219023629, 6.036454530856750544 ) ) ;
#4530 = CARTESIAN_POINT ( 'NONE',  ( -2.496345654910561596, 5.436512620115462546, 5.647074544702705090 ) ) ;
#4531 = NEXT_ASSEMBLY_USAGE_OCCURRENCE ( 'NAUO1', ' ', ' ', #1930, #2743, $ ) ;
ENDSEC;
END-ISO-10303-21;
