ISO-10303-21;
HEADER;
FILE_DESCRIPTION (( 'STEP AP214' ),
    '1' );
FILE_NAME ('TLP185(E).STEP',
    '2023-12-15T08:47:15',
    ( '' ),
    ( '' ),
    'SwSTEP 2.0',
    'SolidWorks 2021',
    '' );
FILE_SCHEMA (( 'AUTOMOTIVE_DESIGN' ));
ENDSEC;

DATA;
#1 = ORIENTED_EDGE ( 'NONE', *, *, #1105, .T. ) ;
#2 = PRESENTATION_LAYER_ASSIGNMENT (  '', '', ( #1186 ) ) ;
#3 = LINE ( 'NONE', #335, #1674 ) ;
#4 =( LENGTH_UNIT ( ) NAMED_UNIT ( * ) SI_UNIT ( .MILLI., .METRE. ) );
#5 = ORIENTED_EDGE ( 'NONE', *, *, #1861, .F. ) ;
#6 = LINE ( 'NONE', #1870, #1268 ) ;
#7 = CARTESIAN_POINT ( 'NONE',  ( -2.830870421587673214, 1.129999999999996563, 1.070000000000000506 ) ) ;
#8 = ADVANCED_FACE ( 'NONE', ( #495 ), #194, .F. ) ;
#9 = LINE ( 'NONE', #867, #753 ) ;
#10 = PLANE ( 'NONE',  #1753 ) ;
#11 = ORIENTED_EDGE ( 'NONE', *, *, #1562, .F. ) ;
#12 = EDGE_CURVE ( 'NONE', #1473, #1250, #710, .T. ) ;
#13 = VERTEX_POINT ( 'NONE', #366 ) ;
#14 = CARTESIAN_POINT ( 'NONE',  ( -2.590782551352431184, 1.200000000000000622, 1.470000000000000417 ) ) ;
#15 = CARTESIAN_POINT ( 'NONE',  ( 0.000000000000000000, 0.000000000000000000, 0.000000000000000000 ) ) ;
#16 = DIRECTION ( 'NONE',  ( -0.000000000000000000, -0.000000000000000000, -1.000000000000000000 ) ) ;
#17 = CARTESIAN_POINT ( 'NONE',  ( 2.256582315864564592, 1.350000000000000089, 1.470000000000000417 ) ) ;
#18 = VECTOR ( 'NONE', #792, 1000.000000000000000 ) ;
#19 = CARTESIAN_POINT ( 'NONE',  ( 2.590782551352431184, 1.108995033104331451, 1.470000000000000417 ) ) ;
#20 = DIRECTION ( 'NONE',  ( -0.000000000000000000, -0.000000000000000000, -1.000000000000000000 ) ) ;
#21 = ADVANCED_FACE ( 'NONE', ( #1179 ), #1191, .F. ) ;
#22 = ORIENTED_EDGE ( 'NONE', *, *, #2000, .T. ) ;
#23 = AXIS2_PLACEMENT_3D ( 'NONE', #2031, #814, #1362 ) ;
#24 = EDGE_LOOP ( 'NONE', ( #1965, #1395, #1339, #272 ) ) ;
#25 = AXIS2_PLACEMENT_3D ( 'NONE', #781, #930, #1610 ) ;
#26 = VECTOR ( 'NONE', #561, 1000.000000000000114 ) ;
#27 = AXIS2_PLACEMENT_3D ( 'NONE', #1116, #1809, #2181 ) ;
#28 = CARTESIAN_POINT ( 'NONE',  ( 2.590782551352431184, 1.350000000000000533, -1.069999999999999840 ) ) ;
#29 = ADVANCED_FACE ( 'NONE', ( #851 ), #1543, .F. ) ;
#30 = AXIS2_PLACEMENT_3D ( 'NONE', #433, #1778, #1817 ) ;
#31 = CARTESIAN_POINT ( 'NONE',  ( -2.590782551352431184, 1.108995033104331451, 1.470000000000000417 ) ) ;
#32 = CARTESIAN_POINT ( 'NONE',  ( 2.999999999999997335, 0.2410049668956616986, 1.470000000000000417 ) ) ;
#33 = EDGE_LOOP ( 'NONE', ( #1793, #1441, #298, #99 ) ) ;
#34 = CARTESIAN_POINT ( 'NONE',  ( 0.000000000000000000, 2.299999999999998934, 0.000000000000000000 ) ) ;
#35 = PLANE ( 'NONE',  #1862 ) ;
#36 = ORIENTED_EDGE ( 'NONE', *, *, #857, .F. ) ;
#37 = CARTESIAN_POINT ( 'NONE',  ( 2.830870421587673214, 1.129999999999996563, 1.470000000000000417 ) ) ;
#38 = EDGE_CURVE ( 'NONE', #1857, #195, #2229, .T. ) ;
#39 = CARTESIAN_POINT ( 'NONE',  ( -2.274999999999999467, 1.199999999999999956, -1.849999999999999867 ) ) ;
#40 = ADVANCED_FACE ( 'NONE', ( #247 ), #766, .F. ) ;
#41 = CARTESIAN_POINT ( 'NONE',  ( -2.590782551352431184, 1.108995033104331451, 1.070000000000000506 ) ) ;
#42 = CARTESIAN_POINT ( 'NONE',  ( -2.590782551352431184, 1.350000000000000533, -1.069999999999999840 ) ) ;
#43 = CARTESIAN_POINT ( 'NONE',  ( 2.256582315864564592, 1.350000000000000089, 1.470000000000000417 ) ) ;
#44 = CARTESIAN_POINT ( 'NONE',  ( 2.256582315864564592, 1.350000000000000089, 1.470000000000000417 ) ) ;
#45 = CARTESIAN_POINT ( 'NONE',  ( -2.590782551352431184, 1.200000000000000622, -1.069999999999999840 ) ) ;
#46 = ORIENTED_EDGE ( 'NONE', *, *, #476, .F. ) ;
#47 = EDGE_LOOP ( 'NONE', ( #1798, #1050, #1863, #1664 ) ) ;
#48 = CARTESIAN_POINT ( 'NONE',  ( -2.590782551352431184, 1.108995033104331451, -1.069999999999999840 ) ) ;
#49 = EDGE_CURVE ( 'NONE', #286, #1504, #1874, .T. ) ;
#50 = FACE_OUTER_BOUND ( 'NONE', #2182, .T. ) ;
#51 = DIRECTION ( 'NONE',  ( 0.000000000000000000, -0.000000000000000000, -1.000000000000000000 ) ) ;
#52 = CYLINDRICAL_SURFACE ( 'NONE', #1845, 0.09100496689566900388 ) ;
#53 = CARTESIAN_POINT ( 'NONE',  ( 2.830870421587672769, 1.129999999999996563, -1.069999999999999840 ) ) ;
#54 = LINE ( 'NONE', #1415, #1180 ) ;
#55 = AXIS2_PLACEMENT_3D ( 'NONE', #1726, #188, #2222 ) ;
#56 = VERTEX_POINT ( 'NONE', #223 ) ;
#57 = DIRECTION ( 'NONE',  ( -1.000000000000000000, -6.776263578034425590E-15, 0.000000000000000000 ) ) ;
#58 = CIRCLE ( 'NONE', #1825, 0.2410049668956685265 ) ;
#59 = AXIS2_PLACEMENT_3D ( 'NONE', #1937, #761, #1737 ) ;
#60 = CARTESIAN_POINT ( 'NONE',  ( 2.274999999999999467, 1.199999999999999956, -1.850000000000000755 ) ) ;
#61 = CYLINDRICAL_SURFACE ( 'NONE', #1678, 0.09100496689566682507 ) ;
#62 = EDGE_CURVE ( 'NONE', #1556, #1473, #731, .T. ) ;
#63 = CARTESIAN_POINT ( 'NONE',  ( 2.256582315864564592, 1.350000000000000089, -1.069999999999999840 ) ) ;
#64 = DIRECTION ( 'NONE',  ( -0.08715574274765160168, 0.9961946980917461003, 0.000000000000000000 ) ) ;
#65 = EDGE_CURVE ( 'NONE', #1725, #663, #252, .T. ) ;
#66 = DIRECTION ( 'NONE',  ( -1.000000000000000000, 0.000000000000000000, 0.000000000000000000 ) ) ;
#67 = VERTEX_POINT ( 'NONE', #395 ) ;
#68 = CARTESIAN_POINT ( 'NONE',  ( -3.500000000000000000, 0.1499999999999999667, -1.069999999999999840 ) ) ;
#69 = FILL_AREA_STYLE ('',( #1293 ) ) ;
#70 = LINE ( 'NONE', #1229, #209 ) ;
#71 = ORIENTED_EDGE ( 'NONE', *, *, #514, .T. ) ;
#72 = CARTESIAN_POINT ( 'NONE',  ( 2.830870421587672769, 1.129999999999996563, -1.069999999999999840 ) ) ;
#73 = DIRECTION ( 'NONE',  ( 0.000000000000000000, -0.000000000000000000, -1.000000000000000000 ) ) ;
#74 =( GEOMETRIC_REPRESENTATION_CONTEXT ( 3 ) GLOBAL_UNCERTAINTY_ASSIGNED_CONTEXT ( ( #639 ) ) GLOBAL_UNIT_ASSIGNED_CONTEXT ( ( #1357, #858, #329 ) ) REPRESENTATION_CONTEXT ( 'NONE', 'WORKASPACE' ) );
#75 = CARTESIAN_POINT ( 'NONE',  ( 2.590782551352431184, 1.350000000000000533, 1.470000000000000417 ) ) ;
#76 = ORIENTED_EDGE ( 'NONE', *, *, #1669, .F. ) ;
#77 = CARTESIAN_POINT ( 'NONE',  ( 2.139936983006805349, 2.299999999999998934, 1.714936983006805304 ) ) ;
#78 = ORIENTED_EDGE ( 'NONE', *, *, #794, .F. ) ;
#79 = CARTESIAN_POINT ( 'NONE',  ( -3.000000000000002665, -3.408594712664475502E-15, -1.469999999999999751 ) ) ;
#80 = DIRECTION ( 'NONE',  ( 1.000000000000000000, 0.000000000000000000, 0.000000000000000000 ) ) ;
#81 = VERTEX_POINT ( 'NONE', #1439 ) ;
#82 = FACE_OUTER_BOUND ( 'NONE', #475, .T. ) ;
#83 = SURFACE_STYLE_USAGE ( .BOTH. , #1506 ) ;
#84 = SURFACE_STYLE_FILL_AREA ( #1495 ) ;
#85 = EDGE_CURVE ( 'NONE', #1151, #2145, #54, .T. ) ;
#86 = ORIENTED_EDGE ( 'NONE', *, *, #1018, .T. ) ;
#87 = DIRECTION ( 'NONE',  ( 1.000000000000000000, 0.000000000000000000, 0.000000000000000000 ) ) ;
#88 = ORIENTED_EDGE ( 'NONE', *, *, #1063, .T. ) ;
#89 = SURFACE_SIDE_STYLE ('',( #105 ) ) ;
#90 = EDGE_CURVE ( 'NONE', #1974, #164, #2129, .T. ) ;
#91 = PLANE ( 'NONE',  #27 ) ;
#92 = ORIENTED_EDGE ( 'NONE', *, *, #1956, .T. ) ;
#93 = VECTOR ( 'NONE', #1308, 1000.000000000000000 ) ;
#94 = AXIS2_PLACEMENT_3D ( 'NONE', #1557, #1589, #734 ) ;
#96 = ORIENTED_EDGE ( 'NONE', *, *, #1020, .T. ) ;
#95 = AXIS2_PLACEMENT_3D ( 'NONE', #1266, #1236, #1079 ) ;
#97 = CARTESIAN_POINT ( 'NONE',  ( 2.681441216873911237, 1.116926638587848908, -1.069999999999999840 ) ) ;
#98 =( NAMED_UNIT ( * ) SI_UNIT ( $, .STERADIAN. ) SOLID_ANGLE_UNIT ( ) );
#99 = ORIENTED_EDGE ( 'NONE', *, *, #1309, .T. ) ;
#100 = CYLINDRICAL_SURFACE ( 'NONE', #573, 0.09100496689566900388 ) ;
#101 = ORIENTED_EDGE ( 'NONE', *, *, #1359, .T. ) ;
#102 = PLANE ( 'NONE',  #2052 ) ;
#103 = ORIENTED_EDGE ( 'NONE', *, *, #643, .T. ) ;
#104 = ADVANCED_FACE ( 'NONE', ( #742 ), #233, .F. ) ;
#105 = SURFACE_STYLE_FILL_AREA ( #69 ) ;
#106 = DIRECTION ( 'NONE',  ( -1.000000000000000000, 0.000000000000000000, 0.000000000000000000 ) ) ;
#107 = VERTEX_POINT ( 'NONE', #1955 ) ;
#108 = ORIENTED_EDGE ( 'NONE', *, *, #778, .F. ) ;
#109 = CARTESIAN_POINT ( 'NONE',  ( 2.256582315864564592, 1.350000000000000089, 1.070000000000000506 ) ) ;
#110 = CARTESIAN_POINT ( 'NONE',  ( -2.590782551352431184, 1.108995033104331451, -1.069999999999999840 ) ) ;
#111 = FACE_OUTER_BOUND ( 'NONE', #1446, .T. ) ;
#112 = ORIENTED_EDGE ( 'NONE', *, *, #550, .T. ) ;
#113 = VERTEX_POINT ( 'NONE', #1765 ) ;
#114 = EDGE_LOOP ( 'NONE', ( #1107, #807, #636, #101 ) ) ;
#115 = PRESENTATION_STYLE_ASSIGNMENT (( #1834 ) ) ;
#116 = DIRECTION ( 'NONE',  ( -0.08715574274765112983, 0.9961946980917461003, 0.000000000000000000 ) ) ;
#117 = EDGE_CURVE ( 'NONE', #267, #603, #1325, .T. ) ;
#118 = ORIENTED_EDGE ( 'NONE', *, *, #1497, .T. ) ;
#119 = VECTOR ( 'NONE', #940, 1000.000000000000000 ) ;
#120 = VERTEX_POINT ( 'NONE', #384 ) ;
#121 = CARTESIAN_POINT ( 'NONE',  ( -2.830870421587672769, 1.129999999999996563, 1.070000000000000506 ) ) ;
#122 = SURFACE_SIDE_STYLE ('',( #1813 ) ) ;
#123 = CARTESIAN_POINT ( 'NONE',  ( -2.590782551352431184, 1.108995033104331451, -1.069999999999999840 ) ) ;
#124 = ORIENTED_EDGE ( 'NONE', *, *, #1286, .F. ) ;
#125 = ORIENTED_EDGE ( 'NONE', *, *, #808, .F. ) ;
#126 = CARTESIAN_POINT ( 'NONE',  ( 3.000000000000002665, -3.408594712664475502E-15, 1.070000000000000506 ) ) ;
#127 = CARTESIAN_POINT ( 'NONE',  ( 2.830870421587672769, 1.129999999999996563, -1.469999999999999751 ) ) ;
#128 = AXIS2_PLACEMENT_3D ( 'NONE', #1601, #1935, #563 ) ;
#129 = ORIENTED_EDGE ( 'NONE', *, *, #2043, .T. ) ;
#130 = LINE ( 'NONE', #121, #1333 ) ;
#131 = VECTOR ( 'NONE', #739, 1000.000000000000000 ) ;
#132 = DIRECTION ( 'NONE',  ( 0.000000000000000000, -0.000000000000000000, -1.000000000000000000 ) ) ;
#133 = AXIS2_PLACEMENT_3D ( 'NONE', #1103, #1631, #1796 ) ;
#134 = AXIS2_PLACEMENT_3D ( 'NONE', #1481, #1139, #2151 ) ;
#135 = EDGE_CURVE ( 'NONE', #1514, #1742, #906, .T. ) ;
#136 = LINE ( 'NONE', #1989, #1224 ) ;
#137 = VECTOR ( 'NONE', #895, 1000.000000000000000 ) ;
#138 = VERTEX_POINT ( 'NONE', #589 ) ;
#139 = LINE ( 'NONE', #1372, #1900 ) ;
#140 = PRESENTATION_STYLE_ASSIGNMENT (( #1363 ) ) ;
#141 = ORIENTED_EDGE ( 'NONE', *, *, #1700, .T. ) ;
#142 = DIRECTION ( 'NONE',  ( 0.000000000000000000, -0.000000000000000000, -1.000000000000000000 ) ) ;
#143 = LINE ( 'NONE', #1683, #1062 ) ;
#144 = VECTOR ( 'NONE', #1396, 1000.000000000000000 ) ;
#145 = CARTESIAN_POINT ( 'NONE',  ( -2.274999999999999467, 1.199999999999999956, -1.069999999999999840 ) ) ;
#146 = CARTESIAN_POINT ( 'NONE',  ( -2.909341334478517727, 0.2330733614121440200, -1.469999999999999751 ) ) ;
#147 = ADVANCED_FACE ( 'NONE', ( #406 ), #580, .F. ) ;
#148 = ORIENTED_EDGE ( 'NONE', *, *, #372, .T. ) ;
#149 = ORIENTED_EDGE ( 'NONE', *, *, #1844, .F. ) ;
#150 = DIRECTION ( 'NONE',  ( 1.000000000000000000, 0.000000000000000000, 0.000000000000000000 ) ) ;
#151 = DIRECTION ( 'NONE',  ( 0.000000000000000000, 0.000000000000000000, 1.000000000000000000 ) ) ;
#152 = ORIENTED_EDGE ( 'NONE', *, *, #1790, .F. ) ;
#153 = PLANE ( 'NONE',  #1709 ) ;
#154 = CARTESIAN_POINT ( 'NONE',  ( 2.256582315864564592, 1.350000000000000089, -1.069999999999999840 ) ) ;
#155 = CIRCLE ( 'NONE', #445, 0.09100496689566900388 ) ;
#156 = CARTESIAN_POINT ( 'NONE',  ( -1.566614007372302053, 2.199999999999999289, -0.9513516028965847138 ) ) ;
#157 = DIRECTION ( 'NONE',  ( -1.892080340925974899E-16, 0.1218693434051477398, -0.9925461516413219831 ) ) ;
#158 = VERTEX_POINT ( 'NONE', #45 ) ;
#159 = ADVANCED_FACE ( 'NONE', ( #1064 ), #1943, .T. ) ;
#160 = ORIENTED_EDGE ( 'NONE', *, *, #1263, .T. ) ;
#161 = EDGE_CURVE ( 'NONE', #1083, #107, #2061, .T. ) ;
#162 = DIRECTION ( 'NONE',  ( 0.000000000000000000, 0.000000000000000000, 1.000000000000000000 ) ) ;
#163 = ADVANCED_FACE ( 'NONE', ( #2112 ), #1755, .T. ) ;
#164 = VERTEX_POINT ( 'NONE', #547 ) ;
#165 = DIRECTION ( 'NONE',  ( -0.000000000000000000, -0.000000000000000000, -1.000000000000000000 ) ) ;
#166 = DIRECTION ( 'NONE',  ( -0.000000000000000000, -0.000000000000000000, -1.000000000000000000 ) ) ;
#167 = FACE_OUTER_BOUND ( 'NONE', #1609, .T. ) ;
#168 = DIRECTION ( 'NONE',  ( 1.000000000000000000, 0.000000000000000000, 0.000000000000000000 ) ) ;
#169 = VECTOR ( 'NONE', #2208, 1000.000000000000227 ) ;
#170 = ORIENTED_EDGE ( 'NONE', *, *, #1672, .T. ) ;
#171 = VERTEX_POINT ( 'NONE', #2104 ) ;
#172 = LINE ( 'NONE', #853, #813 ) ;
#173 = ORIENTED_EDGE ( 'NONE', *, *, #440, .F. ) ;
#174 = DIRECTION ( 'NONE',  ( 0.000000000000000000, -0.9925461516413219831, 0.1218693434051477398 ) ) ;
#175 = CARTESIAN_POINT ( 'NONE',  ( -2.590782551352431184, 1.200000000000000622, 1.470000000000000417 ) ) ;
#176 = EDGE_CURVE ( 'NONE', #1688, #158, #722, .T. ) ;
#177 = DIRECTION ( 'NONE',  ( 8.673617379884038628E-15, -1.000000000000000000, 0.000000000000000000 ) ) ;
#178 = CARTESIAN_POINT ( 'NONE',  ( -3.500000000000001332, -2.475995625340219932E-20, -1.069999999999999840 ) ) ;
#179 = AXIS2_PLACEMENT_3D ( 'NONE', #19, #1860, #1909 ) ;
#180 = ORIENTED_EDGE ( 'NONE', *, *, #135, .T. ) ;
#181 = ORIENTED_EDGE ( 'NONE', *, *, #1967, .F. ) ;
#182 = ORIENTED_EDGE ( 'NONE', *, *, #1660, .F. ) ;
#183 = AXIS2_PLACEMENT_3D ( 'NONE', #1776, #215, #1275 ) ;
#184 = VECTOR ( 'NONE', #1952, 1000.000000000000000 ) ;
#185 = CARTESIAN_POINT ( 'NONE',  ( -2.681441216873911237, 1.116926638587848908, -1.469999999999999751 ) ) ;
#186 = CYLINDRICAL_SURFACE ( 'NONE', #1315, 0.2410049668956667779 ) ;
#187 = EDGE_CURVE ( 'NONE', #2064, #478, #960, .T. ) ;
#188 = DIRECTION ( 'NONE',  ( 1.892080340925974406E-16, -0.1218693434051477398, 0.9925461516413219831 ) ) ;
#189 = CARTESIAN_POINT ( 'NONE',  ( 2.681441216873911237, 1.116926638587848908, 1.470000000000000417 ) ) ;
#190 = LINE ( 'NONE', #705, #759 ) ;
#191 = CARTESIAN_POINT ( 'NONE',  ( -3.000000000000002665, -3.408594712664475502E-15, -1.069999999999999840 ) ) ;
#192 = ORIENTED_EDGE ( 'NONE', *, *, #581, .F. ) ;
#193 = EDGE_CURVE ( 'NONE', #1052, #1076, #1310, .T. ) ;
#194 = CYLINDRICAL_SURFACE ( 'NONE', #1218, 0.09100496689566682507 ) ;
#195 = VERTEX_POINT ( 'NONE', #640 ) ;
#196 = CARTESIAN_POINT ( 'NONE',  ( 2.274999999999999467, 1.199999999999999956, -1.850000000000000755 ) ) ;
#197 = CARTESIAN_POINT ( 'NONE',  ( -2.681441216873911237, 1.116926638587848908, 1.070000000000000506 ) ) ;
#198 = CARTESIAN_POINT ( 'NONE',  ( 3.000000000000002665, -3.408594712664475502E-15, 1.470000000000000417 ) ) ;
#199 = DIRECTION ( 'NONE',  ( -0.1209742911513548291, -0.9852565360152931717, 0.1209742911513548569 ) ) ;
#200 = DIRECTION ( 'NONE',  ( -8.673617379884038628E-15, 1.000000000000000000, 0.000000000000000000 ) ) ;
#201 = VECTOR ( 'NONE', #658, 1000.000000000000000 ) ;
#202 = EDGE_CURVE ( 'NONE', #1504, #13, #283, .T. ) ;
#203 = ORIENTED_EDGE ( 'NONE', *, *, #898, .F. ) ;
#204 = VECTOR ( 'NONE', #1193, 1000.000000000000227 ) ;
#205 = ORIENTED_EDGE ( 'NONE', *, *, #2084, .T. ) ;
#206 = ORIENTED_EDGE ( 'NONE', *, *, #1593, .F. ) ;
#207 = AXIS2_PLACEMENT_3D ( 'NONE', #44, #1093, #1764 ) ;
#208 = VECTOR ( 'NONE', #572, 1000.000000000000000 ) ;
#209 = VECTOR ( 'NONE', #1056, 1000.000000000000000 ) ;
#210 = DIRECTION ( 'NONE',  ( 6.776263578034425590E-15, -1.000000000000000000, 0.000000000000000000 ) ) ;
#211 = CARTESIAN_POINT ( 'NONE',  ( -2.909341334478517727, 0.2330733614121440200, 1.470000000000000417 ) ) ;
#212 = LINE ( 'NONE', #892, #672 ) ;
#213 = DIRECTION ( 'NONE',  ( 0.000000000000000000, 0.000000000000000000, 1.000000000000000000 ) ) ;
#214 = CARTESIAN_POINT ( 'NONE',  ( 2.759912129764757527, 0.2199999999999968370, -1.469999999999999751 ) ) ;
#215 = DIRECTION ( 'NONE',  ( -0.9925461516413219831, -0.1218693434051477398, 0.000000000000000000 ) ) ;
#216 = ADVANCED_FACE ( 'NONE', ( #111 ), #100, .F. ) ;
#217 = VERTEX_POINT ( 'NONE', #947 ) ;
#218 = LINE ( 'NONE', #713, #1168 ) ;
#219 = LINE ( 'NONE', #1055, #1898 ) ;
#220 = DIRECTION ( 'NONE',  ( 0.000000000000000000, -0.000000000000000000, -1.000000000000000000 ) ) ;
#221 = CARTESIAN_POINT ( 'NONE',  ( -1.566614007372302053, 2.299999999999998934, -1.244075829383894050 ) ) ;
#222 = LINE ( 'NONE', #1788, #1212 ) ;
#223 = CARTESIAN_POINT ( 'NONE',  ( 2.830870421587673214, 1.129999999999996563, -1.069999999999999840 ) ) ;
#224 = ORIENTED_EDGE ( 'NONE', *, *, #193, .T. ) ;
#225 = ORIENTED_EDGE ( 'NONE', *, *, #1760, .T. ) ;
#226 = DIRECTION ( 'NONE',  ( 1.000000000000000000, 0.000000000000000000, 0.000000000000000000 ) ) ;
#227 = ADVANCED_FACE ( 'NONE', ( #451 ), #1648, .T. ) ;
#228 = CARTESIAN_POINT ( 'NONE',  ( 2.759912129764757527, 0.2199999999999968370, 1.070000000000000506 ) ) ;
#229 = LINE ( 'NONE', #1612, #1826 ) ;
#230 = EDGE_CURVE ( 'NONE', #603, #1504, #2197, .T. ) ;
#231 = CARTESIAN_POINT ( 'NONE',  ( 2.275000000000000355, 1.199999999999999956, 1.850000000000000533 ) ) ;
#232 = FACE_OUTER_BOUND ( 'NONE', #388, .T. ) ;
#233 = CYLINDRICAL_SURFACE ( 'NONE', #2027, 0.09100496689566682507 ) ;
#234 = ORIENTED_EDGE ( 'NONE', *, *, #963, .T. ) ;
#235 = FACE_OUTER_BOUND ( 'NONE', #1226, .T. ) ;
#236 = ORIENTED_EDGE ( 'NONE', *, *, #62, .F. ) ;
#237 = VECTOR ( 'NONE', #289, 1000.000000000000000 ) ;
#238 = AXIS2_PLACEMENT_3D ( 'NONE', #2007, #1836, #1470 ) ;
#239 = PLANE ( 'NONE',  #128 ) ;
#240 = CARTESIAN_POINT ( 'NONE',  ( -2.274999999999999467, 1.199999999999999956, 1.470000000000000417 ) ) ;
#241 = EDGE_CURVE ( 'NONE', #1454, #1364, #1487, .T. ) ;
#242 = AXIS2_PLACEMENT_3D ( 'NONE', #534, #20, #168 ) ;
#243 = ORIENTED_EDGE ( 'NONE', *, *, #1508, .F. ) ;
#244 = DIRECTION ( 'NONE',  ( -2.060029285042044511E-15, 1.000000000000000000, 0.000000000000000000 ) ) ;
#245 = CARTESIAN_POINT ( 'NONE',  ( 3.000000000000001776, 0.1499999999999948319, 1.070000000000000506 ) ) ;
#246 = PRODUCT_RELATED_PRODUCT_CATEGORY ( 'part', '', ( #1808 ) ) ;
#247 = FACE_OUTER_BOUND ( 'NONE', #114, .T. ) ;
#248 = VERTEX_POINT ( 'NONE', #1163 ) ;
#249 = DIRECTION ( 'NONE',  ( -0.08715574274765160168, 0.9961946980917461003, 0.000000000000000000 ) ) ;
#250 = ORIENTED_EDGE ( 'NONE', *, *, #1351, .T. ) ;
#251 = VECTOR ( 'NONE', #1392, 1000.000000000000000 ) ;
#252 = CIRCLE ( 'NONE', #893, 0.2410049668956667779 ) ;
#253 = CARTESIAN_POINT ( 'NONE',  ( -2.274999999999999467, 1.199999999999999956, 1.850000000000001421 ) ) ;
#254 = CARTESIAN_POINT ( 'NONE',  ( 3.000000000000002665, -3.408594712664475502E-15, -1.469999999999999751 ) ) ;
#255 = CIRCLE ( 'NONE', #2097, 0.2927242264873094468 ) ;
#256 = EDGE_CURVE ( 'NONE', #2228, #1556, #136, .T. ) ;
#257 = EDGE_LOOP ( 'NONE', ( #1289, #1658, #1667, #1614 ) ) ;
#258 = CARTESIAN_POINT ( 'NONE',  ( -2.590782551352431184, 1.350000000000000533, 1.470000000000000417 ) ) ;
#259 = FACE_OUTER_BOUND ( 'NONE', #804, .T. ) ;
#260 = PRODUCT_DEFINITION_CONTEXT ( 'detailed design', #1750, 'design' ) ;
#261 = CARTESIAN_POINT ( 'NONE',  ( 2.590782551352431184, 1.200000000000000622, -1.069999999999999840 ) ) ;
#262 = ADVANCED_FACE ( 'NONE', ( #2014 ), #1476, .F. ) ;
#263 = VERTEX_POINT ( 'NONE', #1627 ) ;
#264 = DIRECTION ( 'NONE',  ( -0.000000000000000000, -0.000000000000000000, -1.000000000000000000 ) ) ;
#265 = CARTESIAN_POINT ( 'NONE',  ( -2.999999999999997335, 0.2410049668956616986, -1.469999999999999751 ) ) ;
#266 = CYLINDRICAL_SURFACE ( 'NONE', #743, 0.2927242264873094468 ) ;
#267 = VERTEX_POINT ( 'NONE', #2169 ) ;
#268 = VERTEX_POINT ( 'NONE', #2178 ) ;
#269 = DIRECTION ( 'NONE',  ( -0.000000000000000000, -0.000000000000000000, -1.000000000000000000 ) ) ;
#270 =( LENGTH_UNIT ( ) NAMED_UNIT ( * ) SI_UNIT ( .MILLI., .METRE. ) );
#271 = DIRECTION ( 'NONE',  ( -2.344220913482171163E-16, -0.000000000000000000, -1.000000000000000000 ) ) ;
#272 = ORIENTED_EDGE ( 'NONE', *, *, #1967, .T. ) ;
#273 = EDGE_LOOP ( 'NONE', ( #2147, #571, #686, #224, #1112, #1136, #1985, #88, #675, #2103, #325, #1106 ) ) ;
#274 = CARTESIAN_POINT ( 'NONE',  ( -3.500000000000000000, 0.1499999999999999667, 1.470000000000000417 ) ) ;
#275 = MANIFOLD_SOLID_BREP ( 'Mirror1', #719 ) ;
#276 = ORIENTED_EDGE ( 'NONE', *, *, #1619, .T. ) ;
#277 =( GEOMETRIC_REPRESENTATION_CONTEXT ( 3 ) GLOBAL_UNCERTAINTY_ASSIGNED_CONTEXT ( ( #1197 ) ) GLOBAL_UNIT_ASSIGNED_CONTEXT ( ( #622, #1316, #1819 ) ) REPRESENTATION_CONTEXT ( 'NONE', 'WORKASPACE' ) );
#278 = CARTESIAN_POINT ( 'NONE',  ( -2.256582315864564592, 1.350000000000000089, 1.470000000000000417 ) ) ;
#279 = VECTOR ( 'NONE', #611, 1000.000000000000000 ) ;
#280 = VERTEX_POINT ( 'NONE', #618 ) ;
#281 = FACE_OUTER_BOUND ( 'NONE', #1178, .T. ) ;
#282 = FACE_OUTER_BOUND ( 'NONE', #1977, .T. ) ;
#283 = LINE ( 'NONE', #1639, #614 ) ;
#284 = ORIENTED_EDGE ( 'NONE', *, *, #1712, .T. ) ;
#285 = EDGE_CURVE ( 'NONE', #1364, #934, #1912, .T. ) ;
#286 = VERTEX_POINT ( 'NONE', #1815 ) ;
#287 = CARTESIAN_POINT ( 'NONE',  ( 2.830870421587672769, 1.129999999999996563, 1.470000000000000417 ) ) ;
#288 = ORIENTED_EDGE ( 'NONE', *, *, #624, .F. ) ;
#289 = DIRECTION ( 'NONE',  ( 1.000000000000000000, -6.817139905416461949E-15, -0.000000000000000000 ) ) ;
#290 = DIRECTION ( 'NONE',  ( -0.000000000000000000, -1.000000000000000000, -0.000000000000000000 ) ) ;
#291 = VECTOR ( 'NONE', #1072, 1000.000000000000000 ) ;
#292 = ORIENTED_EDGE ( 'NONE', *, *, #1379, .F. ) ;
#293 = EDGE_LOOP ( 'NONE', ( #1, #2179, #1131, #1822 ) ) ;
#294 = DIRECTION ( 'NONE',  ( 0.000000000000000000, -0.000000000000000000, -1.000000000000000000 ) ) ;
#295 = CARTESIAN_POINT ( 'NONE',  ( -2.274999999999999467, 1.199999999999999956, -1.849999999999999867 ) ) ;
#296 = VECTOR ( 'NONE', #1706, 1000.000000000000000 ) ;
#297 = DIRECTION ( 'NONE',  ( -0.000000000000000000, -0.000000000000000000, -1.000000000000000000 ) ) ;
#298 = ORIENTED_EDGE ( 'NONE', *, *, #1996, .F. ) ;
#299 = ORIENTED_EDGE ( 'NONE', *, *, #2138, .T. ) ;
#300 = DIRECTION ( 'NONE',  ( -6.817139905416462738E-15, 1.000000000000000000, 0.000000000000000000 ) ) ;
#301 = CARTESIAN_POINT ( 'NONE',  ( -2.256582315864564592, 1.350000000000000089, -1.069999999999999840 ) ) ;
#302 = ORIENTED_EDGE ( 'NONE', *, *, #1904, .T. ) ;
#303 = EDGE_CURVE ( 'NONE', #944, #1085, #604, .T. ) ;
#304 = ORIENTED_EDGE ( 'NONE', *, *, #1712, .F. ) ;
#305 = LINE ( 'NONE', #1823, #1661 ) ;
#306 = FILL_AREA_STYLE ('',( #1492 ) ) ;
#307 = EDGE_CURVE ( 'NONE', #1725, #1938, #694, .T. ) ;
#308 = ORIENTED_EDGE ( 'NONE', *, *, #1508, .T. ) ;
#309 = ORIENTED_EDGE ( 'NONE', *, *, #466, .T. ) ;
#310 = CARTESIAN_POINT ( 'NONE',  ( 2.274999999999999467, 1.199999999999999956, -1.069999999999999840 ) ) ;
#311 = AXIS2_PLACEMENT_3D ( 'NONE', #1782, #411, #370 ) ;
#312 = ORIENTED_EDGE ( 'NONE', *, *, #493, .F. ) ;
#313 = EDGE_CURVE ( 'NONE', #1905, #929, #839, .T. ) ;
#314 = CARTESIAN_POINT ( 'NONE',  ( 3.500000000000000000, 0.1499999999999999667, 1.470000000000000417 ) ) ;
#315 = CARTESIAN_POINT ( 'NONE',  ( -2.999999999999997335, 0.2410049668956616986, -1.469999999999999751 ) ) ;
#316 = CIRCLE ( 'NONE', #94, 0.2927242264873094468 ) ;
#317 = VECTOR ( 'NONE', #166, 1000.000000000000000 ) ;
#318 = EDGE_CURVE ( 'NONE', #332, #485, #1198, .T. ) ;
#319 = DIRECTION ( 'NONE',  ( -0.08715574274765160168, -0.9961946980917461003, 0.000000000000000000 ) ) ;
#320 = ORIENTED_EDGE ( 'NONE', *, *, #85, .T. ) ;
#321 = PRESENTATION_LAYER_ASSIGNMENT (  '', '', ( #1280 ) ) ;
#322 = ORIENTED_EDGE ( 'NONE', *, *, #285, .T. ) ;
#323 = LINE ( 'NONE', #310, #1386 ) ;
#324 = MANIFOLD_SOLID_BREP ( 'Cut-Extrude1', #609 ) ;
#325 = ORIENTED_EDGE ( 'NONE', *, *, #1669, .T. ) ;
#326 = CARTESIAN_POINT ( 'NONE',  ( 2.590782551352431184, 1.108995033104331451, -1.069999999999999840 ) ) ;
#327 = CARTESIAN_POINT ( 'NONE',  ( 3.500000000000000000, 0.1499999999999999667, 1.470000000000000417 ) ) ;
#328 = EDGE_CURVE ( 'NONE', #195, #1514, #574, .T. ) ;
#329 =( NAMED_UNIT ( * ) SI_UNIT ( $, .STERADIAN. ) SOLID_ANGLE_UNIT ( ) );
#330 = LINE ( 'NONE', #1016, #712 ) ;
#331 = EDGE_CURVE ( 'NONE', #1688, #1323, #1377, .T. ) ;
#332 = VERTEX_POINT ( 'NONE', #673 ) ;
#333 = DIRECTION ( 'NONE',  ( 0.08715574274765160168, 0.9961946980917461003, 0.000000000000000000 ) ) ;
#334 = EDGE_CURVE ( 'NONE', #1490, #872, #2044, .T. ) ;
#335 = CARTESIAN_POINT ( 'NONE',  ( -3.000000000000001776, 0.1499999999999965805, 1.470000000000000417 ) ) ;
#336 = APPLICATION_PROTOCOL_DEFINITION ( 'draft international standard', 'automotive_design', 1998, #1330 ) ;
#337 = VECTOR ( 'NONE', #1459, 1000.000000000000000 ) ;
#338 = ORIENTED_EDGE ( 'NONE', *, *, #567, .T. ) ;
#339 = DIRECTION ( 'NONE',  ( 1.000000000000000000, 0.000000000000000000, 0.000000000000000000 ) ) ;
#340 = CARTESIAN_POINT ( 'NONE',  ( -2.590782551352431184, 1.108995033104331451, 1.470000000000000417 ) ) ;
#341 = DIRECTION ( 'NONE',  ( -0.000000000000000000, -0.000000000000000000, -1.000000000000000000 ) ) ;
#342 = CARTESIAN_POINT ( 'NONE',  ( 2.590782551352431184, 1.108995033104331451, -1.069999999999999840 ) ) ;
#343 = VERTEX_POINT ( 'NONE', #523 ) ;
#344 = ORIENTED_EDGE ( 'NONE', *, *, #1359, .F. ) ;
#345 = EDGE_CURVE ( 'NONE', #1133, #1857, #2225, .T. ) ;
#346 = CARTESIAN_POINT ( 'NONE',  ( 3.500000000000000000, 0.1499999999999999667, 1.070000000000000506 ) ) ;
#347 = ORIENTED_EDGE ( 'NONE', *, *, #38, .T. ) ;
#348 = CARTESIAN_POINT ( 'NONE',  ( 3.000000000000001776, 0.1499999999999948319, 1.470000000000000417 ) ) ;
#349 = LINE ( 'NONE', #1527, #954 ) ;
#350 = VECTOR ( 'NONE', #2195, 1000.000000000000227 ) ;
#351 = DIRECTION ( 'NONE',  ( -1.000000000000000000, -2.060029285042044511E-15, 0.000000000000000000 ) ) ;
#352 = DIRECTION ( 'NONE',  ( 0.000000000000000000, 0.000000000000000000, 1.000000000000000000 ) ) ;
#353 =( GEOMETRIC_REPRESENTATION_CONTEXT ( 3 ) GLOBAL_UNCERTAINTY_ASSIGNED_CONTEXT ( ( #822 ) ) GLOBAL_UNIT_ASSIGNED_CONTEXT ( ( #610, #932, #1993 ) ) REPRESENTATION_CONTEXT ( 'NONE', 'WORKASPACE' ) );
#354 = VECTOR ( 'NONE', #976, 1000.000000000000227 ) ;
#355 = ORIENTED_EDGE ( 'NONE', *, *, #1767, .F. ) ;
#356 = ORIENTED_EDGE ( 'NONE', *, *, #1790, .T. ) ;
#357 = PRODUCT_DEFINITION_FORMATION_WITH_SPECIFIED_SOURCE ( 'ANY', '', #1808, .NOT_KNOWN. ) ;
#358 = EDGE_CURVE ( 'NONE', #195, #1957, #9, .T. ) ;
#359 = LINE ( 'NONE', #14, #489 ) ;
#360 = CARTESIAN_POINT ( 'NONE',  ( 2.256582315864564592, 1.350000000000000089, -1.069999999999999840 ) ) ;
#361 = LINE ( 'NONE', #693, #2153 ) ;
#362 = EDGE_CURVE ( 'NONE', #642, #1795, #1685, .T. ) ;
#363 = LINE ( 'NONE', #1176, #296 ) ;
#364 = CARTESIAN_POINT ( 'NONE',  ( 3.500000000000001332, -2.475995625340219932E-20, 1.470000000000000417 ) ) ;
#365 = ORIENTED_EDGE ( 'NONE', *, *, #1702, .F. ) ;
#366 = CARTESIAN_POINT ( 'NONE',  ( 2.274999999999999467, 1.199999999999999956, -1.469999999999999751 ) ) ;
#367 = AXIS2_PLACEMENT_3D ( 'NONE', #1578, #1978, #1608 ) ;
#368 = VECTOR ( 'NONE', #1827, 1000.000000000000000 ) ;
#369 = DIRECTION ( 'NONE',  ( -0.9961946980917462113, 0.08715574274765112983, 0.000000000000000000 ) ) ;
#370 = DIRECTION ( 'NONE',  ( -0.1218693434051435348, -0.9925461516413224272, 0.000000000000000000 ) ) ;
#371 = CARTESIAN_POINT ( 'NONE',  ( -1.566614007372302053, 2.199999999999999289, -1.244075829383894050 ) ) ;
#372 = EDGE_CURVE ( 'NONE', #2201, #217, #363, .T. ) ;
#373 = CARTESIAN_POINT ( 'NONE',  ( -1.566614007372302053, 2.299999999999998934, -1.536800055871203607 ) ) ;
#374 = LINE ( 'NONE', #178, #704 ) ;
#375 = EDGE_LOOP ( 'NONE', ( #1269, #982, #1779, #299, #1374, #1214, #2073, #950, #698, #1403, #1837, #918 ) ) ;
#376 = DIRECTION ( 'NONE',  ( 1.000000000000000000, 0.000000000000000000, 0.000000000000000000 ) ) ;
#377 = DIRECTION ( 'NONE',  ( -0.000000000000000000, 0.000000000000000000, 1.000000000000000000 ) ) ;
#378 = DIRECTION ( 'NONE',  ( 1.000000000000000000, 0.000000000000000000, 0.000000000000000000 ) ) ;
#379 = CARTESIAN_POINT ( 'NONE',  ( -2.590782551352431184, 1.350000000000000533, 1.470000000000000417 ) ) ;
#380 = ADVANCED_FACE ( 'NONE', ( #167 ), #1560, .F. ) ;
#381 = DIRECTION ( 'NONE',  ( -0.000000000000000000, -0.000000000000000000, -1.000000000000000000 ) ) ;
#382 = CARTESIAN_POINT ( 'NONE',  ( 2.999999999999997335, 0.2410049668956616986, -1.469999999999999751 ) ) ;
#383 = AXIS2_PLACEMENT_3D ( 'NONE', #1512, #162, #150 ) ;
#384 = CARTESIAN_POINT ( 'NONE',  ( 3.500000000000001332, -2.475995625340219932E-20, -1.469999999999999751 ) ) ;
#385 = ORIENTED_EDGE ( 'NONE', *, *, #394, .F. ) ;
#386 = CIRCLE ( 'NONE', #487, 0.2410049668956667779 ) ;
#387 = AXIS2_PLACEMENT_3D ( 'NONE', #371, #1772, #1592 ) ;
#388 = EDGE_LOOP ( 'NONE', ( #1699, #181, #1267, #1284 ) ) ;
#389 = CARTESIAN_POINT ( 'NONE',  ( 2.830870421587672769, 1.129999999999996563, 1.070000000000000506 ) ) ;
#390 = DIRECTION ( 'NONE',  ( -6.776263578034425590E-15, -1.000000000000000000, 0.000000000000000000 ) ) ;
#391 = CARTESIAN_POINT ( 'NONE',  ( -2.139936983006804461, 2.299999999999998934, -1.714936983006804638 ) ) ;
#392 = DIRECTION ( 'NONE',  ( -0.000000000000000000, -0.000000000000000000, 1.000000000000000000 ) ) ;
#393 = CARTESIAN_POINT ( 'NONE',  ( -2.999999999999997335, 0.2410049668956616986, -1.069999999999999840 ) ) ;
#394 = EDGE_CURVE ( 'NONE', #158, #171, #2067, .T. ) ;
#395 = CARTESIAN_POINT ( 'NONE',  ( -2.139936983006804461, 2.299999999999998934, 1.714936983006806193 ) ) ;
#396 = EDGE_CURVE ( 'NONE', #1040, #1133, #2204, .T. ) ;
#397 = ORIENTED_EDGE ( 'NONE', *, *, #1828, .T. ) ;
#398 = LINE ( 'NONE', #389, #26 ) ;
#399 = AXIS2_PLACEMENT_3D ( 'NONE', #885, #558, #66 ) ;
#400 = EDGE_CURVE ( 'NONE', #1030, #413, #190, .T. ) ;
#401 = FACE_OUTER_BOUND ( 'NONE', #1385, .T. ) ;
#402 = FACE_OUTER_BOUND ( 'NONE', #2164, .T. ) ;
#403 = ORIENTED_EDGE ( 'NONE', *, *, #466, .F. ) ;
#404 = DIRECTION ( 'NONE',  ( 1.000000000000000000, 6.776263578034425590E-15, 0.000000000000000000 ) ) ;
#405 = CARTESIAN_POINT ( 'NONE',  ( -2.681441216873911237, 1.116926638587848908, 1.470000000000000417 ) ) ;
#406 = FACE_OUTER_BOUND ( 'NONE', #33, .T. ) ;
#407 = AXIS2_PLACEMENT_3D ( 'NONE', #1682, #1365, #1000 ) ;
#408 = EDGE_CURVE ( 'NONE', #647, #793, #764, .T. ) ;
#409 = ORIENTED_EDGE ( 'NONE', *, *, #612, .F. ) ;
#410 = DIRECTION ( 'NONE',  ( -0.000000000000000000, -0.000000000000000000, -1.000000000000000000 ) ) ;
#411 = DIRECTION ( 'NONE',  ( -0.9925461516413225382, 0.1218693434051435487, 0.000000000000000000 ) ) ;
#412 = DIRECTION ( 'NONE',  ( -1.000000000000000000, -6.817139905416461949E-15, 0.000000000000000000 ) ) ;
#413 = VERTEX_POINT ( 'NONE', #231 ) ;
#414 = FACE_OUTER_BOUND ( 'NONE', #1703, .T. ) ;
#415 = PLANE ( 'NONE',  #1568 ) ;
#416 = DIRECTION ( 'NONE',  ( 1.000000000000000000, 1.297667754066997298E-15, 0.000000000000000000 ) ) ;
#417 = VECTOR ( 'NONE', #1690, 1000.000000000000114 ) ;
#418 = ORIENTED_EDGE ( 'NONE', *, *, #1297, .T. ) ;
#419 = CIRCLE ( 'NONE', #1095, 0.2410049668956667779 ) ;
#420 = LINE ( 'NONE', #1466, #595 ) ;
#421 = ORIENTED_EDGE ( 'NONE', *, *, #1494, .T. ) ;
#422 = VECTOR ( 'NONE', #1914, 1000.000000000000000 ) ;
#423 = EDGE_CURVE ( 'NONE', #171, #2145, #1413, .T. ) ;
#424 = AXIS2_PLACEMENT_3D ( 'NONE', #1120, #1999, #1636 ) ;
#425 = PLANE ( 'NONE',  #133 ) ;
#426 = CARTESIAN_POINT ( 'NONE',  ( 2.590782551352431184, 1.200000000000000622, 1.070000000000000506 ) ) ;
#427 = VERTEX_POINT ( 'NONE', #2121 ) ;
#428 = DIRECTION ( 'NONE',  ( 0.000000000000000000, -0.000000000000000000, 1.000000000000000000 ) ) ;
#429 = LINE ( 'NONE', #1249, #920 ) ;
#430 = EDGE_CURVE ( 'NONE', #748, #2114, #2141, .T. ) ;
#431 = CARTESIAN_POINT ( 'NONE',  ( 0.000000000000000000, 0.1000000000000000472, 0.000000000000000000 ) ) ;
#432 = ORIENTED_EDGE ( 'NONE', *, *, #1189, .T. ) ;
#433 = CARTESIAN_POINT ( 'NONE',  ( -1.566614007372302053, 2.199999999999999289, -1.244075829383894050 ) ) ;
#434 = LINE ( 'NONE', #1125, #1027 ) ;
#435 = VECTOR ( 'NONE', #1618, 1000.000000000000000 ) ;
#436 = EDGE_LOOP ( 'NONE', ( #1722, #679, #2207, #118 ) ) ;
#437 = EDGE_CURVE ( 'NONE', #164, #1905, #738, .T. ) ;
#438 = PLANE ( 'NONE',  #1698 ) ;
#439 = FACE_OUTER_BOUND ( 'NONE', #1140, .T. ) ;
#440 = EDGE_CURVE ( 'NONE', #1250, #2228, #1425, .T. ) ;
#441 = CARTESIAN_POINT ( 'NONE',  ( 2.590782551352431184, 1.350000000000000533, -1.069999999999999840 ) ) ;
#442 = ORIENTED_EDGE ( 'NONE', *, *, #1230, .F. ) ;
#443 = PLANE ( 'NONE',  #25 ) ;
#444 = VERTEX_POINT ( 'NONE', #1080 ) ;
#445 = AXIS2_PLACEMENT_3D ( 'NONE', #1127, #1484, #2176 ) ;
#446 = SURFACE_SIDE_STYLE ('',( #2150 ) ) ;
#447 = CARTESIAN_POINT ( 'NONE',  ( 2.681441216873911237, 1.116926638587848908, -1.069999999999999840 ) ) ;
#448 = ORIENTED_EDGE ( 'NONE', *, *, #977, .T. ) ;
#449 = LINE ( 'NONE', #602, #1694 ) ;
#450 = LINE ( 'NONE', #295, #2117 ) ;
#451 = FACE_OUTER_BOUND ( 'NONE', #1663, .T. ) ;
#452 = ORIENTED_EDGE ( 'NONE', *, *, #550, .F. ) ;
#453 = PLANE ( 'NONE',  #984 ) ;
#454 = CIRCLE ( 'NONE', #1784, 0.2410049668956667779 ) ;
#455 = CARTESIAN_POINT ( 'NONE',  ( -2.274999999999999467, 2.299999999999998934, 1.714936983006806193 ) ) ;
#456 = CARTESIAN_POINT ( 'NONE',  ( -2.274999999999999467, 1.199999999999999956, -1.469999999999999751 ) ) ;
#457 = ORIENTED_EDGE ( 'NONE', *, *, #331, .F. ) ;
#458 = VECTOR ( 'NONE', #1047, 1000.000000000000000 ) ;
#459 = ORIENTED_EDGE ( 'NONE', *, *, #938, .T. ) ;
#460 = DIRECTION ( 'NONE',  ( -0.08715574274765160168, -0.9961946980917461003, 0.000000000000000000 ) ) ;
#461 = CARTESIAN_POINT ( 'NONE',  ( -2.590782551352431184, 1.108995033104331451, 1.470000000000000417 ) ) ;
#462 = EDGE_LOOP ( 'NONE', ( #1407, #288, #1075, #1071 ) ) ;
#463 = ORIENTED_EDGE ( 'NONE', *, *, #1657, .F. ) ;
#464 = ADVANCED_FACE ( 'NONE', ( #1574, #565 ), #729, .T. ) ;
#465 = CARTESIAN_POINT ( 'NONE',  ( -2.999999999999997335, 0.2410049668956616986, 1.070000000000000506 ) ) ;
#466 = EDGE_CURVE ( 'NONE', #526, #332, #1328, .T. ) ;
#467 = FACE_OUTER_BOUND ( 'NONE', #1279, .T. ) ;
#468 = CLOSED_SHELL ( 'NONE', ( #2161, #699, #629, #1456 ) ) ;
#469 = ORIENTED_EDGE ( 'NONE', *, *, #567, .F. ) ;
#470 = CARTESIAN_POINT ( 'NONE',  ( -2.681441216873911237, 1.116926638587848908, -1.069999999999999840 ) ) ;
#471 = CARTESIAN_POINT ( 'NONE',  ( -2.256582315864564592, 1.350000000000000089, 1.470000000000000417 ) ) ;
#472 = AXIS2_PLACEMENT_3D ( 'NONE', #34, #2109, #1092 ) ;
#473 = ORIENTED_EDGE ( 'NONE', *, *, #2120, .F. ) ;
#474 = ORIENTED_EDGE ( 'NONE', *, *, #557, .F. ) ;
#475 = EDGE_LOOP ( 'NONE', ( #2198, #2003, #1031, #180 ) ) ;
#476 = EDGE_CURVE ( 'NONE', #872, #1171, #1729, .T. ) ;
#477 = CARTESIAN_POINT ( 'NONE',  ( -1.566614007372302053, 2.199999999999999289, -0.9513516028965847138 ) ) ;
#478 = VERTEX_POINT ( 'NONE', #1059 ) ;
#479 = ORIENTED_EDGE ( 'NONE', *, *, #2002, .F. ) ;
#480 = LINE ( 'NONE', #1088, #2082 ) ;
#481 = ORIENTED_EDGE ( 'NONE', *, *, #2168, .F. ) ;
#482 = LINE ( 'NONE', #1350, #1422 ) ;
#483 = EDGE_CURVE ( 'NONE', #1250, #1030, #2130, .T. ) ;
#484 = VECTOR ( 'NONE', #1591, 1000.000000000000000 ) ;
#485 = VERTEX_POINT ( 'NONE', #1238 ) ;
#486 = CARTESIAN_POINT ( 'NONE',  ( -2.274999999999999467, 1.199999999999999956, 1.850000000000001421 ) ) ;
#487 = AXIS2_PLACEMENT_3D ( 'NONE', #315, #1671, #2010 ) ;
#488 = CARTESIAN_POINT ( 'NONE',  ( 2.590782551352431184, 1.350000000000000533, 1.070000000000000506 ) ) ;
#489 = VECTOR ( 'NONE', #2125, 1000.000000000000000 ) ;
#490 = AXIS2_PLACEMENT_3D ( 'NONE', #829, #1883, #856 ) ;
#491 = DIRECTION ( 'NONE',  ( 1.000000000000000000, 0.000000000000000000, -1.906289534040447240E-16 ) ) ;
#492 = DIRECTION ( 'NONE',  ( 0.000000000000000000, 1.000000000000000000, 0.000000000000000000 ) ) ;
#493 = EDGE_CURVE ( 'NONE', #56, #81, #1962, .T. ) ;
#494 = AXIS2_PLACEMENT_3D ( 'NONE', #661, #1343, #352 ) ;
#495 = FACE_OUTER_BOUND ( 'NONE', #1849, .T. ) ;
#496 = DIRECTION ( 'NONE',  ( 0.000000000000000000, -0.000000000000000000, -1.000000000000000000 ) ) ;
#497 = SURFACE_SIDE_STYLE ('',( #1546 ) ) ;
#498 = ORIENTED_EDGE ( 'NONE', *, *, #1770, .F. ) ;
#499 = DIRECTION ( 'NONE',  ( -1.000000000000000000, -1.297667754066997495E-15, 0.000000000000000000 ) ) ;
#500 = DIRECTION ( 'NONE',  ( 0.000000000000000000, -0.000000000000000000, -1.000000000000000000 ) ) ;
#501 = ADVANCED_FACE ( 'NONE', ( #414 ), #545, .F. ) ;
#502 = CARTESIAN_POINT ( 'NONE',  ( 3.500000000000000000, 0.1499999999999999667, 1.470000000000000417 ) ) ;
#503 = CARTESIAN_POINT ( 'NONE',  ( -1.566614007372302053, 2.299999999999998934, -1.536800055871203607 ) ) ;
#504 = ORIENTED_EDGE ( 'NONE', *, *, #334, .F. ) ;
#505 = AXIS2_PLACEMENT_3D ( 'NONE', #1517, #1718, #1038 ) ;
#506 = CARTESIAN_POINT ( 'NONE',  ( 2.999999999999997335, 0.2410049668956616986, -1.069999999999999840 ) ) ;
#507 = CARTESIAN_POINT ( 'NONE',  ( -2.256582315864564592, 1.350000000000000089, -1.469999999999999751 ) ) ;
#508 = CARTESIAN_POINT ( 'NONE',  ( -2.139936983006804461, 0.1000000000000000472, -1.714936983006804638 ) ) ;
#509 = EDGE_LOOP ( 'NONE', ( #887, #978, #652, #250 ) ) ;
#510 = PLANE ( 'NONE',  #874 ) ;
#511 = DIRECTION ( 'NONE',  ( 0.000000000000000000, 0.000000000000000000, 1.000000000000000000 ) ) ;
#512 = DIRECTION ( 'NONE',  ( 1.000000000000000000, -2.060029285042044511E-15, -0.000000000000000000 ) ) ;
#513 = CARTESIAN_POINT ( 'NONE',  ( -2.590782551352431184, 1.350000000000000533, -1.069999999999999840 ) ) ;
#514 = EDGE_CURVE ( 'NONE', #1957, #1742, #1544, .T. ) ;
#515 = ORIENTED_EDGE ( 'NONE', *, *, #1760, .F. ) ;
#516 = VERTEX_POINT ( 'NONE', #1763 ) ;
#517 = VERTEX_POINT ( 'NONE', #373 ) ;
#518 = CARTESIAN_POINT ( 'NONE',  ( -3.000000000000001776, 0.1499999999999948319, 1.470000000000000417 ) ) ;
#519 =( NAMED_UNIT ( * ) PLANE_ANGLE_UNIT ( ) SI_UNIT ( $, .RADIAN. ) );
#520 = ORIENTED_EDGE ( 'NONE', *, *, #1387, .F. ) ;
#521 = CARTESIAN_POINT ( 'NONE',  ( -3.000000000000001776, 0.1499999999999948319, -1.069999999999999840 ) ) ;
#522 = LINE ( 'NONE', #1908, #1864 ) ;
#523 = CARTESIAN_POINT ( 'NONE',  ( -2.274999999999999467, 1.199999999999999956, -1.849999999999999867 ) ) ;
#524 = CARTESIAN_POINT ( 'NONE',  ( 2.590782551352431184, 1.108995033104331451, 1.470000000000000417 ) ) ;
#525 = VECTOR ( 'NONE', #1021, 1000.000000000000000 ) ;
#526 = VERTEX_POINT ( 'NONE', #879 ) ;
#527 = VERTEX_POINT ( 'NONE', #1751 ) ;
#528 = EDGE_CURVE ( 'NONE', #67, #1030, #1048, .T. ) ;
#529 = CYLINDRICAL_SURFACE ( 'NONE', #881, 0.2410049668956667779 ) ;
#530 = EDGE_CURVE ( 'NONE', #517, #485, #255, .T. ) ;
#531 = CARTESIAN_POINT ( 'NONE',  ( 3.500000000000001332, -2.475995625340219932E-20, 1.470000000000000417 ) ) ;
#532 = DIRECTION ( 'NONE',  ( -0.000000000000000000, -0.000000000000000000, -1.000000000000000000 ) ) ;
#533 = SURFACE_STYLE_FILL_AREA ( #683 ) ;
#534 = CARTESIAN_POINT ( 'NONE',  ( -2.590782551352431184, 1.108995033104331451, 1.470000000000000417 ) ) ;
#535 = VECTOR ( 'NONE', #381, 1000.000000000000000 ) ;
#536 = CLOSED_SHELL ( 'NONE', ( #1524, #501, #1915, #262, #714, #1757, #8, #2095, #1520, #1091, #1192, #666, #2074, #2070 ) ) ;
#537 = ORIENTED_EDGE ( 'NONE', *, *, #1472, .T. ) ;
#538 = ORIENTED_EDGE ( 'NONE', *, *, #256, .F. ) ;
#539 = ORIENTED_EDGE ( 'NONE', *, *, #1145, .F. ) ;
#540 = VECTOR ( 'NONE', #811, 1000.000000000000000 ) ;
#541 = FACE_OUTER_BOUND ( 'NONE', #1958, .T. ) ;
#542 = EDGE_CURVE ( 'NONE', #1857, #113, #1404, .T. ) ;
#543 = DIRECTION ( 'NONE',  ( 0.000000000000000000, 1.000000000000000000, 0.000000000000000000 ) ) ;
#544 = DIRECTION ( 'NONE',  ( -1.000000000000000000, 0.000000000000000000, 0.000000000000000000 ) ) ;
#545 = PLANE ( 'NONE',  #961 ) ;
#546 = CARTESIAN_POINT ( 'NONE',  ( -2.590782551352431184, 1.350000000000000533, -1.469999999999999751 ) ) ;
#547 = CARTESIAN_POINT ( 'NONE',  ( 3.000000000000001776, 0.1499999999999948319, 1.470000000000000417 ) ) ;
#548 = ORIENTED_EDGE ( 'NONE', *, *, #1045, .F. ) ;
#549 = PLANE ( 'NONE',  #2048 ) ;
#550 = EDGE_CURVE ( 'NONE', #2016, #67, #554, .T. ) ;
#551 = CARTESIAN_POINT ( 'NONE',  ( 2.681441216873911237, 1.116926638587848908, 1.470000000000000417 ) ) ;
#552 = PLANE ( 'NONE',  #59 ) ;
#553 = ADVANCED_FACE ( 'NONE', ( #904 ), #52, .F. ) ;
#554 = LINE ( 'NONE', #1940, #762 ) ;
#555 = CARTESIAN_POINT ( 'NONE',  ( 3.000000000000002665, -3.408594712664475502E-15, 1.470000000000000417 ) ) ;
#556 = STYLED_ITEM ( 'NONE', ( #115 ), #1008 ) ;
#557 = EDGE_CURVE ( 'NONE', #113, #1957, #936, .T. ) ;
#558 = DIRECTION ( 'NONE',  ( -0.000000000000000000, 0.000000000000000000, 1.000000000000000000 ) ) ;
#559 = VECTOR ( 'NONE', #903, 1000.000000000000000 ) ;
#560 = EDGE_LOOP ( 'NONE', ( #1865, #852, #1911, #1642, #2158, #365, #1429, #1032, #1114, #983, #1988, #1118 ) ) ;
#561 = DIRECTION ( 'NONE',  ( 0.08715574274765160168, -0.9961946980917461003, 0.000000000000000000 ) ) ;
#562 = VERTEX_POINT ( 'NONE', #1141 ) ;
#563 = DIRECTION ( 'NONE',  ( 0.08715574274765111595, -0.9961946980917461003, 0.000000000000000000 ) ) ;
#564 = FACE_OUTER_BOUND ( 'NONE', #273, .T. ) ;
#565 = FACE_OUTER_BOUND ( 'NONE', #1990, .T. ) ;
#566 = CARTESIAN_POINT ( 'NONE',  ( -3.500000000000000000, 0.1499999999999999667, 1.070000000000000506 ) ) ;
#567 = EDGE_CURVE ( 'NONE', #217, #113, #968, .T. ) ;
#568 = CARTESIAN_POINT ( 'NONE',  ( 2.999999999999997335, 0.2410049668956616986, 1.470000000000000417 ) ) ;
#569 = CLOSED_SHELL ( 'NONE', ( #216, #2134, #953, #2165, #1221, #2111, #2028, #882, #1814, #1440, #1356, #1202, #1832, #1942 ) ) ;
#570 = EDGE_CURVE ( 'NONE', #2036, #1323, #449, .T. ) ;
#571 = ORIENTED_EDGE ( 'NONE', *, *, #202, .T. ) ;
#572 = DIRECTION ( 'NONE',  ( 0.000000000000000000, 0.000000000000000000, 1.000000000000000000 ) ) ;
#573 = AXIS2_PLACEMENT_3D ( 'NONE', #123, #297, #2025 ) ;
#574 = CIRCLE ( 'NONE', #179, 0.2410049668956685265 ) ;
#575 = DIRECTION ( 'NONE',  ( -0.000000000000000000, -0.000000000000000000, -1.000000000000000000 ) ) ;
#576 = CARTESIAN_POINT ( 'NONE',  ( -2.830870421587673214, 1.129999999999996563, -1.469999999999999751 ) ) ;
#577 = VECTOR ( 'NONE', #1646, 1000.000000000000000 ) ;
#578 = CARTESIAN_POINT ( 'NONE',  ( -2.274999999999999467, 1.199999999999999956, 1.850000000000001421 ) ) ;
#579 = LINE ( 'NONE', #765, #1388 ) ;
#580 = PLANE ( 'NONE',  #1917 ) ;
#581 = EDGE_CURVE ( 'NONE', #2017, #248, #2022, .T. ) ;
#582 = ORIENTED_EDGE ( 'NONE', *, *, #1731, .F. ) ;
#583 = FACE_OUTER_BOUND ( 'NONE', #799, .T. ) ;
#584 = EDGE_CURVE ( 'NONE', #1945, #1083, #130, .T. ) ;
#585 = DIRECTION ( 'NONE',  ( -1.000000000000000000, -6.776263578034425590E-15, 0.000000000000000000 ) ) ;
#586 = ORIENTED_EDGE ( 'NONE', *, *, #1861, .T. ) ;
#587 = CARTESIAN_POINT ( 'NONE',  ( 2.590782551352431184, 1.350000000000000533, 1.070000000000000506 ) ) ;
#588 = CARTESIAN_POINT ( 'NONE',  ( 3.000000000000001776, 0.1499999999999965805, -1.069999999999999840 ) ) ;
#589 = CARTESIAN_POINT ( 'NONE',  ( 2.830870421587673214, 1.129999999999996563, -1.469999999999999751 ) ) ;
#590 = VECTOR ( 'NONE', #1044, 1000.000000000000000 ) ;
#591 = ORIENTED_EDGE ( 'NONE', *, *, #2108, .F. ) ;
#592 = VECTOR ( 'NONE', #1109, 1000.000000000000000 ) ;
#593 = PLANE ( 'NONE',  #1394 ) ;
#594 = ORIENTED_EDGE ( 'NONE', *, *, #1172, .F. ) ;
#595 = VECTOR ( 'NONE', #264, 1000.000000000000000 ) ;
#596 = AXIS2_PLACEMENT_3D ( 'NONE', #866, #511, #1196 ) ;
#597 = EDGE_CURVE ( 'NONE', #1201, #1102, #1443, .T. ) ;
#598 = LINE ( 'NONE', #1282, #204 ) ;
#599 = CARTESIAN_POINT ( 'NONE',  ( -3.500000000000000000, 0.1499999999999999667, 1.070000000000000506 ) ) ;
#600 = AXIS2_PLACEMENT_3D ( 'NONE', #342, #1529, #1561 ) ;
#601 = VERTEX_POINT ( 'NONE', #809 ) ;
#602 = CARTESIAN_POINT ( 'NONE',  ( -2.681441216873911237, 1.116926638587848908, -1.469999999999999751 ) ) ;
#603 = VERTEX_POINT ( 'NONE', #1812 ) ;
#604 = LINE ( 'NONE', #2001, #368 ) ;
#605 = AXIS2_PLACEMENT_3D ( 'NONE', #871, #2094, #1888 ) ;
#606 = ORIENTED_EDGE ( 'NONE', *, *, #1004, .F. ) ;
#607 = DIRECTION ( 'NONE',  ( 0.000000000000000000, -0.000000000000000000, -1.000000000000000000 ) ) ;
#608 = ORIENTED_EDGE ( 'NONE', *, *, #483, .T. ) ;
#609 = CLOSED_SHELL ( 'NONE', ( #1835, #1299, #1603, #1024, #723, #464, #993, #737, #798, #159, #163, #1590, #1336 ) ) ;
#610 =( LENGTH_UNIT ( ) NAMED_UNIT ( * ) SI_UNIT ( .MILLI., .METRE. ) );
#611 = DIRECTION ( 'NONE',  ( -8.673617379884038628E-15, -1.000000000000000000, 0.000000000000000000 ) ) ;
#612 = EDGE_CURVE ( 'NONE', #1922, #1688, #1838, .T. ) ;
#613 = ORIENTED_EDGE ( 'NONE', *, *, #656, .T. ) ;
#614 = VECTOR ( 'NONE', #1321, 1000.000000000000000 ) ;
#615 = VERTEX_POINT ( 'NONE', #1491 ) ;
#616 = DIRECTION ( 'NONE',  ( -0.1218693434051435487, 0.9925461516413224272, 0.000000000000000000 ) ) ;
#617 = UNCERTAINTY_MEASURE_WITH_UNIT (LENGTH_MEASURE( 1.000000000000000082E-05 ), #1373, 'distance_accuracy_value', 'NONE');
#618 = CARTESIAN_POINT ( 'NONE',  ( -2.681441216873911237, 1.116926638587848908, 1.070000000000000506 ) ) ;
#619 = ORIENTED_EDGE ( 'NONE', *, *, #1856, .T. ) ;
#620 = DIRECTION ( 'NONE',  ( 1.000000000000000000, -8.673617379884038628E-15, 0.000000000000000000 ) ) ;
#621 = VERTEX_POINT ( 'NONE', #258 ) ;
#622 =( LENGTH_UNIT ( ) NAMED_UNIT ( * ) SI_UNIT ( .MILLI., .METRE. ) );
#623 = PLANE ( 'NONE',  #1605 ) ;
#624 = EDGE_CURVE ( 'NONE', #1040, #2201, #1505, .T. ) ;
#625 = ORIENTED_EDGE ( 'NONE', *, *, #1150, .F. ) ;
#626 = CYLINDRICAL_SURFACE ( 'NONE', #2069, 0.2410049668956685265 ) ;
#627 = EDGE_CURVE ( 'NONE', #280, #971, #155, .T. ) ;
#628 = SURFACE_SIDE_STYLE ('',( #84 ) ) ;
#629 = ADVANCED_FACE ( 'NONE', ( #2183 ), #438, .T. ) ;
#630 = ORIENTED_EDGE ( 'NONE', *, *, #1856, .F. ) ;
#631 = ORIENTED_EDGE ( 'NONE', *, *, #584, .T. ) ;
#632 = CIRCLE ( 'NONE', #1711, 0.09100496689566682507 ) ;
#633 = CARTESIAN_POINT ( 'NONE',  ( -2.274999999999999467, 1.199999999999999956, -1.849999999999999867 ) ) ;
#634 = FACE_OUTER_BOUND ( 'NONE', #1640, .T. ) ;
#635 = VECTOR ( 'NONE', #1644, 1000.000000000000114 ) ;
#636 = ORIENTED_EDGE ( 'NONE', *, *, #2138, .F. ) ;
#637 = DIRECTION ( 'NONE',  ( -0.000000000000000000, -0.000000000000000000, -1.000000000000000000 ) ) ;
#638 = CARTESIAN_POINT ( 'NONE',  ( 3.000000000000001776, 0.1499999999999948319, -1.469999999999999751 ) ) ;
#639 = UNCERTAINTY_MEASURE_WITH_UNIT (LENGTH_MEASURE( 1.000000000000000082E-05 ), #1357, 'distance_accuracy_value', 'NONE');
#640 = CARTESIAN_POINT ( 'NONE',  ( 2.590782551352431184, 1.350000000000000533, 1.470000000000000417 ) ) ;
#641 = ADVANCED_FACE ( 'NONE', ( #82 ), #626, .T. ) ;
#642 = VERTEX_POINT ( 'NONE', #1285 ) ;
#643 = EDGE_CURVE ( 'NONE', #1922, #2036, #305, .T. ) ;
#644 = CARTESIAN_POINT ( 'NONE',  ( -3.500000000000000000, 0.1499999999999999667, 1.470000000000000417 ) ) ;
#645 = DIRECTION ( 'NONE',  ( -1.297667754066997495E-15, -1.000000000000000000, 0.000000000000000000 ) ) ;
#646 = VECTOR ( 'NONE', #913, 1000.000000000000227 ) ;
#647 = VERTEX_POINT ( 'NONE', #979 ) ;
#648 = ORIENTED_EDGE ( 'NONE', *, *, #938, .F. ) ;
#649 = LINE ( 'NONE', #1161, #1600 ) ;
#650 = DIRECTION ( 'NONE',  ( -1.000000000000000000, -1.297667754066997495E-15, 0.000000000000000000 ) ) ;
#651 = EDGE_CURVE ( 'NONE', #478, #1938, #819, .T. ) ;
#652 = ORIENTED_EDGE ( 'NONE', *, *, #408, .T. ) ;
#653 = ORIENTED_EDGE ( 'NONE', *, *, #1472, .F. ) ;
#654 = CARTESIAN_POINT ( 'NONE',  ( 2.590782551352431184, 1.350000000000000533, -1.469999999999999751 ) ) ;
#655 = DIRECTION ( 'NONE',  ( -0.000000000000000000, -0.000000000000000000, -1.000000000000000000 ) ) ;
#656 = EDGE_CURVE ( 'NONE', #1364, #2016, #1635, .T. ) ;
#657 = ORIENTED_EDGE ( 'NONE', *, *, #857, .T. ) ;
#658 = DIRECTION ( 'NONE',  ( 1.000000000000000000, 1.297667754066997298E-15, 0.000000000000000000 ) ) ;
#659 = FACE_OUTER_BOUND ( 'NONE', #1810, .T. ) ;
#660 = UNCERTAINTY_MEASURE_WITH_UNIT (LENGTH_MEASURE( 1.000000000000000082E-05 ), #970, 'distance_accuracy_value', 'NONE');
#661 = CARTESIAN_POINT ( 'NONE',  ( -1.566614007372302053, 2.199999999999999289, -1.244075829383894050 ) ) ;
#662 = ORIENTED_EDGE ( 'NONE', *, *, #2168, .T. ) ;
#663 = VERTEX_POINT ( 'NONE', #1998 ) ;
#664 = FACE_OUTER_BOUND ( 'NONE', #47, .T. ) ;
#665 = SHAPE_DEFINITION_REPRESENTATION ( #972, #1290 ) ;
#666 = ADVANCED_FACE ( 'NONE', ( #281 ), #1800, .F. ) ;
#667 = VECTOR ( 'NONE', #1855, 1000.000000000000000 ) ;
#668 = VERTEX_POINT ( 'NONE', #1298 ) ;
#669 = FACE_OUTER_BOUND ( 'NONE', #436, .T. ) ;
#670 = COLOUR_RGB ( '',1.000000000000000000, 1.000000000000000000, 1.000000000000000000 ) ;
#671 = CARTESIAN_POINT ( 'NONE',  ( 2.274999999999999467, 1.199999999999999956, -1.850000000000000755 ) ) ;
#672 = VECTOR ( 'NONE', #220, 1000.000000000000000 ) ;
#673 = CARTESIAN_POINT ( 'NONE',  ( -1.566614007372302053, 2.199999999999999289, -0.9513516028965847138 ) ) ;
#674 = DIRECTION ( 'NONE',  ( -6.776263578034425590E-15, -1.000000000000000000, 0.000000000000000000 ) ) ;
#675 = ORIENTED_EDGE ( 'NONE', *, *, #755, .T. ) ;
#676 = ORIENTED_EDGE ( 'NONE', *, *, #117, .T. ) ;
#677 = VERTEX_POINT ( 'NONE', #958 ) ;
#678 = DIRECTION ( 'NONE',  ( -2.060029285042044511E-15, 1.000000000000000000, 0.000000000000000000 ) ) ;
#679 = ORIENTED_EDGE ( 'NONE', *, *, #1872, .F. ) ;
#680 = PRESENTATION_LAYER_ASSIGNMENT (  '', '', ( #1954 ) ) ;
#681 = LINE ( 'NONE', #865, #350 ) ;
#682 = CARTESIAN_POINT ( 'NONE',  ( 3.000000000000002665, -3.408594712664475502E-15, -1.069999999999999840 ) ) ;
#683 = FILL_AREA_STYLE ('',( #1884 ) ) ;
#684 = DIRECTION ( 'NONE',  ( 0.000000000000000000, 0.9925461516413219831, 0.1218693434051477398 ) ) ;
#685 = ORIENTED_EDGE ( 'NONE', *, *, #423, .T. ) ;
#686 = ORIENTED_EDGE ( 'NONE', *, *, #981, .T. ) ;
#687 = ORIENTED_EDGE ( 'NONE', *, *, #1087, .T. ) ;
#688 = DIRECTION ( 'NONE',  ( -1.000000000000000000, -6.817139905416461949E-15, 0.000000000000000000 ) ) ;
#689 = DIRECTION ( 'NONE',  ( -0.000000000000000000, -0.000000000000000000, -1.000000000000000000 ) ) ;
#690 = ORIENTED_EDGE ( 'NONE', *, *, #528, .F. ) ;
#691 = VECTOR ( 'NONE', #1108, 1000.000000000000000 ) ;
#692 = FACE_OUTER_BOUND ( 'NONE', #1816, .T. ) ;
#693 = CARTESIAN_POINT ( 'NONE',  ( -2.681441216873911237, 1.116926638587848908, 1.470000000000000417 ) ) ;
#694 = LINE ( 'NONE', #1540, #1144 ) ;
#695 = DIRECTION ( 'NONE',  ( -1.000000000000000000, 1.297667754066997298E-15, -0.000000000000000000 ) ) ;
#696 = ADVANCED_FACE ( 'NONE', ( #2210 ), #2077, .F. ) ;
#697 = ORIENTED_EDGE ( 'NONE', *, *, #2227, .T. ) ;
#698 = ORIENTED_EDGE ( 'NONE', *, *, #821, .T. ) ;
#699 = ADVANCED_FACE ( 'NONE', ( #1515 ), #1704, .T. ) ;
#700 = CARTESIAN_POINT ( 'NONE',  ( -2.590782551352431184, 1.200000000000000622, -1.069999999999999840 ) ) ;
#701 = CARTESIAN_POINT ( 'NONE',  ( -2.274999999999999467, 1.199999999999999956, -1.849999999999999867 ) ) ;
#702 = DIRECTION ( 'NONE',  ( 0.9925461516413225382, 0.1218693434051435487, 0.000000000000000000 ) ) ;
#703 = AXIS2_PLACEMENT_3D ( 'NONE', #31, #746, #1246 ) ;
#704 = VECTOR ( 'NONE', #1358, 1000.000000000000000 ) ;
#705 = CARTESIAN_POINT ( 'NONE',  ( -2.274999999999999467, 1.199999999999999956, 1.850000000000001421 ) ) ;
#706 = CARTESIAN_POINT ( 'NONE',  ( -2.274999999999999467, 1.199999999999999956, -1.849999999999999867 ) ) ;
#707 = VECTOR ( 'NONE', #2136, 1000.000000000000000 ) ;
#708 = VECTOR ( 'NONE', #727, 1000.000000000000227 ) ;
#709 = ORIENTED_EDGE ( 'NONE', *, *, #440, .T. ) ;
#710 = LINE ( 'NONE', #2049, #144 ) ;
#711 = AXIS2_PLACEMENT_3D ( 'NONE', #15, #151, #1338 ) ;
#712 = VECTOR ( 'NONE', #1730, 1000.000000000000000 ) ;
#713 = CARTESIAN_POINT ( 'NONE',  ( 2.274999999999999467, 1.199999999999999956, -1.069999999999999840 ) ) ;
#714 = ADVANCED_FACE ( 'NONE', ( #1026 ), #1375, .T. ) ;
#715 = LINE ( 'NONE', #1949, #2046 ) ;
#716 = DIRECTION ( 'NONE',  ( 0.000000000000000000, -0.000000000000000000, -1.000000000000000000 ) ) ;
#717 = DIRECTION ( 'NONE',  ( 0.000000000000000000, 1.000000000000000000, 0.000000000000000000 ) ) ;
#718 = CARTESIAN_POINT ( 'NONE',  ( -3.500000000000000000, 0.1499999999999999667, -1.069999999999999840 ) ) ;
#719 = CLOSED_SHELL ( 'NONE', ( #553, #1117, #1728, #696, #641, #1427, #1368, #1215, #767, #380, #2100, #923, #1613, #2177 ) ) ;
#720 = ORIENTED_EDGE ( 'NONE', *, *, #1145, .T. ) ;
#721 = DIRECTION ( 'NONE',  ( 0.000000000000000000, -1.000000000000000000, 0.000000000000000000 ) ) ;
#722 = CIRCLE ( 'NONE', #1585, 0.09100496689566900388 ) ;
#723 = ADVANCED_FACE ( 'NONE', ( #692 ), #1692, .T. ) ;
#724 = CARTESIAN_POINT ( 'NONE',  ( 3.500000000000001332, -2.475995625340219932E-20, -1.069999999999999840 ) ) ;
#725 = AXIS2_PLACEMENT_3D ( 'NONE', #1307, #1119, #774 ) ;
#726 = CARTESIAN_POINT ( 'NONE',  ( -2.590782551352431184, 1.350000000000000533, 1.070000000000000506 ) ) ;
#727 = DIRECTION ( 'NONE',  ( -0.08715574274765112983, 0.9961946980917461003, 0.000000000000000000 ) ) ;
#728 = EDGE_CURVE ( 'NONE', #872, #1083, #6, .T. ) ;
#729 = PLANE ( 'NONE',  #472 ) ;
#730 = DIRECTION ( 'NONE',  ( -0.08715574274765111595, -0.9961946980917461003, 0.000000000000000000 ) ) ;
#731 = LINE ( 'NONE', #1262, #928 ) ;
#732 = ORIENTED_EDGE ( 'NONE', *, *, #307, .F. ) ;
#733 = ORIENTED_EDGE ( 'NONE', *, *, #1579, .F. ) ;
#734 = DIRECTION ( 'NONE',  ( 0.000000000000000000, 0.000000000000000000, 1.000000000000000000 ) ) ;
#735 = DIRECTION ( 'NONE',  ( 0.08715574274765112983, 0.9961946980917461003, -0.000000000000000000 ) ) ;
#736 = LINE ( 'NONE', #1927, #708 ) ;
#737 = ADVANCED_FACE ( 'NONE', ( #1892 ), #153, .T. ) ;
#738 = LINE ( 'NONE', #1928, #1552 ) ;
#739 = DIRECTION ( 'NONE',  ( 8.673617379884038628E-15, -1.000000000000000000, 0.000000000000000000 ) ) ;
#740 = EDGE_CURVE ( 'NONE', #164, #1734, #990, .T. ) ;
#741 = VECTOR ( 'NONE', #846, 1000.000000000000000 ) ;
#742 = FACE_OUTER_BOUND ( 'NONE', #1433, .T. ) ;
#743 = AXIS2_PLACEMENT_3D ( 'NONE', #1317, #290, #1104 ) ;
#744 = ORIENTED_EDGE ( 'NONE', *, *, #12, .F. ) ;
#745 = DIRECTION ( 'NONE',  ( 0.9925461516413219831, 0.1218693434051477398, -2.326747446273833025E-16 ) ) ;
#746 = DIRECTION ( 'NONE',  ( 0.000000000000000000, 0.000000000000000000, 1.000000000000000000 ) ) ;
#747 = PLANE ( 'NONE',  #847 ) ;
#748 = VERTEX_POINT ( 'NONE', #521 ) ;
#749 = ADVANCED_FACE ( 'NONE', ( #1526 ), #510, .F. ) ;
#750 = CARTESIAN_POINT ( 'NONE',  ( -3.000000000000001776, 0.1499999999999948319, -1.069999999999999840 ) ) ;
#751 = LINE ( 'NONE', #718, #820 ) ;
#752 = CARTESIAN_POINT ( 'NONE',  ( -2.999999999999997335, 0.2410049668956616986, 1.470000000000000417 ) ) ;
#753 = VECTOR ( 'NONE', #1895, 1000.000000000000000 ) ;
#754 = AXIS2_PLACEMENT_3D ( 'NONE', #2133, #1596, #1074 ) ;
#755 = EDGE_CURVE ( 'NONE', #995, #120, #1907, .T. ) ;
#756 = EDGE_LOOP ( 'NONE', ( #1741, #690, #452, #1329 ) ) ;
#757 = LINE ( 'NONE', #1621, #1273 ) ;
#758 = AXIS2_PLACEMENT_3D ( 'NONE', #1615, #1222, #1920 ) ;
#759 = VECTOR ( 'NONE', #491, 1000.000000000000000 ) ;
#760 = DIRECTION ( 'NONE',  ( -0.000000000000000000, -0.000000000000000000, -1.000000000000000000 ) ) ;
#761 = DIRECTION ( 'NONE',  ( 0.000000000000000000, 0.000000000000000000, 1.000000000000000000 ) ) ;
#762 = VECTOR ( 'NONE', #392, 1000.000000000000000 ) ;
#763 = ORIENTED_EDGE ( 'NONE', *, *, #1187, .F. ) ;
#764 = LINE ( 'NONE', #63, #646 ) ;
#765 = CARTESIAN_POINT ( 'NONE',  ( 3.000000000000001776, 0.1499999999999965805, 1.070000000000000506 ) ) ;
#766 = PLANE ( 'NONE',  #754 ) ;
#767 = ADVANCED_FACE ( 'NONE', ( #669 ), #1354, .F. ) ;
#768 = AXIS2_PLACEMENT_3D ( 'NONE', #97, #1474, #2167 ) ;
#769 = ORIENTED_EDGE ( 'NONE', *, *, #161, .T. ) ;
#770 = CARTESIAN_POINT ( 'NONE',  ( 2.139936983006804461, 2.299999999999998934, -1.714936983006805526 ) ) ;
#771 = DIRECTION ( 'NONE',  ( 0.000000000000000000, 0.9925461516413219831, -0.1218693434051477398 ) ) ;
#772 = PLANE ( 'NONE',  #238 ) ;
#773 = EDGE_LOOP ( 'NONE', ( #1807, #1382, #236, #939 ) ) ;
#774 = DIRECTION ( 'NONE',  ( 1.000000000000000000, 0.000000000000000000, 0.000000000000000000 ) ) ;
#775 =( LENGTH_UNIT ( ) NAMED_UNIT ( * ) SI_UNIT ( .MILLI., .METRE. ) );
#776 = DIRECTION ( 'NONE',  ( 1.297667754066997495E-15, -1.000000000000000000, 0.000000000000000000 ) ) ;
#777 = CIRCLE ( 'NONE', #1023, 0.2410049668956685265 ) ;
#778 = EDGE_CURVE ( 'NONE', #1833, #1734, #1781, .T. ) ;
#779 = ORIENTED_EDGE ( 'NONE', *, *, #802, .F. ) ;
#780 = CIRCLE ( 'NONE', #1792, 0.2410049668956667779 ) ;
#781 = CARTESIAN_POINT ( 'NONE',  ( -3.000000000000002665, -3.408594712664475502E-15, -1.069999999999999840 ) ) ;
#782 = ORIENTED_EDGE ( 'NONE', *, *, #90, .F. ) ;
#783 = CIRCLE ( 'NONE', #1274, 0.09100496689566682507 ) ;
#784 = CIRCLE ( 'NONE', #95, 0.09100496689566900388 ) ;
#785 = LINE ( 'NONE', #301, #354 ) ;
#786 = AXIS2_PLACEMENT_3D ( 'NONE', #524, #2122, #1802 ) ;
#787 = ORIENTED_EDGE ( 'NONE', *, *, #90, .T. ) ;
#788 = CARTESIAN_POINT ( 'NONE',  ( -2.274999999999999467, 2.299999999999998934, -1.714936983006804638 ) ) ;
#789 = DIRECTION ( 'NONE',  ( -0.000000000000000000, 1.000000000000000000, -0.000000000000000000 ) ) ;
#790 = DIRECTION ( 'NONE',  ( -1.000000000000000000, 0.000000000000000000, 0.000000000000000000 ) ) ;
#791 = ORIENTED_EDGE ( 'NONE', *, *, #1770, .T. ) ;
#792 = DIRECTION ( 'NONE',  ( 0.1209742911513548569, 0.9852565360152931717, 0.1209742911513548014 ) ) ;
#793 = VERTEX_POINT ( 'NONE', #360 ) ;
#794 = EDGE_CURVE ( 'NONE', #793, #1305, #828, .T. ) ;
#795 = DIRECTION ( 'NONE',  ( -0.1218693434051435487, 0.9925461516413224272, 0.000000000000000000 ) ) ;
#796 = PLANE ( 'NONE',  #1313 ) ;
#797 = ORIENTED_EDGE ( 'NONE', *, *, #1379, .T. ) ;
#798 = ADVANCED_FACE ( 'NONE', ( #1013 ), #1195, .T. ) ;
#799 = EDGE_LOOP ( 'NONE', ( #791, #1649, #463, #1525 ) ) ;
#800 = CARTESIAN_POINT ( 'NONE',  ( -1.566614007372302053, 2.299999999999998934, -1.244075829383894050 ) ) ;
#801 = PRESENTATION_STYLE_ASSIGNMENT (( #980 ) ) ;
#802 = EDGE_CURVE ( 'NONE', #884, #268, #681, .T. ) ;
#803 = DIRECTION ( 'NONE',  ( -0.000000000000000000, -0.000000000000000000, -1.000000000000000000 ) ) ;
#804 = EDGE_LOOP ( 'NONE', ( #1563, #125, #897, #22 ) ) ;
#805 = EDGE_LOOP ( 'NONE', ( #591, #648, #999, #2008 ) ) ;
#806 = FACE_OUTER_BOUND ( 'NONE', #1997, .T. ) ;
#807 = ORIENTED_EDGE ( 'NONE', *, *, #2054, .F. ) ;
#808 = EDGE_CURVE ( 'NONE', #56, #138, #649, .T. ) ;
#809 = CARTESIAN_POINT ( 'NONE',  ( -3.500000000000001332, -2.475995625340219932E-20, -1.069999999999999840 ) ) ;
#810 = DIRECTION ( 'NONE',  ( -1.000000000000000000, -0.000000000000000000, 1.906289534040447733E-16 ) ) ;
#811 = DIRECTION ( 'NONE',  ( 0.000000000000000000, -0.000000000000000000, -1.000000000000000000 ) ) ;
#812 = EDGE_LOOP ( 'NONE', ( #949, #206, #657, #1633 ) ) ;
#813 = VECTOR ( 'NONE', #688, 1000.000000000000000 ) ;
#814 = DIRECTION ( 'NONE',  ( 0.000000000000000000, 0.000000000000000000, 1.000000000000000000 ) ) ;
#815 = DIRECTION ( 'NONE',  ( 1.000000000000000000, -1.297667754066997495E-15, 0.000000000000000000 ) ) ;
#816 = ORIENTED_EDGE ( 'NONE', *, *, #821, .F. ) ;
#817 = AXIS2_PLACEMENT_3D ( 'NONE', #1919, #1037, #1366 ) ;
#818 = ORIENTED_EDGE ( 'NONE', *, *, #2033, .F. ) ;
#819 = LINE ( 'NONE', #945, #1486 ) ;
#820 = VECTOR ( 'NONE', #2131, 1000.000000000000000 ) ;
#821 = EDGE_CURVE ( 'NONE', #427, #2064, #480, .T. ) ;
#822 = UNCERTAINTY_MEASURE_WITH_UNIT (LENGTH_MEASURE( 1.000000000000000082E-05 ), #610, 'distance_accuracy_value', 'NONE');
#823 = FILL_AREA_STYLE_COLOUR ( '', #1878 ) ;
#824 = ORIENTED_EDGE ( 'NONE', *, *, #2054, .T. ) ;
#825 = EDGE_CURVE ( 'NONE', #1416, #280, #1228, .T. ) ;
#826 = DIRECTION ( 'NONE',  ( 0.1209742911513548569, -0.9852565360152931717, 0.1209742911513548014 ) ) ;
#827 = ORIENTED_EDGE ( 'NONE', *, *, #176, .T. ) ;
#828 = LINE ( 'NONE', #1036, #201 ) ;
#829 = CARTESIAN_POINT ( 'NONE',  ( -2.590782551352431184, 1.108995033104331451, -1.069999999999999840 ) ) ;
#830 = DIRECTION ( 'NONE',  ( 0.000000000000000000, -0.000000000000000000, 1.000000000000000000 ) ) ;
#831 = ORIENTED_EDGE ( 'NONE', *, *, #570, .F. ) ;
#832 = ORIENTED_EDGE ( 'NONE', *, *, #430, .F. ) ;
#833 = VECTOR ( 'NONE', #616, 1000.000000000000227 ) ;
#834 = EDGE_CURVE ( 'NONE', #1597, #884, #219, .T. ) ;
#835 = CARTESIAN_POINT ( 'NONE',  ( 3.000000000000002665, -3.408594712664475502E-15, -1.069999999999999840 ) ) ;
#836 = ORIENTED_EDGE ( 'NONE', *, *, #728, .T. ) ;
#837 = DIRECTION ( 'NONE',  ( 0.1218693434051477398, 0.9925461516413219831, 0.000000000000000000 ) ) ;
#838 = DIRECTION ( 'NONE',  ( 0.1218693434051435348, -0.9925461516413224272, 0.000000000000000000 ) ) ;
#839 = LINE ( 'NONE', #502, #1839 ) ;
#840 = DIRECTION ( 'NONE',  ( 0.000000000000000000, 1.000000000000000000, 0.000000000000000000 ) ) ;
#841 = ORIENTED_EDGE ( 'NONE', *, *, #318, .F. ) ;
#842 = ORIENTED_EDGE ( 'NONE', *, *, #2000, .F. ) ;
#843 = CARTESIAN_POINT ( 'NONE',  ( 2.274999999999999467, 1.199999999999999956, 1.470000000000000417 ) ) ;
#844 = VECTOR ( 'NONE', #795, 1000.000000000000227 ) ;
#845 = ORIENTED_EDGE ( 'NONE', *, *, #656, .F. ) ;
#846 = DIRECTION ( 'NONE',  ( 8.673617379884038628E-15, -1.000000000000000000, 0.000000000000000000 ) ) ;
#847 = AXIS2_PLACEMENT_3D ( 'NONE', #1749, #1445, #2128 ) ;
#848 = CARTESIAN_POINT ( 'NONE',  ( 3.500000000000000000, 0.1499999999999999667, 1.470000000000000417 ) ) ;
#849 = CARTESIAN_POINT ( 'NONE',  ( 2.590782551352431184, 1.350000000000000533, -1.069999999999999840 ) ) ;
#850 = ORIENTED_EDGE ( 'NONE', *, *, #187, .F. ) ;
#851 = FACE_OUTER_BOUND ( 'NONE', #2154, .T. ) ;
#852 = ORIENTED_EDGE ( 'NONE', *, *, #825, .F. ) ;
#853 = CARTESIAN_POINT ( 'NONE',  ( 3.000000000000002665, -3.408594712664475502E-15, -1.469999999999999751 ) ) ;
#854 = EDGE_LOOP ( 'NONE', ( #1877, #309 ) ) ;
#855 = CARTESIAN_POINT ( 'NONE',  ( -2.590782551352431184, 1.108995033104331451, 1.070000000000000506 ) ) ;
#856 = DIRECTION ( 'NONE',  ( 1.000000000000000000, 0.000000000000000000, 0.000000000000000000 ) ) ;
#857 = EDGE_CURVE ( 'NONE', #1305, #56, #777, .T. ) ;
#858 =( NAMED_UNIT ( * ) PLANE_ANGLE_UNIT ( ) SI_UNIT ( $, .RADIAN. ) );
#859 = DIRECTION ( 'NONE',  ( 1.000000000000000000, -6.817139905416461949E-15, -0.000000000000000000 ) ) ;
#860 = EDGE_CURVE ( 'NONE', #1691, #1597, #454, .T. ) ;
#861 = VERTEX_POINT ( 'NONE', #1761 ) ;
#862 = VERTEX_POINT ( 'NONE', #1736 ) ;
#863 = LINE ( 'NONE', #700, #1746 ) ;
#864 = CARTESIAN_POINT ( 'NONE',  ( -2.999999999999997335, 0.2410049668956616986, 1.470000000000000417 ) ) ;
#865 = CARTESIAN_POINT ( 'NONE',  ( 2.681441216873911237, 1.116926638587848908, 1.070000000000000506 ) ) ;
#866 = CARTESIAN_POINT ( 'NONE',  ( -2.590782551352431184, 1.108995033104331451, -1.469999999999999751 ) ) ;
#867 = CARTESIAN_POINT ( 'NONE',  ( 2.590782551352431184, 1.350000000000000533, 1.470000000000000417 ) ) ;
#868 = DIRECTION ( 'NONE',  ( -1.000000000000000000, -8.673617379884038628E-15, 0.000000000000000000 ) ) ;
#869 = EDGE_LOOP ( 'NONE', ( #234, #421 ) ) ;
#870 = CIRCLE ( 'NONE', #1053, 0.09100496689566682507 ) ;
#871 = CARTESIAN_POINT ( 'NONE',  ( -3.000000000000002665, -3.408594712664475502E-15, 1.470000000000000417 ) ) ;
#872 = VERTEX_POINT ( 'NONE', #211 ) ;
#873 = CARTESIAN_POINT ( 'NONE',  ( 2.909341334478517727, 0.2330733614121440200, 1.470000000000000417 ) ) ;
#874 = AXIS2_PLACEMENT_3D ( 'NONE', #855, #1207, #1184 ) ;
#875 = CARTESIAN_POINT ( 'NONE',  ( -1.566614007372302053, 2.299999999999998934, -1.244075829383894050 ) ) ;
#876 = FACE_OUTER_BOUND ( 'NONE', #2217, .T. ) ;
#877 = CIRCLE ( 'NONE', #23, 0.2410049668956685265 ) ;
#878 = CIRCLE ( 'NONE', #1675, 0.2927242264873094468 ) ;
#879 = CARTESIAN_POINT ( 'NONE',  ( -1.566614007372302053, 2.199999999999999289, -1.536800055871203607 ) ) ;
#880 = FACE_OUTER_BOUND ( 'NONE', #1805, .T. ) ;
#881 = AXIS2_PLACEMENT_3D ( 'NONE', #1033, #1054, #889 ) ;
#882 = ADVANCED_FACE ( 'NONE', ( #50 ), #1401, .F. ) ;
#883 = CIRCLE ( 'NONE', #1423, 0.2410049668956685265 ) ;
#884 = VERTEX_POINT ( 'NONE', #228 ) ;
#885 = CARTESIAN_POINT ( 'NONE',  ( 2.590782551352431184, 1.108995033104331451, -1.069999999999999840 ) ) ;
#886 = AXIS2_PLACEMENT_3D ( 'NONE', #987, #655, #1158 ) ;
#887 = ORIENTED_EDGE ( 'NONE', *, *, #981, .F. ) ;
#888 = VECTOR ( 'NONE', #1616, 1000.000000000000000 ) ;
#889 = DIRECTION ( 'NONE',  ( 1.000000000000000000, 0.000000000000000000, 0.000000000000000000 ) ) ;
#890 = EDGE_CURVE ( 'NONE', #1483, #668, #911, .T. ) ;
#891 = LINE ( 'NONE', #79, #237 ) ;
#892 = CARTESIAN_POINT ( 'NONE',  ( 2.909341334478517727, 0.2330733614121440200, -1.069999999999999840 ) ) ;
#893 = AXIS2_PLACEMENT_3D ( 'NONE', #752, #916, #1964 ) ;
#894 = CARTESIAN_POINT ( 'NONE',  ( -2.999999999999997335, 0.2410049668956616986, 1.470000000000000417 ) ) ;
#895 = DIRECTION ( 'NONE',  ( -0.000000000000000000, -0.000000000000000000, -1.000000000000000000 ) ) ;
#896 = DIRECTION ( 'NONE',  ( 1.000000000000000000, 0.000000000000000000, 0.000000000000000000 ) ) ;
#897 = ORIENTED_EDGE ( 'NONE', *, *, #493, .T. ) ;
#898 = EDGE_CURVE ( 'NONE', #2016, #343, #1918, .T. ) ;
#899 = ORIENTED_EDGE ( 'NONE', *, *, #1549, .F. ) ;
#900 = FACE_OUTER_BOUND ( 'NONE', #1370, .T. ) ;
#901 = VECTOR ( 'NONE', #1625, 1000.000000000000227 ) ;
#902 = DIRECTION ( 'NONE',  ( 1.000000000000000000, -6.776263578034425590E-15, 0.000000000000000000 ) ) ;
#903 = DIRECTION ( 'NONE',  ( 1.000000000000000000, -2.060029285042044511E-15, -0.000000000000000000 ) ) ;
#904 = FACE_OUTER_BOUND ( 'NONE', #805, .T. ) ;
#905 = DIRECTION ( 'NONE',  ( 0.000000000000000000, -0.000000000000000000, -1.000000000000000000 ) ) ;
#906 = LINE ( 'NONE', #37, #435 ) ;
#907 = ORIENTED_EDGE ( 'NONE', *, *, #597, .F. ) ;
#908 = ORIENTED_EDGE ( 'NONE', *, *, #2220, .F. ) ;
#909 = PLANE ( 'NONE',  #1166 ) ;
#910 = EDGE_CURVE ( 'NONE', #668, #1945, #58, .T. ) ;
#911 = LINE ( 'NONE', #726, #2214 ) ;
#912 = FACE_OUTER_BOUND ( 'NONE', #1668, .T. ) ;
#913 = DIRECTION ( 'NONE',  ( -0.1218693434051435487, 0.9925461516413224272, 0.000000000000000000 ) ) ;
#914 = CARTESIAN_POINT ( 'NONE',  ( 3.500000000000000000, 0.1499999999999999667, 1.070000000000000506 ) ) ;
#915 = CIRCLE ( 'NONE', #383, 0.2410049668956685265 ) ;
#916 = DIRECTION ( 'NONE',  ( 0.000000000000000000, 0.000000000000000000, 1.000000000000000000 ) ) ;
#917 = VECTOR ( 'NONE', #1961, 1000.000000000000000 ) ;
#918 = ORIENTED_EDGE ( 'NONE', *, *, #1110, .T. ) ;
#919 = DIRECTION ( 'NONE',  ( 8.673617379884038628E-15, 1.000000000000000000, 0.000000000000000000 ) ) ;
#920 = VECTOR ( 'NONE', #73, 1000.000000000000000 ) ;
#921 = LINE ( 'NONE', #1402, #917 ) ;
#922 = ORIENTED_EDGE ( 'NONE', *, *, #955, .F. ) ;
#923 = ADVANCED_FACE ( 'NONE', ( #401 ), #239, .F. ) ;
#924 = DIRECTION ( 'NONE',  ( 1.000000000000000000, 2.060029285042044511E-15, 0.000000000000000000 ) ) ;
#925 = LINE ( 'NONE', #588, #592 ) ;
#926 = ADVANCED_FACE ( 'NONE', ( #1235 ), #2106, .T. ) ;
#927 = DIRECTION ( 'NONE',  ( 2.060029285042044511E-15, 1.000000000000000000, -0.000000000000000000 ) ) ;
#928 = VECTOR ( 'NONE', #1449, 1000.000000000000000 ) ;
#929 = VERTEX_POINT ( 'NONE', #531 ) ;
#930 = DIRECTION ( 'NONE',  ( 6.817139905416462738E-15, 1.000000000000000000, -0.000000000000000000 ) ) ;
#931 = ORIENTED_EDGE ( 'NONE', *, *, #542, .T. ) ;
#932 =( NAMED_UNIT ( * ) PLANE_ANGLE_UNIT ( ) SI_UNIT ( $, .RADIAN. ) );
#933 = CARTESIAN_POINT ( 'NONE',  ( -2.590782551352431184, 1.108995033104331451, -1.469999999999999751 ) ) ;
#934 = VERTEX_POINT ( 'NONE', #60 ) ;
#935 = ORIENTED_EDGE ( 'NONE', *, *, #651, .T. ) ;
#936 = LINE ( 'NONE', #587, #577 ) ;
#937 = LINE ( 'NONE', #546, #1348 ) ;
#938 = EDGE_CURVE ( 'NONE', #1875, #268, #1960, .T. ) ;
#939 = ORIENTED_EDGE ( 'NONE', *, *, #1925, .T. ) ;
#940 = DIRECTION ( 'NONE',  ( -8.673617379884038628E-15, -1.000000000000000000, 0.000000000000000000 ) ) ;
#941 = ORIENTED_EDGE ( 'NONE', *, *, #1252, .F. ) ;
#942 = CARTESIAN_POINT ( 'NONE',  ( 2.590782551352431184, 1.108995033104331451, 1.070000000000000506 ) ) ;
#943 = ORIENTED_EDGE ( 'NONE', *, *, #2018, .T. ) ;
#944 = VERTEX_POINT ( 'NONE', #2118 ) ;
#945 = CARTESIAN_POINT ( 'NONE',  ( -3.000000000000002665, -3.408594712664475502E-15, 1.070000000000000506 ) ) ;
#946 = FILL_AREA_STYLE_COLOUR ( '', #992 ) ;
#947 = CARTESIAN_POINT ( 'NONE',  ( 2.274999999999999467, 1.199999999999999956, 1.070000000000000506 ) ) ;
#948 = EDGE_CURVE ( 'NONE', #527, #2193, #715, .T. ) ;
#949 = ORIENTED_EDGE ( 'NONE', *, *, #1944, .F. ) ;
#950 = ORIENTED_EDGE ( 'NONE', *, *, #1150, .T. ) ;
#951 = CIRCLE ( 'NONE', #242, 0.09100496689566900388 ) ;
#952 = DIRECTION ( 'NONE',  ( 0.000000000000000000, -0.000000000000000000, -1.000000000000000000 ) ) ;
#953 = ADVANCED_FACE ( 'NONE', ( #1258 ), #2098, .F. ) ;
#954 = VECTOR ( 'NONE', #532, 1000.000000000000000 ) ;
#955 = EDGE_CURVE ( 'NONE', #1488, #1842, #1046, .T. ) ;
#956 = DIRECTION ( 'NONE',  ( -0.1218693434051435348, -0.9925461516413224272, 0.000000000000000000 ) ) ;
#957 = ORIENTED_EDGE ( 'NONE', *, *, #1497, .F. ) ;
#958 = CARTESIAN_POINT ( 'NONE',  ( 3.000000000000002665, -3.408594712664475502E-15, 1.070000000000000506 ) ) ;
#959 = PLANE ( 'NONE',  #1464 ) ;
#960 = LINE ( 'NONE', #1507, #1650 ) ;
#961 = AXIS2_PLACEMENT_3D ( 'NONE', #1787, #244, #924 ) ;
#962 = ORIENTED_EDGE ( 'NONE', *, *, #65, .F. ) ;
#963 = EDGE_CURVE ( 'NONE', #1488, #944, #1533, .T. ) ;
#964 = AXIS2_PLACEMENT_3D ( 'NONE', #441, #776, #650 ) ;
#965 = CARTESIAN_POINT ( 'NONE',  ( 2.681441216873911237, 1.116926638587848908, 1.470000000000000417 ) ) ;
#966 = ORIENTED_EDGE ( 'NONE', *, *, #1780, .F. ) ;
#967 = ORIENTED_EDGE ( 'NONE', *, *, #2108, .T. ) ;
#968 = LINE ( 'NONE', #109, #833 ) ;
#969 = LINE ( 'NONE', #1485, #1745 ) ;
#970 =( LENGTH_UNIT ( ) NAMED_UNIT ( * ) SI_UNIT ( .MILLI., .METRE. ) );
#971 = VERTEX_POINT ( 'NONE', #1747 ) ;
#972 = PRODUCT_DEFINITION_SHAPE ( 'NONE', 'NONE',  #1066 ) ;
#973 = ORIENTED_EDGE ( 'NONE', *, *, #1257, .F. ) ;
#974 = ORIENTED_EDGE ( 'NONE', *, *, #193, .F. ) ;
#975 = LINE ( 'NONE', #126, #667 ) ;
#976 = DIRECTION ( 'NONE',  ( 0.1218693434051435487, 0.9925461516413224272, -0.000000000000000000 ) ) ;
#977 = EDGE_CURVE ( 'NONE', #615, #2193, #891, .T. ) ;
#978 = ORIENTED_EDGE ( 'NONE', *, *, #1130, .F. ) ;
#979 = CARTESIAN_POINT ( 'NONE',  ( 2.274999999999999467, 1.199999999999999956, -1.069999999999999840 ) ) ;
#980 = SURFACE_STYLE_USAGE ( .BOTH. , #122 ) ;
#981 = EDGE_CURVE ( 'NONE', #13, #1052, #2019, .T. ) ;
#982 = ORIENTED_EDGE ( 'NONE', *, *, #1996, .T. ) ;
#983 = ORIENTED_EDGE ( 'NONE', *, *, #890, .F. ) ;
#984 = AXIS2_PLACEMENT_3D ( 'NONE', #274, #620, #919 ) ;
#985 = AXIS2_PLACEMENT_3D ( 'NONE', #2171, #1135, #1794 ) ;
#986 = LINE ( 'NONE', #873, #590 ) ;
#987 = CARTESIAN_POINT ( 'NONE',  ( 2.999999999999997335, 0.2410049668956616986, 1.070000000000000506 ) ) ;
#988 = CIRCLE ( 'NONE', #134, 0.09100496689566900388 ) ;
#989 = ORIENTED_EDGE ( 'NONE', *, *, #135, .F. ) ;
#990 = LINE ( 'NONE', #348, #1565 ) ;
#991 = LINE ( 'NONE', #2211, #2050 ) ;
#992 = COLOUR_RGB ( '',0.7921568627450980005, 0.8196078431372548767, 0.9333333333333333481 ) ;
#993 = ADVANCED_FACE ( 'NONE', ( #2180 ), #1622, .T. ) ;
#994 = LINE ( 'NONE', #1084, #18 ) ;
#995 = VERTEX_POINT ( 'NONE', #1303 ) ;
#996 = ORIENTED_EDGE ( 'NONE', *, *, #1672, .F. ) ;
#997 = ORIENTED_EDGE ( 'NONE', *, *, #728, .F. ) ;
#998 = LINE ( 'NONE', #1535, #2149 ) ;
#999 = ORIENTED_EDGE ( 'NONE', *, *, #2002, .T. ) ;
#1000 = DIRECTION ( 'NONE',  ( 0.000000000000000000, 0.000000000000000000, -1.000000000000000000 ) ) ;
#1001 = FACE_OUTER_BOUND ( 'NONE', #509, .T. ) ;
#1002 = SURFACE_SIDE_STYLE ('',( #533 ) ) ;
#1003 = CYLINDRICAL_SURFACE ( 'NONE', #494, 0.2927242264873094468 ) ;
#1004 = EDGE_CURVE ( 'NONE', #67, #1454, #1115, .T. ) ;
#1005 = MANIFOLD_SOLID_BREP ( 'Boss-Extrude4', #1984 ) ;
#1006 = ORIENTED_EDGE ( 'NONE', *, *, #2175, .F. ) ;
#1007 = EDGE_LOOP ( 'NONE', ( #108, #2221, #787, #1532 ) ) ;
#1008 = MANIFOLD_SOLID_BREP ( 'LPattern1[2]', #536 ) ;
#1009 = DIRECTION ( 'NONE',  ( 1.000000000000000000, 6.776263578034425590E-15, 0.000000000000000000 ) ) ;
#1010 = PRODUCT_CONTEXT ( 'NONE', #1330, 'mechanical' ) ;
#1011 = AXIS2_PLACEMENT_3D ( 'NONE', #2035, #2055, #499 ) ;
#1012 = ORIENTED_EDGE ( 'NONE', *, *, #1004, .T. ) ;
#1013 = FACE_OUTER_BOUND ( 'NONE', #1200, .T. ) ;
#1014 = DIRECTION ( 'NONE',  ( -1.000000000000000000, 0.000000000000000000, 0.000000000000000000 ) ) ;
#1015 = DIRECTION ( 'NONE',  ( 0.1218693434051435487, 0.9925461516413224272, -0.000000000000000000 ) ) ;
#1016 = CARTESIAN_POINT ( 'NONE',  ( 3.000000000000001776, 0.1499999999999948319, -1.069999999999999840 ) ) ;
#1017 = ORIENTED_EDGE ( 'NONE', *, *, #1263, .F. ) ;
#1018 = EDGE_CURVE ( 'NONE', #1938, #1416, #1347, .T. ) ;
#1019 = ORIENTED_EDGE ( 'NONE', *, *, #176, .F. ) ;
#1020 = EDGE_CURVE ( 'NONE', #1346, #2114, #632, .T. ) ;
#1021 = DIRECTION ( 'NONE',  ( 8.673617379884038628E-15, -1.000000000000000000, 0.000000000000000000 ) ) ;
#1022 = AXIS2_PLACEMENT_3D ( 'NONE', #314, #1882, #1537 ) ;
#1023 = AXIS2_PLACEMENT_3D ( 'NONE', #1069, #1431, #1390 ) ;
#1024 = ADVANCED_FACE ( 'NONE', ( #1969 ), #425, .T. ) ;
#1025 = ORIENTED_EDGE ( 'NONE', *, *, #241, .F. ) ;
#1026 = FACE_OUTER_BOUND ( 'NONE', #812, .T. ) ;
#1027 = VECTOR ( 'NONE', #1294, 1000.000000000000000 ) ;
#1028 = LINE ( 'NONE', #848, #1973 ) ;
#1029 = PLANE ( 'NONE',  #1167 ) ;
#1030 = VERTEX_POINT ( 'NONE', #253 ) ;
#1031 = ORIENTED_EDGE ( 'NONE', *, *, #328, .T. ) ;
#1032 = ORIENTED_EDGE ( 'NONE', *, *, #584, .F. ) ;
#1033 = CARTESIAN_POINT ( 'NONE',  ( 2.999999999999997335, 0.2410049668956616986, -1.069999999999999840 ) ) ;
#1034 =( NAMED_UNIT ( * ) SI_UNIT ( $, .STERADIAN. ) SOLID_ANGLE_UNIT ( ) );
#1035 = EDGE_CURVE ( 'NONE', #263, #1483, #598, .T. ) ;
#1036 = CARTESIAN_POINT ( 'NONE',  ( 2.590782551352431184, 1.350000000000000533, -1.069999999999999840 ) ) ;
#1037 = DIRECTION ( 'NONE',  ( -0.000000000000000000, 1.000000000000000000, -0.000000000000000000 ) ) ;
#1038 = DIRECTION ( 'NONE',  ( 1.000000000000000000, 6.817139905416462738E-15, 0.000000000000000000 ) ) ;
#1039 = CARTESIAN_POINT ( 'NONE',  ( -2.830870421587673214, 1.129999999999996563, 1.470000000000000417 ) ) ;
#1040 = VERTEX_POINT ( 'NONE', #1679 ) ;
#1041 = COLOUR_RGB ( '',0.2509803921568627416, 0.2509803921568627416, 0.2509803921568627416 ) ;
#1042 = EDGE_LOOP ( 'NONE', ( #1740, #1923, #1777, #709 ) ) ;
#1043 = ORIENTED_EDGE ( 'NONE', *, *, #860, .T. ) ;
#1044 = DIRECTION ( 'NONE',  ( 0.000000000000000000, -0.000000000000000000, -1.000000000000000000 ) ) ;
#1045 = EDGE_CURVE ( 'NONE', #1454, #413, #139, .T. ) ;
#1046 = LINE ( 'NONE', #2127, #1311 ) ;
#1047 = DIRECTION ( 'NONE',  ( -0.000000000000000000, -0.000000000000000000, -1.000000000000000000 ) ) ;
#1048 = LINE ( 'NONE', #1738, #1916 ) ;
#1049 = DIRECTION ( 'NONE',  ( 0.000000000000000000, 0.000000000000000000, 1.000000000000000000 ) ) ;
#1050 = ORIENTED_EDGE ( 'NONE', *, *, #1619, .F. ) ;
#1051 = EDGE_CURVE ( 'NONE', #621, #1490, #915, .T. ) ;
#1052 = VERTEX_POINT ( 'NONE', #2075 ) ;
#1053 = AXIS2_PLACEMENT_3D ( 'NONE', #1123, #410, #1479 ) ;
#1054 = DIRECTION ( 'NONE',  ( 0.000000000000000000, -0.000000000000000000, -1.000000000000000000 ) ) ;
#1055 = CARTESIAN_POINT ( 'NONE',  ( 2.759912129764757527, 0.2199999999999968370, 1.470000000000000417 ) ) ;
#1056 = DIRECTION ( 'NONE',  ( 0.000000000000000000, -0.000000000000000000, -1.000000000000000000 ) ) ;
#1057 = COLOUR_RGB ( '',0.7921568627450980005, 0.8196078431372548767, 0.9333333333333333481 ) ;
#1058 = VECTOR ( 'NONE', #810, 1000.000000000000000 ) ;
#1059 = CARTESIAN_POINT ( 'NONE',  ( -3.500000000000001332, -2.475995625340219932E-20, 1.070000000000000506 ) ) ;
#1060 = DIRECTION ( 'NONE',  ( 1.000000000000000000, 6.776263578034425590E-15, 0.000000000000000000 ) ) ;
#1061 = AXIS2_PLACEMENT_3D ( 'NONE', #48, #1580, #1735 ) ;
#1062 = VECTOR ( 'NONE', #1220, 1000.000000000000000 ) ;
#1063 = EDGE_CURVE ( 'NONE', #1786, #995, #1203, .T. ) ;
#1064 = FACE_OUTER_BOUND ( 'NONE', #2032, .T. ) ;
#1065 = EDGE_LOOP ( 'NONE', ( #152, #2093, #1853, #308 ) ) ;
#1066 = PRODUCT_DEFINITION ( 'UNKNOWN', '', #357, #260 ) ;
#1067 = EDGE_LOOP ( 'NONE', ( #935, #732, #149, #1995 ) ) ;
#1068 = FACE_OUTER_BOUND ( 'NONE', #1213, .T. ) ;
#1069 = CARTESIAN_POINT ( 'NONE',  ( 2.590782551352431184, 1.108995033104331451, -1.069999999999999840 ) ) ;
#1070 = CARTESIAN_POINT ( 'NONE',  ( 3.000000000000001776, 0.1499999999999965805, -1.069999999999999840 ) ) ;
#1071 = ORIENTED_EDGE ( 'NONE', *, *, #2033, .T. ) ;
#1072 = DIRECTION ( 'NONE',  ( -0.1209742911513548291, 0.9852565360152931717, 0.1209742911513548569 ) ) ;
#1073 = FACE_OUTER_BOUND ( 'NONE', #1775, .T. ) ;
#1074 = DIRECTION ( 'NONE',  ( 1.000000000000000000, -1.297667754066997495E-15, 0.000000000000000000 ) ) ;
#1075 = ORIENTED_EDGE ( 'NONE', *, *, #396, .T. ) ;
#1076 = VERTEX_POINT ( 'NONE', #654 ) ;
#1077 = DIRECTION ( 'NONE',  ( -0.08715574274765160168, -0.9961946980917461003, 0.000000000000000000 ) ) ;
#1078 = DIRECTION ( 'NONE',  ( -0.000000000000000000, -1.000000000000000000, -0.000000000000000000 ) ) ;
#1079 = DIRECTION ( 'NONE',  ( -1.000000000000000000, 0.000000000000000000, 0.000000000000000000 ) ) ;
#1080 = CARTESIAN_POINT ( 'NONE',  ( 3.500000000000001332, -2.475995625340219932E-20, 1.070000000000000506 ) ) ;
#1081 = DIRECTION ( 'NONE',  ( -0.000000000000000000, -0.000000000000000000, -1.000000000000000000 ) ) ;
#1082 = DIRECTION ( 'NONE',  ( -1.000000000000000000, 2.060029285042044511E-15, 0.000000000000000000 ) ) ;
#1083 = VERTEX_POINT ( 'NONE', #1889 ) ;
#1084 = CARTESIAN_POINT ( 'NONE',  ( 2.275000000000000355, 1.199999999999999956, 1.850000000000000533 ) ) ;
#1085 = VERTEX_POINT ( 'NONE', #477 ) ;
#1086 = VECTOR ( 'NONE', #1991, 1000.000000000000000 ) ;
#1087 = EDGE_CURVE ( 'NONE', #1687, #444, #2062, .T. ) ;
#1088 = CARTESIAN_POINT ( 'NONE',  ( -3.500000000000000000, 0.1499999999999999667, 1.470000000000000417 ) ) ;
#1089 = FACE_OUTER_BOUND ( 'NONE', #1620, .T. ) ;
#1090 = ORIENTED_EDGE ( 'NONE', *, *, #1187, .T. ) ;
#1091 = ADVANCED_FACE ( 'NONE', ( #664 ), #1665, .F. ) ;
#1092 = DIRECTION ( 'NONE',  ( 0.000000000000000000, -0.000000000000000000, 1.000000000000000000 ) ) ;
#1093 = DIRECTION ( 'NONE',  ( 0.9925461516413225382, 0.1218693434051435487, 0.000000000000000000 ) ) ;
#1094 = VECTOR ( 'NONE', #1480, 1000.000000000000000 ) ;
#1095 = AXIS2_PLACEMENT_3D ( 'NONE', #382, #1081, #1774 ) ;
#1096 = MECHANICAL_DESIGN_GEOMETRIC_PRESENTATION_REPRESENTATION (  '', ( #556 ), #277 ) ;
#1097 = DIRECTION ( 'NONE',  ( -0.000000000000000000, 0.000000000000000000, 1.000000000000000000 ) ) ;
#1098 = CIRCLE ( 'NONE', #886, 0.2410049668956667779 ) ;
#1099 =( GEOMETRIC_REPRESENTATION_CONTEXT ( 3 ) GLOBAL_UNCERTAINTY_ASSIGNED_CONTEXT ( ( #617 ) ) GLOBAL_UNIT_ASSIGNED_CONTEXT ( ( #1373, #519, #1034 ) ) REPRESENTATION_CONTEXT ( 'NONE', 'WORKASPACE' ) );
#1100 = EDGE_LOOP ( 'NONE', ( #474, #1542, #347, #1165 ) ) ;
#1101 = LINE ( 'NONE', #68, #119 ) ;
#1102 = VERTEX_POINT ( 'NONE', #1714 ) ;
#1103 = CARTESIAN_POINT ( 'NONE',  ( -2.274999999999999467, 1.199999999999999956, -1.849999999999999867 ) ) ;
#1104 = DIRECTION ( 'NONE',  ( 0.000000000000000000, 0.000000000000000000, -1.000000000000000000 ) ) ;
#1105 = EDGE_CURVE ( 'NONE', #248, #2076, #877, .T. ) ;
#1106 = ORIENTED_EDGE ( 'NONE', *, *, #2039, .T. ) ;
#1107 = ORIENTED_EDGE ( 'NONE', *, *, #890, .T. ) ;
#1108 = DIRECTION ( 'NONE',  ( -1.000000000000000000, -0.000000000000000000, 1.906289534040447487E-16 ) ) ;
#1109 = DIRECTION ( 'NONE',  ( 1.000000000000000000, 6.776263578034425590E-15, 0.000000000000000000 ) ) ;
#1110 = EDGE_CURVE ( 'NONE', #663, #862, #2038, .T. ) ;
#1111 = DIRECTION ( 'NONE',  ( -0.000000000000000000, -0.000000000000000000, -1.000000000000000000 ) ) ;
#1112 = ORIENTED_EDGE ( 'NONE', *, *, #1944, .T. ) ;
#1113 = CYLINDRICAL_SURFACE ( 'NONE', #985, 0.2410049668956667779 ) ;
#1114 = ORIENTED_EDGE ( 'NONE', *, *, #910, .F. ) ;
#1115 = LINE ( 'NONE', #455, #1094 ) ;
#1116 = CARTESIAN_POINT ( 'NONE',  ( -2.830870421587672769, 1.129999999999996563, -1.069999999999999840 ) ) ;
#1117 = ADVANCED_FACE ( 'NONE', ( #1169 ), #2191, .F. ) ;
#1118 = ORIENTED_EDGE ( 'NONE', *, *, #1886, .F. ) ;
#1119 = DIRECTION ( 'NONE',  ( -0.000000000000000000, -0.000000000000000000, -1.000000000000000000 ) ) ;
#1120 = CARTESIAN_POINT ( 'NONE',  ( -3.500000000000000000, 0.1499999999999999667, -1.069999999999999840 ) ) ;
#1121 = EDGE_CURVE ( 'NONE', #562, #615, #482, .T. ) ;
#1122 = ORIENTED_EDGE ( 'NONE', *, *, #1045, .T. ) ;
#1123 = CARTESIAN_POINT ( 'NONE',  ( -2.999999999999997335, 0.2410049668956616986, -1.069999999999999840 ) ) ;
#1124 = ORIENTED_EDGE ( 'NONE', *, *, #303, .T. ) ;
#1125 = CARTESIAN_POINT ( 'NONE',  ( -3.000000000000001776, 0.1499999999999948319, 1.470000000000000417 ) ) ;
#1126 = ORIENTED_EDGE ( 'NONE', *, *, #1754, .T. ) ;
#1127 = CARTESIAN_POINT ( 'NONE',  ( -2.590782551352431184, 1.108995033104331451, 1.070000000000000506 ) ) ;
#1128 = DIRECTION ( 'NONE',  ( -0.1209742911513548291, 0.9852565360152931717, -0.1209742911513548014 ) ) ;
#1129 = DIRECTION ( 'NONE',  ( -0.000000000000000000, -0.000000000000000000, -1.000000000000000000 ) ) ;
#1130 = EDGE_CURVE ( 'NONE', #647, #13, #323, .T. ) ;
#1131 = ORIENTED_EDGE ( 'NONE', *, *, #1904, .F. ) ;
#1132 = AXIS2_PLACEMENT_3D ( 'NONE', #465, #1147, #1846 ) ;
#1133 = VERTEX_POINT ( 'NONE', #843 ) ;
#1134 = AXIS2_PLACEMENT_3D ( 'NONE', #32, #716, #1283 ) ;
#1135 = DIRECTION ( 'NONE',  ( -0.000000000000000000, -0.000000000000000000, -1.000000000000000000 ) ) ;
#1136 = ORIENTED_EDGE ( 'NONE', *, *, #2199, .T. ) ;
#1137 = EDGE_CURVE ( 'NONE', #663, #1416, #998, .T. ) ;
#1138 = FILL_AREA_STYLE ('',( #1455 ) ) ;
#1139 = DIRECTION ( 'NONE',  ( -0.000000000000000000, 0.000000000000000000, 1.000000000000000000 ) ) ;
#1140 = EDGE_LOOP ( 'NONE', ( #2071, #653, #2021, #225 ) ) ;
#1141 = CARTESIAN_POINT ( 'NONE',  ( -3.500000000000000000, 0.1499999999999999667, -1.469999999999999751 ) ) ;
#1142 = DIRECTION ( 'NONE',  ( 0.000000000000000000, 0.000000000000000000, 1.000000000000000000 ) ) ;
#1143 = CARTESIAN_POINT ( 'NONE',  ( 2.208411755005943888, 1.742317735262436385, -1.783411755005944732 ) ) ;
#1144 = VECTOR ( 'NONE', #2057, 1000.000000000000000 ) ;
#1145 = EDGE_CURVE ( 'NONE', #1811, #1708, #1879, .T. ) ;
#1146 = ORIENTED_EDGE ( 'NONE', *, *, #38, .F. ) ;
#1147 = DIRECTION ( 'NONE',  ( 0.000000000000000000, 0.000000000000000000, 1.000000000000000000 ) ) ;
#1148 = FACE_OUTER_BOUND ( 'NONE', #1548, .T. ) ;
#1149 = VECTOR ( 'NONE', #351, 1000.000000000000000 ) ;
#1150 = EDGE_CURVE ( 'NONE', #1171, #427, #3, .T. ) ;
#1151 = VERTEX_POINT ( 'NONE', #2219 ) ;
#1152 = DIRECTION ( 'NONE',  ( 0.000000000000000000, 1.000000000000000000, 0.000000000000000000 ) ) ;
#1153 = SURFACE_STYLE_FILL_AREA ( #1824 ) ;
#1154 =( NAMED_UNIT ( * ) PLANE_ANGLE_UNIT ( ) SI_UNIT ( $, .RADIAN. ) );
#1155 = VERTEX_POINT ( 'NONE', #507 ) ;
#1156 = ORIENTED_EDGE ( 'NONE', *, *, #597, .T. ) ;
#1157 = CARTESIAN_POINT ( 'NONE',  ( -2.830870421587672769, 1.129999999999996563, -1.069999999999999840 ) ) ;
#1158 = DIRECTION ( 'NONE',  ( 1.000000000000000000, 0.000000000000000000, 0.000000000000000000 ) ) ;
#1159 = EDGE_CURVE ( 'NONE', #120, #2206, #172, .T. ) ;
#1160 = EDGE_LOOP ( 'NONE', ( #1183, #344, #1720, #1164 ) ) ;
#1161 = CARTESIAN_POINT ( 'NONE',  ( 2.830870421587673214, 1.129999999999996563, -1.069999999999999840 ) ) ;
#1162 =( NAMED_UNIT ( * ) SI_UNIT ( $, .STERADIAN. ) SOLID_ANGLE_UNIT ( ) );
#1163 = CARTESIAN_POINT ( 'NONE',  ( -2.590782551352431184, 1.350000000000000533, -1.469999999999999751 ) ) ;
#1164 = ORIENTED_EDGE ( 'NONE', *, *, #1799, .T. ) ;
#1165 = ORIENTED_EDGE ( 'NONE', *, *, #358, .T. ) ;
#1166 = AXIS2_PLACEMENT_3D ( 'NONE', #1418, #369, #1724 ) ;
#1167 = AXIS2_PLACEMENT_3D ( 'NONE', #706, #157, #684 ) ;
#1168 = VECTOR ( 'NONE', #1216, 1000.000000000000000 ) ;
#1169 = FACE_OUTER_BOUND ( 'NONE', #462, .T. ) ;
#1170 = CIRCLE ( 'NONE', #490, 0.2410049668956685265 ) ;
#1171 = VERTEX_POINT ( 'NONE', #518 ) ;
#1172 = EDGE_CURVE ( 'NONE', #444, #677, #975, .T. ) ;
#1173 = DIRECTION ( 'NONE',  ( 1.892080340925974406E-16, 0.1218693434051477398, 0.9925461516413219831 ) ) ;
#1174 = FACE_OUTER_BOUND ( 'NONE', #1417, .T. ) ;
#1175 = VECTOR ( 'NONE', #859, 1000.000000000000000 ) ;
#1176 = CARTESIAN_POINT ( 'NONE',  ( 2.274999999999999467, 1.199999999999999956, 1.070000000000000506 ) ) ;
#1177 = FACE_OUTER_BOUND ( 'NONE', #1065, .T. ) ;
#1178 = EDGE_LOOP ( 'NONE', ( #2140, #966, #1194, #1732 ) ) ;
#1179 = FACE_OUTER_BOUND ( 'NONE', #1067, .T. ) ;
#1180 = VECTOR ( 'NONE', #1428, 1000.000000000000000 ) ;
#1181 = DIRECTION ( 'NONE',  ( -0.000000000000000000, -0.000000000000000000, -1.000000000000000000 ) ) ;
#1182 = MECHANICAL_DESIGN_GEOMETRIC_PRESENTATION_REPRESENTATION (  '', ( #1186 ), #1653 ) ;
#1183 = ORIENTED_EDGE ( 'NONE', *, *, #1035, .T. ) ;
#1184 = DIRECTION ( 'NONE',  ( 1.000000000000000000, 0.000000000000000000, -0.000000000000000000 ) ) ;
#1185 = DIRECTION ( 'NONE',  ( -1.000000000000000000, -6.817139905416461949E-15, 0.000000000000000000 ) ) ;
#1186 = STYLED_ITEM ( 'NONE', ( #1334 ), #275 ) ;
#1187 = EDGE_CURVE ( 'NONE', #427, #1617, #1500, .T. ) ;
#1188 = CARTESIAN_POINT ( 'NONE',  ( 2.590782551352431184, 1.200000000000000622, -1.469999999999999751 ) ) ;
#1189 = EDGE_CURVE ( 'NONE', #1974, #1833, #986, .T. ) ;
#1190 = ORIENTED_EDGE ( 'NONE', *, *, #328, .F. ) ;
#1191 = PLANE ( 'NONE',  #605 ) ;
#1192 = ADVANCED_FACE ( 'NONE', ( #1068 ), #529, .T. ) ;
#1193 = DIRECTION ( 'NONE',  ( 0.1218693434051435487, 0.9925461516413224272, -0.000000000000000000 ) ) ;
#1194 = ORIENTED_EDGE ( 'NONE', *, *, #2120, .T. ) ;
#1195 = PLANE ( 'NONE',  #55 ) ;
#1196 = DIRECTION ( 'NONE',  ( 1.000000000000000000, 0.000000000000000000, -0.000000000000000000 ) ) ;
#1197 = UNCERTAINTY_MEASURE_WITH_UNIT (LENGTH_MEASURE( 1.000000000000000082E-05 ), #622, 'distance_accuracy_value', 'NONE');
#1198 = LINE ( 'NONE', #156, #251 ) ;
#1199 = DIRECTION ( 'NONE',  ( 0.000000000000000000, 0.000000000000000000, 1.000000000000000000 ) ) ;
#1200 = EDGE_LOOP ( 'NONE', ( #1296, #1634, #744, #1947 ) ) ;
#1201 = VERTEX_POINT ( 'NONE', #2096 ) ;
#1202 = ADVANCED_FACE ( 'NONE', ( #541 ), #909, .F. ) ;
#1203 = LINE ( 'NONE', #2200, #2184 ) ;
#1204 = APPLICATION_PROTOCOL_DEFINITION ( 'draft international standard', 'automotive_design', 1998, #1750 ) ;
#1205 = MECHANICAL_DESIGN_GEOMETRIC_PRESENTATION_REPRESENTATION (  '', ( #2011 ), #353 ) ;
#1206 = ORIENTED_EDGE ( 'NONE', *, *, #1063, .F. ) ;
#1207 = DIRECTION ( 'NONE',  ( 0.000000000000000000, 0.000000000000000000, 1.000000000000000000 ) ) ;
#1208 = LINE ( 'NONE', #671, #1534 ) ;
#1209 = STYLED_ITEM ( 'NONE', ( #140 ), #1290 ) ;
#1210 = CARTESIAN_POINT ( 'NONE',  ( -2.256582315864564592, 1.350000000000000089, 1.470000000000000417 ) ) ;
#1211 = DIRECTION ( 'NONE',  ( 0.000000000000000000, -0.000000000000000000, 1.000000000000000000 ) ) ;
#1212 = VECTOR ( 'NONE', #905, 1000.000000000000000 ) ;
#1213 = EDGE_LOOP ( 'NONE', ( #76, #1536, #1156, #1360 ) ) ;
#1214 = ORIENTED_EDGE ( 'NONE', *, *, #334, .T. ) ;
#1215 = ADVANCED_FACE ( 'NONE', ( #900 ), #549, .F. ) ;
#1216 = DIRECTION ( 'NONE',  ( -1.000000000000000000, -2.060029285042044511E-15, 0.000000000000000000 ) ) ;
#1217 = VECTOR ( 'NONE', #1015, 1000.000000000000227 ) ;
#1218 = AXIS2_PLACEMENT_3D ( 'NONE', #506, #1345, #376 ) ;
#1219 = DIRECTION ( 'NONE',  ( 0.000000000000000000, -0.000000000000000000, -1.000000000000000000 ) ) ;
#1220 = DIRECTION ( 'NONE',  ( 1.000000000000000000, -2.060029285042044511E-15, -0.000000000000000000 ) ) ;
#1221 = ADVANCED_FACE ( 'NONE', ( #1234 ), #1566, .T. ) ;
#1222 = DIRECTION ( 'NONE',  ( -0.000000000000000000, -0.000000000000000000, -1.000000000000000000 ) ) ;
#1223 = FACE_OUTER_BOUND ( 'NONE', #1344, .T. ) ;
#1224 = VECTOR ( 'NONE', #1852, 1000.000000000000000 ) ;
#1225 = ORIENTED_EDGE ( 'NONE', *, *, #1419, .T. ) ;
#1226 = EDGE_LOOP ( 'NONE', ( #442, #989, #1697, #432 ) ) ;
#1227 = PLANE ( 'NONE',  #1569 ) ;
#1228 = LINE ( 'NONE', #197, #1383 ) ;
#1229 = CARTESIAN_POINT ( 'NONE',  ( 3.000000000000002665, -3.408594712664475502E-15, -1.069999999999999840 ) ) ;
#1230 = EDGE_CURVE ( 'NONE', #1742, #1833, #398, .T. ) ;
#1231 = DIRECTION ( 'NONE',  ( 0.000000000000000000, 0.000000000000000000, 1.000000000000000000 ) ) ;
#1232 = CARTESIAN_POINT ( 'NONE',  ( -2.274999999999999467, 1.199999999999999956, -1.849999999999999867 ) ) ;
#1233 = CARTESIAN_POINT ( 'NONE',  ( -2.590782551352431184, 1.108995033104331451, -1.069999999999999840 ) ) ;
#1234 = FACE_OUTER_BOUND ( 'NONE', #293, .T. ) ;
#1235 = FACE_OUTER_BOUND ( 'NONE', #375, .T. ) ;
#1236 = DIRECTION ( 'NONE',  ( -0.000000000000000000, 0.000000000000000000, 1.000000000000000000 ) ) ;
#1237 = VECTOR ( 'NONE', #1457, 1000.000000000000000 ) ;
#1238 = CARTESIAN_POINT ( 'NONE',  ( -1.566614007372302053, 2.299999999999998934, -0.9513516028965847138 ) ) ;
#1239 = CARTESIAN_POINT ( 'NONE',  ( -2.681441216873911237, 1.116926638587848908, -1.069999999999999840 ) ) ;
#1240 = CARTESIAN_POINT ( 'NONE',  ( -2.274999999999999467, 1.199999999999999956, 1.470000000000000417 ) ) ;
#1241 = COLOUR_RGB ( '',0.7921568627450980005, 0.8196078431372548767, 0.9333333333333333481 ) ;
#1242 = VERTEX_POINT ( 'NONE', #1410 ) ;
#1243 = ORIENTED_EDGE ( 'NONE', *, *, #1281, .F. ) ;
#1244 = LINE ( 'NONE', #1946, #1389 ) ;
#1245 = VERTEX_POINT ( 'NONE', #724 ) ;
#1246 = DIRECTION ( 'NONE',  ( 1.000000000000000000, 0.000000000000000000, -0.000000000000000000 ) ) ;
#1247 = LINE ( 'NONE', #240, #559 ) ;
#1248 = CARTESIAN_POINT ( 'NONE',  ( -1.566614007372302053, 2.199999999999999289, -1.244075829383894050 ) ) ;
#1249 = CARTESIAN_POINT ( 'NONE',  ( 3.500000000000001332, -2.475995625340219932E-20, -1.069999999999999840 ) ) ;
#1250 = VERTEX_POINT ( 'NONE', #1430 ) ;
#1251 = DIRECTION ( 'NONE',  ( -1.000000000000000000, 0.000000000000000000, 0.000000000000000000 ) ) ;
#1252 = EDGE_CURVE ( 'NONE', #861, #1786, #783, .T. ) ;
#1253 = VECTOR ( 'NONE', #2157, 1000.000000000000000 ) ;
#1254 = EDGE_LOOP ( 'NONE', ( #320, #2160, #385, #1980 ) ) ;
#1255 = DIRECTION ( 'NONE',  ( 0.000000000000000000, 1.000000000000000000, 0.000000000000000000 ) ) ;
#1256 = ORIENTED_EDGE ( 'NONE', *, *, #241, .T. ) ;
#1257 = EDGE_CURVE ( 'NONE', #603, #647, #218, .T. ) ;
#1258 = FACE_OUTER_BOUND ( 'NONE', #1854, .T. ) ;
#1259 = CARTESIAN_POINT ( 'NONE',  ( 3.500000000000000000, 0.1499999999999999667, -1.069999999999999840 ) ) ;
#1260 = DIRECTION ( 'NONE',  ( 0.08715574274765160168, -0.9961946980917461003, 0.000000000000000000 ) ) ;
#1261 = CARTESIAN_POINT ( 'NONE',  ( -2.909341334478517727, 0.2330733614121440200, -1.069999999999999840 ) ) ;
#1262 = CARTESIAN_POINT ( 'NONE',  ( 2.139936983006804461, 0.1000000000000000472, -1.850000000000000755 ) ) ;
#1263 = EDGE_CURVE ( 'NONE', #1085, #1842, #316, .T. ) ;
#1264 = ORIENTED_EDGE ( 'NONE', *, *, #396, .F. ) ;
#1265 = LINE ( 'NONE', #287, #1894 ) ;
#1266 = CARTESIAN_POINT ( 'NONE',  ( 2.590782551352431184, 1.108995033104331451, 1.470000000000000417 ) ) ;
#1267 = ORIENTED_EDGE ( 'NONE', *, *, #1110, .F. ) ;
#1268 = VECTOR ( 'NONE', #165, 1000.000000000000000 ) ;
#1269 = ORIENTED_EDGE ( 'NONE', *, *, #1587, .T. ) ;
#1270 = DIRECTION ( 'NONE',  ( 1.000000000000000000, -6.817139905416461949E-15, -0.000000000000000000 ) ) ;
#1271 = CARTESIAN_POINT ( 'NONE',  ( -2.256582315864564592, 1.350000000000000089, -1.469999999999999751 ) ) ;
#1272 = VECTOR ( 'NONE', #1326, 1000.000000000000000 ) ;
#1273 = VECTOR ( 'NONE', #607, 1000.000000000000000 ) ;
#1274 = AXIS2_PLACEMENT_3D ( 'NONE', #1743, #2105, #1932 ) ;
#1275 = DIRECTION ( 'NONE',  ( 0.1218693434051477398, -0.9925461516413219831, 0.000000000000000000 ) ) ;
#1276 = VECTOR ( 'NONE', #412, 1000.000000000000000 ) ;
#1277 = ORIENTED_EDGE ( 'NONE', *, *, #2185, .F. ) ;
#1278 = CARTESIAN_POINT ( 'NONE',  ( -1.566614007372302053, 2.199999999999999289, -1.244075829383894050 ) ) ;
#1279 = EDGE_LOOP ( 'NONE', ( #1588, #304, #539, #943 ) ) ;
#1280 = STYLED_ITEM ( 'NONE', ( #2023 ), #1804 ) ;
#1281 = EDGE_CURVE ( 'NONE', #343, #1030, #2115, .T. ) ;
#1282 = CARTESIAN_POINT ( 'NONE',  ( -2.256582315864564592, 1.350000000000000089, 1.070000000000000506 ) ) ;
#1283 = DIRECTION ( 'NONE',  ( 1.000000000000000000, 0.000000000000000000, 0.000000000000000000 ) ) ;
#1284 = ORIENTED_EDGE ( 'NONE', *, *, #1137, .T. ) ;
#1285 = CARTESIAN_POINT ( 'NONE',  ( -2.274999999999999467, 1.199999999999999956, 1.470000000000000417 ) ) ;
#1286 = EDGE_CURVE ( 'NONE', #2076, #1346, #1244, .T. ) ;
#1287 = UNCERTAINTY_MEASURE_WITH_UNIT (LENGTH_MEASURE( 1.000000000000000082E-05 ), #775, 'distance_accuracy_value', 'NONE');
#1288 = DIRECTION ( 'NONE',  ( 1.000000000000000000, 1.297667754066997298E-15, 0.000000000000000000 ) ) ;
#1289 = ORIENTED_EDGE ( 'NONE', *, *, #303, .F. ) ;
#1291 = FACE_OUTER_BOUND ( 'NONE', #2081, .T. ) ;
#1290 = ADVANCED_BREP_SHAPE_REPRESENTATION ( 'TLP185(E)', ( #1005, #1804, #275, #1008, #324, #1801, #711 ), #2156 ) ;
#1292 = AXIS2_PLACEMENT_3D ( 'NONE', #431, #721, #1408 ) ;
#1293 = FILL_AREA_STYLE_COLOUR ( '', #1057 ) ;
#1294 = DIRECTION ( 'NONE',  ( -0.000000000000000000, -0.000000000000000000, -1.000000000000000000 ) ) ;
#1295 = ORIENTED_EDGE ( 'NONE', *, *, #1754, .F. ) ;
#1296 = ORIENTED_EDGE ( 'NONE', *, *, #400, .F. ) ;
#1297 = EDGE_CURVE ( 'NONE', #81, #516, #1463, .T. ) ;
#1298 = CARTESIAN_POINT ( 'NONE',  ( -2.590782551352431184, 1.350000000000000533, 1.070000000000000506 ) ) ;
#1299 = ADVANCED_FACE ( 'NONE', ( #1598 ), #1227, .T. ) ;
#1300 = EDGE_LOOP ( 'NONE', ( #1511, #850, #816, #1090 ) ) ;
#1301 = CARTESIAN_POINT ( 'NONE',  ( 2.256582315864564592, 1.350000000000000089, -1.069999999999999840 ) ) ;
#1302 = ORIENTED_EDGE ( 'NONE', *, *, #1689, .F. ) ;
#1303 = CARTESIAN_POINT ( 'NONE',  ( 3.500000000000000000, 0.1499999999999999667, -1.469999999999999751 ) ) ;
#1304 = LINE ( 'NONE', #447, #2215 ) ;
#1305 = VERTEX_POINT ( 'NONE', #28 ) ;
#1306 = ORIENTED_EDGE ( 'NONE', *, *, #1051, .F. ) ;
#1307 = CARTESIAN_POINT ( 'NONE',  ( 2.999999999999997335, 0.2410049668956616986, -1.069999999999999840 ) ) ;
#1308 = DIRECTION ( 'NONE',  ( -0.000000000000000000, -0.000000000000000000, -1.000000000000000000 ) ) ;
#1309 = EDGE_CURVE ( 'NONE', #1899, #971, #359, .T. ) ;
#1310 = LINE ( 'NONE', #1662, #1951 ) ;
#1311 = VECTOR ( 'NONE', #1078, 1000.000000000000000 ) ;
#1312 = ORIENTED_EDGE ( 'NONE', *, *, #1450, .F. ) ;
#1313 = AXIS2_PLACEMENT_3D ( 'NONE', #942, #1632, #106 ) ;
#1314 = ORIENTED_EDGE ( 'NONE', *, *, #1121, .F. ) ;
#1315 = AXIS2_PLACEMENT_3D ( 'NONE', #864, #689, #1868 ) ;
#1316 =( NAMED_UNIT ( * ) PLANE_ANGLE_UNIT ( ) SI_UNIT ( $, .RADIAN. ) );
#1317 = CARTESIAN_POINT ( 'NONE',  ( -1.566614007372302053, 2.299999999999998934, -1.244075829383894050 ) ) ;
#1318 = ORIENTED_EDGE ( 'NONE', *, *, #1398, .T. ) ;
#1319 = CARTESIAN_POINT ( 'NONE',  ( 2.590782551352431184, 1.108995033104331451, 1.470000000000000417 ) ) ;
#1320 =( NAMED_UNIT ( * ) PLANE_ANGLE_UNIT ( ) SI_UNIT ( $, .RADIAN. ) );
#1321 = DIRECTION ( 'NONE',  ( -1.000000000000000000, -2.060029285042044511E-15, 0.000000000000000000 ) ) ;
#1322 = MECHANICAL_DESIGN_GEOMETRIC_PRESENTATION_REPRESENTATION (  '', ( #1954 ), #74 ) ;
#1323 = VERTEX_POINT ( 'NONE', #185 ) ;
#1324 = EDGE_CURVE ( 'NONE', #158, #1151, #863, .T. ) ;
#1325 = CIRCLE ( 'NONE', #399, 0.09100496689566900388 ) ;
#1326 = DIRECTION ( 'NONE',  ( -0.000000000000000000, -0.000000000000000000, -1.000000000000000000 ) ) ;
#1327 = EDGE_CURVE ( 'NONE', #748, #2170, #1384, .T. ) ;
#1328 = CIRCLE ( 'NONE', #1434, 0.2927242264873094468 ) ;
#1329 = ORIENTED_EDGE ( 'NONE', *, *, #898, .T. ) ;
#1330 = APPLICATION_CONTEXT ( 'automotive_design' ) ;
#1331 = DIRECTION ( 'NONE',  ( 0.000000000000000000, -0.000000000000000000, -1.000000000000000000 ) ) ;
#1332 = CARTESIAN_POINT ( 'NONE',  ( -2.274999999999999467, 1.199999999999999956, 1.470000000000000417 ) ) ;
#1333 = VECTOR ( 'NONE', #460, 1000.000000000000114 ) ;
#1334 = PRESENTATION_STYLE_ASSIGNMENT (( #1840 ) ) ;
#1335 = ORIENTED_EDGE ( 'NONE', *, *, #530, .T. ) ;
#1336 = ADVANCED_FACE ( 'NONE', ( #1399 ), #1686, .T. ) ;
#1337 = DIRECTION ( 'NONE',  ( 1.000000000000000000, 6.817139905416462738E-15, 0.000000000000000000 ) ) ;
#1338 = DIRECTION ( 'NONE',  ( 1.000000000000000000, 0.000000000000000000, 0.000000000000000000 ) ) ;
#1339 = ORIENTED_EDGE ( 'NONE', *, *, #1587, .F. ) ;
#1340 = DIRECTION ( 'NONE',  ( 0.000000000000000000, -0.000000000000000000, -1.000000000000000000 ) ) ;
#1341 = DIRECTION ( 'NONE',  ( -1.000000000000000000, 6.776263578034425590E-15, 0.000000000000000000 ) ) ;
#1342 = CARTESIAN_POINT ( 'NONE',  ( 2.274999999999999467, 1.199999999999999956, 1.470000000000000417 ) ) ;
#1343 = DIRECTION ( 'NONE',  ( -0.000000000000000000, 1.000000000000000000, -0.000000000000000000 ) ) ;
#1344 = EDGE_LOOP ( 'NONE', ( #1381, #1887, #2026, #276 ) ) ;
#1345 = DIRECTION ( 'NONE',  ( 0.000000000000000000, -0.000000000000000000, -1.000000000000000000 ) ) ;
#1346 = VERTEX_POINT ( 'NONE', #146 ) ;
#1347 = CIRCLE ( 'NONE', #1132, 0.2410049668956667779 ) ;
#1348 = VECTOR ( 'NONE', #1963, 1000.000000000000000 ) ;
#1349 = AXIS2_PLACEMENT_3D ( 'NONE', #1769, #377, #226 ) ;
#1350 = CARTESIAN_POINT ( 'NONE',  ( -3.500000000000000000, 0.1499999999999999667, -1.469999999999999751 ) ) ;
#1351 = EDGE_CURVE ( 'NONE', #793, #1052, #1959, .T. ) ;
#1352 = VECTOR ( 'NONE', #1421, 1000.000000000000000 ) ;
#1353 = ORIENTED_EDGE ( 'NONE', *, *, #1327, .F. ) ;
#1354 = PLANE ( 'NONE',  #1022 ) ;
#1355 = CYLINDRICAL_SURFACE ( 'NONE', #1748, 0.09100496689566900388 ) ;
#1356 = ADVANCED_FACE ( 'NONE', ( #583 ), #1113, .T. ) ;
#1357 =( LENGTH_UNIT ( ) NAMED_UNIT ( * ) SI_UNIT ( .MILLI., .METRE. ) );
#1358 = DIRECTION ( 'NONE',  ( -0.000000000000000000, -0.000000000000000000, -1.000000000000000000 ) ) ;
#1359 = EDGE_CURVE ( 'NONE', #1795, #1483, #420, .T. ) ;
#1360 = ORIENTED_EDGE ( 'NONE', *, *, #1780, .T. ) ;
#1361 = ORIENTED_EDGE ( 'NONE', *, *, #2185, .T. ) ;
#1362 = DIRECTION ( 'NONE',  ( 1.000000000000000000, 0.000000000000000000, 0.000000000000000000 ) ) ;
#1363 = SURFACE_STYLE_USAGE ( .BOTH. , #497 ) ;
#1364 = VERTEX_POINT ( 'NONE', #770 ) ;
#1365 = DIRECTION ( 'NONE',  ( -0.000000000000000000, -1.000000000000000000, -0.000000000000000000 ) ) ;
#1366 = DIRECTION ( 'NONE',  ( 0.000000000000000000, 0.000000000000000000, 1.000000000000000000 ) ) ;
#1367 = VECTOR ( 'NONE', #1695, 1000.000000000000227 ) ;
#1368 = ADVANCED_FACE ( 'NONE', ( #1831 ), #1806, .F. ) ;
#1369 = FACE_OUTER_BOUND ( 'NONE', #1611, .T. ) ;
#1370 = EDGE_LOOP ( 'NONE', ( #1564, #1498, #1891, #1841 ) ) ;
#1371 = DIRECTION ( 'NONE',  ( 0.9961946980917461003, -0.08715574274765160168, 0.000000000000000000 ) ) ;
#1372 = CARTESIAN_POINT ( 'NONE',  ( 2.220851317257581226, 1.641005630872750531, 1.795851317257580959 ) ) ;
#1373 =( LENGTH_UNIT ( ) NAMED_UNIT ( * ) SI_UNIT ( .MILLI., .METRE. ) );
#1374 = ORIENTED_EDGE ( 'NONE', *, *, #1051, .T. ) ;
#1375 = CYLINDRICAL_SURFACE ( 'NONE', #1493, 0.2410049668956685265 ) ;
#1376 = DIRECTION ( 'NONE',  ( -0.000000000000000000, -0.000000000000000000, -1.000000000000000000 ) ) ;
#1377 = LINE ( 'NONE', #2079, #1843 ) ;
#1378 = LINE ( 'NONE', #849, #1680 ) ;
#1379 = EDGE_CURVE ( 'NONE', #1708, #748, #870, .T. ) ;
#1380 = ORIENTED_EDGE ( 'NONE', *, *, #2220, .T. ) ;
#1381 = ORIENTED_EDGE ( 'NONE', *, *, #755, .F. ) ;
#1382 = ORIENTED_EDGE ( 'NONE', *, *, #1400, .F. ) ;
#1383 = VECTOR ( 'NONE', #735, 1000.000000000000227 ) ;
#1384 = LINE ( 'NONE', #2087, #422 ) ;
#1385 = EDGE_LOOP ( 'NONE', ( #779, #2083, #662, #459 ) ) ;
#1386 = VECTOR ( 'NONE', #496, 1000.000000000000000 ) ;
#1387 = EDGE_CURVE ( 'NONE', #1514, #1974, #1265, .T. ) ;
#1388 = VECTOR ( 'NONE', #1060, 1000.000000000000000 ) ;
#1389 = VECTOR ( 'NONE', #1077, 1000.000000000000114 ) ;
#1390 = DIRECTION ( 'NONE',  ( -1.000000000000000000, 0.000000000000000000, 0.000000000000000000 ) ) ;
#1391 = CARTESIAN_POINT ( 'NONE',  ( 2.909341334478517727, 0.2330733614121440200, 1.070000000000000506 ) ) ;
#1392 = DIRECTION ( 'NONE',  ( -0.000000000000000000, 1.000000000000000000, -0.000000000000000000 ) ) ;
#1393 = CARTESIAN_POINT ( 'NONE',  ( 2.830870421587673214, 1.129999999999996563, 1.470000000000000417 ) ) ;
#1394 = AXIS2_PLACEMENT_3D ( 'NONE', #1278, #1981, #1211 ) ;
#1395 = ORIENTED_EDGE ( 'NONE', *, *, #1309, .F. ) ;
#1396 = DIRECTION ( 'NONE',  ( -1.000000000000000000, -0.000000000000000000, 1.906289534040446993E-16 ) ) ;
#1397 = ORIENTED_EDGE ( 'NONE', *, *, #2084, .F. ) ;
#1398 = EDGE_CURVE ( 'NONE', #413, #934, #1453, .T. ) ;
#1399 = FACE_OUTER_BOUND ( 'NONE', #854, .T. ) ;
#1400 = EDGE_CURVE ( 'NONE', #1473, #413, #994, .T. ) ;
#1401 = PLANE ( 'NONE',  #1933 ) ;
#1402 = CARTESIAN_POINT ( 'NONE',  ( -2.830870421587673214, 1.129999999999996563, -1.069999999999999840 ) ) ;
#1403 = ORIENTED_EDGE ( 'NONE', *, *, #1844, .T. ) ;
#1404 = LINE ( 'NONE', #43, #1405 ) ;
#1405 = VECTOR ( 'NONE', #1583, 1000.000000000000000 ) ;
#1406 = LINE ( 'NONE', #1261, #137 ) ;
#1407 = ORIENTED_EDGE ( 'NONE', *, *, #372, .F. ) ;
#1408 = DIRECTION ( 'NONE',  ( 0.000000000000000000, -0.000000000000000000, -1.000000000000000000 ) ) ;
#1409 = ORIENTED_EDGE ( 'NONE', *, *, #1702, .T. ) ;
#1410 = CARTESIAN_POINT ( 'NONE',  ( -2.256582315864564592, 1.350000000000000089, -1.069999999999999840 ) ) ;
#1411 = CARTESIAN_POINT ( 'NONE',  ( 2.999999999999997335, 0.2410049668956616986, 1.470000000000000417 ) ) ;
#1412 = LINE ( 'NONE', #1259, #1352 ) ;
#1413 = LINE ( 'NONE', #1447, #184 ) ;
#1414 = DIRECTION ( 'NONE',  ( 0.000000000000000000, 0.000000000000000000, 1.000000000000000000 ) ) ;
#1415 = CARTESIAN_POINT ( 'NONE',  ( -2.274999999999999467, 1.199999999999999956, -1.469999999999999751 ) ) ;
#1416 = VERTEX_POINT ( 'NONE', #1966 ) ;
#1417 = EDGE_LOOP ( 'NONE', ( #403, #356, #1335, #841 ) ) ;
#1418 = CARTESIAN_POINT ( 'NONE',  ( -2.681441216873911237, 1.116926638587848908, -1.069999999999999840 ) ) ;
#1419 = EDGE_CURVE ( 'NONE', #2170, #601, #1101, .T. ) ;
#1420 = DIRECTION ( 'NONE',  ( 0.000000000000000000, 0.000000000000000000, 1.000000000000000000 ) ) ;
#1421 = DIRECTION ( 'NONE',  ( 0.000000000000000000, -0.000000000000000000, -1.000000000000000000 ) ) ;
#1422 = VECTOR ( 'NONE', #1866, 1000.000000000000000 ) ;
#1423 = AXIS2_PLACEMENT_3D ( 'NONE', #2203, #1893, #2042 ) ;
#1424 = EDGE_CURVE ( 'NONE', #1842, #1085, #2047, .T. ) ;
#1425 = LINE ( 'NONE', #2101, #535 ) ;
#1426 = DIRECTION ( 'NONE',  ( 0.1218693434051435487, 0.9925461516413224272, -0.000000000000000000 ) ) ;
#1427 = ADVANCED_FACE ( 'NONE', ( #235 ), #102, .F. ) ;
#1428 = DIRECTION ( 'NONE',  ( 1.000000000000000000, -2.060029285042044511E-15, -0.000000000000000000 ) ) ;
#1429 = ORIENTED_EDGE ( 'NONE', *, *, #161, .F. ) ;
#1430 = CARTESIAN_POINT ( 'NONE',  ( -2.139936983006804461, 0.1000000000000000472, 1.714936983006805971 ) ) ;
#1431 = DIRECTION ( 'NONE',  ( -0.000000000000000000, -0.000000000000000000, -1.000000000000000000 ) ) ;
#1432 = CARTESIAN_POINT ( 'NONE',  ( -2.759912129764757527, 0.2199999999999968370, -1.469999999999999751 ) ) ;
#1433 = EDGE_LOOP ( 'NONE', ( #769, #1006, #46, #836 ) ) ;
#1434 = AXIS2_PLACEMENT_3D ( 'NONE', #1248, #1773, #1231 ) ;
#1435 = DIRECTION ( 'NONE',  ( -1.000000000000000000, 0.000000000000000000, 0.000000000000000000 ) ) ;
#1436 = DIRECTION ( 'NONE',  ( -0.9961946980917461003, -0.08715574274765160168, 0.000000000000000000 ) ) ;
#1437 = ADVANCED_FACE ( 'NONE', ( #1643 ), #453, .F. ) ;
#1438 = AXIS2_PLACEMENT_3D ( 'NONE', #461, #803, #790 ) ;
#1439 = CARTESIAN_POINT ( 'NONE',  ( 2.909341334478517727, 0.2330733614121440200, -1.069999999999999840 ) ) ;
#1440 = ADVANCED_FACE ( 'NONE', ( #1629 ), #443, .F. ) ;
#1441 = ORIENTED_EDGE ( 'NONE', *, *, #1799, .F. ) ;
#1442 = CARTESIAN_POINT ( 'NONE',  ( -1.566614007372302053, 2.199999999999999289, -1.244075829383894050 ) ) ;
#1443 = CIRCLE ( 'NONE', #725, 0.2410049668956667779 ) ;
#1444 = DIRECTION ( 'NONE',  ( -1.000000000000000000, 0.000000000000000000, 0.000000000000000000 ) ) ;
#1445 = DIRECTION ( 'NONE',  ( 0.000000000000000000, 0.000000000000000000, 1.000000000000000000 ) ) ;
#1446 = EDGE_LOOP ( 'NONE', ( #1380, #1630, #1019, #2072 ) ) ;
#1447 = CARTESIAN_POINT ( 'NONE',  ( -2.274999999999999467, 1.199999999999999956, -1.069999999999999840 ) ) ;
#1448 = CARTESIAN_POINT ( 'NONE',  ( -3.000000000000002665, -3.408594712664475502E-15, 1.470000000000000417 ) ) ;
#1449 = DIRECTION ( 'NONE',  ( 2.344220913482171163E-16, -0.000000000000000000, 1.000000000000000000 ) ) ;
#1450 = EDGE_CURVE ( 'NONE', #1691, #677, #757, .T. ) ;
#1451 = AXIS2_PLACEMENT_3D ( 'NONE', #2004, #952, #87 ) ;
#1452 = ORIENTED_EDGE ( 'NONE', *, *, #437, .F. ) ;
#1453 = LINE ( 'NONE', #2205, #1086 ) ;
#1454 = VERTEX_POINT ( 'NONE', #77 ) ;
#1455 = FILL_AREA_STYLE_COLOUR ( '', #1968 ) ;
#1456 = ADVANCED_FACE ( 'NONE', ( #1291 ), #593, .F. ) ;
#1457 = DIRECTION ( 'NONE',  ( -1.000000000000000000, 1.297667754066997298E-15, -0.000000000000000000 ) ) ;
#1458 = ORIENTED_EDGE ( 'NONE', *, *, #1925, .F. ) ;
#1459 = DIRECTION ( 'NONE',  ( 0.000000000000000000, -0.000000000000000000, -1.000000000000000000 ) ) ;
#1460 = EDGE_LOOP ( 'NONE', ( #974, #1721, #2209, #1677 ) ) ;
#1461 = AXIS2_PLACEMENT_3D ( 'NONE', #633, #1469, #771 ) ;
#1462 = VECTOR ( 'NONE', #1426, 1000.000000000000227 ) ;
#1463 = CIRCLE ( 'NONE', #1349, 0.09100496689566682507 ) ;
#1464 = AXIS2_PLACEMENT_3D ( 'NONE', #110, #1142, #1559 ) ;
#1465 = ORIENTED_EDGE ( 'NONE', *, *, #345, .T. ) ;
#1466 = CARTESIAN_POINT ( 'NONE',  ( -2.256582315864564592, 1.350000000000000089, 1.470000000000000417 ) ) ;
#1467 = ORIENTED_EDGE ( 'NONE', *, *, #1020, .F. ) ;
#1468 = ADVANCED_FACE ( 'NONE', ( #1719 ), #1921, .F. ) ;
#1469 = DIRECTION ( 'NONE',  ( -1.892080340925974899E-16, -0.1218693434051477398, -0.9925461516413219831 ) ) ;
#1470 = DIRECTION ( 'NONE',  ( -1.000000000000000000, 2.060029285042044511E-15, 0.000000000000000000 ) ) ;
#1471 = ORIENTED_EDGE ( 'NONE', *, *, #1257, .T. ) ;
#1472 = EDGE_CURVE ( 'NONE', #601, #615, #374, .T. ) ;
#1473 = VERTEX_POINT ( 'NONE', #1575 ) ;
#1474 = DIRECTION ( 'NONE',  ( 0.9961946980917462113, 0.08715574274765112983, 0.000000000000000000 ) ) ;
#1475 =( NAMED_UNIT ( * ) PLANE_ANGLE_UNIT ( ) SI_UNIT ( $, .RADIAN. ) );
#1476 = PLANE ( 'NONE',  #964 ) ;
#1477 = VECTOR ( 'NONE', #271, 1000.000000000000000 ) ;
#1478 = ORIENTED_EDGE ( 'NONE', *, *, #1549, .T. ) ;
#1479 = DIRECTION ( 'NONE',  ( -1.000000000000000000, 0.000000000000000000, 0.000000000000000000 ) ) ;
#1480 = DIRECTION ( 'NONE',  ( 1.000000000000000000, 0.000000000000000000, -1.906289534040446993E-16 ) ) ;
#1481 = CARTESIAN_POINT ( 'NONE',  ( 2.590782551352431184, 1.108995033104331451, 1.070000000000000506 ) ) ;
#1482 = ORIENTED_EDGE ( 'NONE', *, *, #1327, .T. ) ;
#1483 = VERTEX_POINT ( 'NONE', #1739 ) ;
#1484 = DIRECTION ( 'NONE',  ( -0.000000000000000000, -0.000000000000000000, -1.000000000000000000 ) ) ;
#1485 = CARTESIAN_POINT ( 'NONE',  ( 2.759912129764757527, 0.2199999999999968370, -1.069999999999999840 ) ) ;
#1486 = VECTOR ( 'NONE', #1270, 1000.000000000000000 ) ;
#1487 = LINE ( 'NONE', #2186, #1477 ) ;
#1488 = VERTEX_POINT ( 'NONE', #503 ) ;
#1489 = FACE_OUTER_BOUND ( 'NONE', #1160, .T. ) ;
#1490 = VERTEX_POINT ( 'NONE', #1039 ) ;
#1491 = CARTESIAN_POINT ( 'NONE',  ( -3.500000000000001332, -2.475995625340219932E-20, -1.469999999999999751 ) ) ;
#1492 = FILL_AREA_STYLE_COLOUR ( '', #670 ) ;
#1493 = AXIS2_PLACEMENT_3D ( 'NONE', #326, #1340, #2041 ) ;
#1494 = EDGE_CURVE ( 'NONE', #944, #1488, #878, .T. ) ;
#1495 = FILL_AREA_STYLE ('',( #823 ) ) ;
#1496 = PRESENTATION_LAYER_ASSIGNMENT (  '', '', ( #556 ) ) ;
#1497 = EDGE_CURVE ( 'NONE', #929, #444, #1896, .T. ) ;
#1498 = ORIENTED_EDGE ( 'NONE', *, *, #740, .F. ) ;
#1499 = AXIS2_PLACEMENT_3D ( 'NONE', #1070, #1762, #585 ) ;
#1500 = LINE ( 'NONE', #644, #1272 ) ;
#1501 = MECHANICAL_DESIGN_GEOMETRIC_PRESENTATION_REPRESENTATION (  '', ( #1934 ), #1979 ) ;
#1502 = LINE ( 'NONE', #965, #2013 ) ;
#1503 = ORIENTED_EDGE ( 'NONE', *, *, #834, .T. ) ;
#1504 = VERTEX_POINT ( 'NONE', #1188 ) ;
#1505 = LINE ( 'NONE', #1986, #337 ) ;
#1506 = SURFACE_SIDE_STYLE ('',( #1153 ) ) ;
#1507 = CARTESIAN_POINT ( 'NONE',  ( -3.500000000000001332, -2.475995625340219932E-20, 1.470000000000000417 ) ) ;
#1508 = EDGE_CURVE ( 'NONE', #485, #517, #2152, .T. ) ;
#1509 = AXIS2_PLACEMENT_3D ( 'NONE', #2143, #1097, #1586 ) ;
#1510 = ORIENTED_EDGE ( 'NONE', *, *, #2227, .F. ) ;
#1511 = ORIENTED_EDGE ( 'NONE', *, *, #2144, .T. ) ;
#1512 = CARTESIAN_POINT ( 'NONE',  ( -2.590782551352431184, 1.108995033104331451, 1.470000000000000417 ) ) ;
#1513 = FILL_AREA_STYLE_COLOUR ( '', #1241 ) ;
#1514 = VERTEX_POINT ( 'NONE', #1393 ) ;
#1515 = FACE_OUTER_BOUND ( 'NONE', #257, .T. ) ;
#1516 = PLANE ( 'NONE',  #596 ) ;
#1517 = CARTESIAN_POINT ( 'NONE',  ( 3.000000000000002665, -3.408594712664475502E-15, 1.470000000000000417 ) ) ;
#1518 = DIRECTION ( 'NONE',  ( 0.08715574274765160168, -0.9961946980917461003, 0.000000000000000000 ) ) ;
#1519 = ORIENTED_EDGE ( 'NONE', *, *, #612, .T. ) ;
#1520 = ADVANCED_FACE ( 'NONE', ( #1223 ), #10, .F. ) ;
#1521 = ORIENTED_EDGE ( 'NONE', *, *, #1562, .T. ) ;
#1522 = DIRECTION ( 'NONE',  ( 1.000000000000000000, 2.060029285042044511E-15, 0.000000000000000000 ) ) ;
#1523 =( NAMED_UNIT ( * ) SI_UNIT ( $, .STERADIAN. ) SOLID_ANGLE_UNIT ( ) );
#1524 = ADVANCED_FACE ( 'NONE', ( #880 ), #2213, .F. ) ;
#1525 = ORIENTED_EDGE ( 'NONE', *, *, #948, .T. ) ;
#1526 = FACE_OUTER_BOUND ( 'NONE', #560, .T. ) ;
#1527 = CARTESIAN_POINT ( 'NONE',  ( -2.830870421587673214, 1.129999999999996563, 1.470000000000000417 ) ) ;
#1528 = SURFACE_STYLE_USAGE ( .BOTH. , #1002 ) ;
#1529 = DIRECTION ( 'NONE',  ( 0.000000000000000000, -0.000000000000000000, -1.000000000000000000 ) ) ;
#1530 = EDGE_LOOP ( 'NONE', ( #243, #1881 ) ) ;
#1531 = AXIS2_PLACEMENT_3D ( 'NONE', #486, #1173, #174 ) ;
#1532 = ORIENTED_EDGE ( 'NONE', *, *, #740, .T. ) ;
#1533 = CIRCLE ( 'NONE', #1744, 0.2927242264873094468 ) ;
#1534 = VECTOR ( 'NONE', #1538, 1000.000000000000000 ) ;
#1535 = CARTESIAN_POINT ( 'NONE',  ( -2.759912129764757527, 0.2199999999999968370, 1.470000000000000417 ) ) ;
#1536 = ORIENTED_EDGE ( 'NONE', *, *, #1983, .F. ) ;
#1537 = DIRECTION ( 'NONE',  ( -8.673617379884038628E-15, 1.000000000000000000, 0.000000000000000000 ) ) ;
#1538 = DIRECTION ( 'NONE',  ( 0.1209742911513548014, 0.9852565360152931717, -0.1209742911513548569 ) ) ;
#1539 = UNCERTAINTY_MEASURE_WITH_UNIT (LENGTH_MEASURE( 1.000000000000000082E-05 ), #4, 'distance_accuracy_value', 'NONE');
#1540 = CARTESIAN_POINT ( 'NONE',  ( -3.000000000000002665, -3.408594712664475502E-15, 1.470000000000000417 ) ) ;
#1541 = CARTESIAN_POINT ( 'NONE',  ( 2.759912129764757527, 0.2199999999999968370, 1.470000000000000417 ) ) ;
#1542 = ORIENTED_EDGE ( 'NONE', *, *, #542, .F. ) ;
#1543 = PLANE ( 'NONE',  #1723 ) ;
#1544 = CIRCLE ( 'NONE', #758, 0.2410049668956685265 ) ;
#1545 = CARTESIAN_POINT ( 'NONE',  ( -2.681441216873911237, 1.116926638587848908, 1.470000000000000417 ) ) ;
#1546 = SURFACE_STYLE_FILL_AREA ( #2063 ) ;
#1547 = AXIS2_PLACEMENT_3D ( 'NONE', #568, #1791, #1803 ) ;
#1548 = EDGE_LOOP ( 'NONE', ( #2135, #1124, #160, #922 ) ) ;
#1549 = EDGE_CURVE ( 'NONE', #516, #1786, #330, .T. ) ;
#1550 = DIRECTION ( 'NONE',  ( -0.000000000000000000, 0.000000000000000000, 1.000000000000000000 ) ) ;
#1551 = FACE_OUTER_BOUND ( 'NONE', #24, .T. ) ;
#1552 = VECTOR ( 'NONE', #404, 1000.000000000000000 ) ;
#1553 = CARTESIAN_POINT ( 'NONE',  ( 2.256582315864564592, 1.350000000000000089, 1.470000000000000417 ) ) ;
#1554 = LINE ( 'NONE', #513, #1906 ) ;
#1555 = ORIENTED_EDGE ( 'NONE', *, *, #345, .F. ) ;
#1556 = VERTEX_POINT ( 'NONE', #1707 ) ;
#1557 = CARTESIAN_POINT ( 'NONE',  ( -1.566614007372302053, 2.199999999999999289, -1.244075829383894050 ) ) ;
#1558 = DIRECTION ( 'NONE',  ( -8.673617379884038628E-15, -1.000000000000000000, 0.000000000000000000 ) ) ;
#1559 = DIRECTION ( 'NONE',  ( 1.000000000000000000, 0.000000000000000000, -0.000000000000000000 ) ) ;
#1560 = PLANE ( 'NONE',  #505 ) ;
#1561 = DIRECTION ( 'NONE',  ( 1.000000000000000000, 0.000000000000000000, 0.000000000000000000 ) ) ;
#1562 = EDGE_CURVE ( 'NONE', #601, #527, #2068, .T. ) ;
#1563 = ORIENTED_EDGE ( 'NONE', *, *, #2199, .F. ) ;
#1564 = ORIENTED_EDGE ( 'NONE', *, *, #1700, .F. ) ;
#1565 = VECTOR ( 'NONE', #142, 1000.000000000000000 ) ;
#1566 = CYLINDRICAL_SURFACE ( 'NONE', #1061, 0.2410049668956685265 ) ;
#1567 = PRESENTATION_LAYER_ASSIGNMENT (  '', '', ( #2011 ) ) ;
#1568 = AXIS2_PLACEMENT_3D ( 'NONE', #405, #1584, #730 ) ;
#1569 = AXIS2_PLACEMENT_3D ( 'NONE', #196, #745, #1903 ) ;
#1570 = DIRECTION ( 'NONE',  ( 0.000000000000000000, -0.000000000000000000, -1.000000000000000000 ) ) ;
#1571 = VECTOR ( 'NONE', #1185, 1000.000000000000000 ) ;
#1572 = CYLINDRICAL_SURFACE ( 'NONE', #1134, 0.2410049668956667779 ) ;
#1573 = ORIENTED_EDGE ( 'NONE', *, *, #860, .F. ) ;
#1574 = FACE_BOUND ( 'NONE', #1530, .T. ) ;
#1575 = CARTESIAN_POINT ( 'NONE',  ( 2.139936983006805349, 0.1000000000000000472, 1.714936983006805082 ) ) ;
#1576 = MECHANICAL_DESIGN_GEOMETRIC_PRESENTATION_REPRESENTATION (  '', ( #1280 ), #1785 ) ;
#1577 = ORIENTED_EDGE ( 'NONE', *, *, #1172, .T. ) ;
#1578 = CARTESIAN_POINT ( 'NONE',  ( -2.999999999999997335, 0.2410049668956616986, 1.070000000000000506 ) ) ;
#1579 = EDGE_CURVE ( 'NONE', #1242, #2017, #1554, .T. ) ;
#1580 = DIRECTION ( 'NONE',  ( -0.000000000000000000, -0.000000000000000000, -1.000000000000000000 ) ) ;
#1581 = DIRECTION ( 'NONE',  ( -1.000000000000000000, 1.297667754066997298E-15, -0.000000000000000000 ) ) ;
#1582 = CARTESIAN_POINT ( 'NONE',  ( -2.999999999999997335, 0.2410049668956616986, -1.069999999999999840 ) ) ;
#1583 = DIRECTION ( 'NONE',  ( 0.000000000000000000, -0.000000000000000000, -1.000000000000000000 ) ) ;
#1584 = DIRECTION ( 'NONE',  ( -0.9961946980917462113, 0.08715574274765112983, 0.000000000000000000 ) ) ;
#1585 = AXIS2_PLACEMENT_3D ( 'NONE', #1233, #1931, #896 ) ;
#1586 = DIRECTION ( 'NONE',  ( -1.000000000000000000, 0.000000000000000000, 0.000000000000000000 ) ) ;
#1587 = EDGE_CURVE ( 'NONE', #862, #1899, #951, .T. ) ;
#1588 = ORIENTED_EDGE ( 'NONE', *, *, #1286, .T. ) ;
#1589 = DIRECTION ( 'NONE',  ( 0.000000000000000000, 1.000000000000000000, 0.000000000000000000 ) ) ;
#1590 = ADVANCED_FACE ( 'NONE', ( #1177 ), #1003, .F. ) ;
#1591 = DIRECTION ( 'NONE',  ( -0.1209742911513548291, -0.9852565360152931717, -0.1209742911513548014 ) ) ;
#1592 = DIRECTION ( 'NONE',  ( 0.000000000000000000, 0.000000000000000000, 1.000000000000000000 ) ) ;
#1593 = EDGE_CURVE ( 'NONE', #1305, #1076, #1378, .T. ) ;
#1594 = DIRECTION ( 'NONE',  ( -0.000000000000000000, -0.000000000000000000, -1.000000000000000000 ) ) ;
#1595 = CARTESIAN_POINT ( 'NONE',  ( 2.830870421587673214, 1.129999999999996563, 1.070000000000000506 ) ) ;
#1596 = DIRECTION ( 'NONE',  ( -1.297667754066997495E-15, -1.000000000000000000, 0.000000000000000000 ) ) ;
#1597 = VERTEX_POINT ( 'NONE', #1541 ) ;
#1598 = FACE_OUTER_BOUND ( 'NONE', #1830, .T. ) ;
#1599 = EDGE_LOOP ( 'NONE', ( #448, #1818, #11, #537 ) ) ;
#1600 = VECTOR ( 'NONE', #1331, 1000.000000000000000 ) ;
#1601 = CARTESIAN_POINT ( 'NONE',  ( 2.681441216873911237, 1.116926638587848908, 1.470000000000000417 ) ) ;
#1602 = LINE ( 'NONE', #379, #458 ) ;
#1603 = ADVANCED_FACE ( 'NONE', ( #2226 ), #1029, .T. ) ;
#1604 = EDGE_LOOP ( 'NONE', ( #355, #1458, #538, #397 ) ) ;
#1605 = AXIS2_PLACEMENT_3D ( 'NONE', #278, #1994, #956 ) ;
#1606 = DIRECTION ( 'NONE',  ( -0.000000000000000000, -0.000000000000000000, -1.000000000000000000 ) ) ;
#1607 = CARTESIAN_POINT ( 'NONE',  ( -2.909341334478517727, 0.2330733614121440200, -1.069999999999999840 ) ) ;
#1608 = DIRECTION ( 'NONE',  ( -1.000000000000000000, 0.000000000000000000, 0.000000000000000000 ) ) ;
#1609 = EDGE_LOOP ( 'NONE', ( #594, #957, #205, #1681 ) ) ;
#1610 = DIRECTION ( 'NONE',  ( -1.000000000000000000, 6.817139905416462738E-15, 0.000000000000000000 ) ) ;
#1611 = EDGE_LOOP ( 'NONE', ( #479, #481, #1573, #1397, #2174, #1452, #782, #520, #1190, #1146, #1555, #1264 ) ) ;
#1612 = CARTESIAN_POINT ( 'NONE',  ( 2.274999999999999467, 1.199999999999999956, 1.470000000000000417 ) ) ;
#1613 = ADVANCED_FACE ( 'NONE', ( #1369 ), #2080, .T. ) ;
#1614 = ORIENTED_EDGE ( 'NONE', *, *, #1424, .T. ) ;
#1615 = CARTESIAN_POINT ( 'NONE',  ( 2.590782551352431184, 1.108995033104331451, 1.070000000000000506 ) ) ;
#1616 = DIRECTION ( 'NONE',  ( -1.000000000000000000, 6.776263578034425590E-15, 0.000000000000000000 ) ) ;
#1617 = VERTEX_POINT ( 'NONE', #566 ) ;
#1618 = DIRECTION ( 'NONE',  ( 0.000000000000000000, -0.000000000000000000, -1.000000000000000000 ) ) ;
#1619 = EDGE_CURVE ( 'NONE', #1245, #120, #429, .T. ) ;
#1620 = EDGE_LOOP ( 'NONE', ( #1206, #899, #1126, #129 ) ) ;
#1621 = CARTESIAN_POINT ( 'NONE',  ( 3.000000000000002665, -3.408594712664475502E-15, 1.470000000000000417 ) ) ;
#1622 = PLANE ( 'NONE',  #1461 ) ;
#1623 = DIRECTION ( 'NONE',  ( -0.000000000000000000, -0.000000000000000000, -1.000000000000000000 ) ) ;
#1624 = ORIENTED_EDGE ( 'NONE', *, *, #1767, .T. ) ;
#1625 = DIRECTION ( 'NONE',  ( 0.08715574274765112983, 0.9961946980917461003, -0.000000000000000000 ) ) ;
#1626 = LINE ( 'NONE', #1851, #1638 ) ;
#1627 = CARTESIAN_POINT ( 'NONE',  ( -2.274999999999999467, 1.199999999999999956, 1.070000000000000506 ) ) ;
#1628 = VERTEX_POINT ( 'NONE', #214 ) ;
#1629 = FACE_OUTER_BOUND ( 'NONE', #1599, .T. ) ;
#1630 = ORIENTED_EDGE ( 'NONE', *, *, #1324, .F. ) ;
#1631 = DIRECTION ( 'NONE',  ( -0.9925461516413219831, 0.1218693434051477398, 0.000000000000000000 ) ) ;
#1632 = DIRECTION ( 'NONE',  ( 0.000000000000000000, 0.000000000000000000, 1.000000000000000000 ) ) ;
#1633 = ORIENTED_EDGE ( 'NONE', *, *, #808, .T. ) ;
#1634 = ORIENTED_EDGE ( 'NONE', *, *, #483, .F. ) ;
#1635 = LINE ( 'NONE', #788, #691 ) ;
#1636 = DIRECTION ( 'NONE',  ( 8.673617379884038628E-15, 1.000000000000000000, 0.000000000000000000 ) ) ;
#1637 = AXIS2_PLACEMENT_3D ( 'NONE', #2051, #678, #1522 ) ;
#1638 = VECTOR ( 'NONE', #789, 1000.000000000000000 ) ;
#1639 = CARTESIAN_POINT ( 'NONE',  ( 2.274999999999999467, 1.199999999999999956, -1.469999999999999751 ) ) ;
#1640 = EDGE_LOOP ( 'NONE', ( #170, #192, #733, #586 ) ) ;
#1641 = MECHANICAL_DESIGN_GEOMETRIC_PRESENTATION_REPRESENTATION (  '', ( #1209 ), #1099 ) ;
#1642 = ORIENTED_EDGE ( 'NONE', *, *, #651, .F. ) ;
#1643 = FACE_OUTER_BOUND ( 'NONE', #1300, .T. ) ;
#1644 = DIRECTION ( 'NONE',  ( 0.08715574274765160168, -0.9961946980917461003, 0.000000000000000000 ) ) ;
#1645 = ORIENTED_EDGE ( 'NONE', *, *, #1230, .T. ) ;
#1646 = DIRECTION ( 'NONE',  ( 1.000000000000000000, 1.297667754066997298E-15, 0.000000000000000000 ) ) ;
#1647 = PLANE ( 'NONE',  #424 ) ;
#1648 = CYLINDRICAL_SURFACE ( 'NONE', #1438, 0.2410049668956685265 ) ;
#1649 = ORIENTED_EDGE ( 'NONE', *, *, #643, .F. ) ;
#1650 = VECTOR ( 'NONE', #1129, 1000.000000000000000 ) ;
#1651 = ORIENTED_EDGE ( 'NONE', *, *, #394, .T. ) ;
#1652 = ORIENTED_EDGE ( 'NONE', *, *, #230, .T. ) ;
#1653 =( GEOMETRIC_REPRESENTATION_CONTEXT ( 3 ) GLOBAL_UNCERTAINTY_ASSIGNED_CONTEXT ( ( #660 ) ) GLOBAL_UNIT_ASSIGNED_CONTEXT ( ( #970, #1154, #1673 ) ) REPRESENTATION_CONTEXT ( 'NONE', 'WORKASPACE' ) );
#1654 = SURFACE_STYLE_USAGE ( .BOTH. , #89 ) ;
#1655 = LINE ( 'NONE', #2172, #1237 ) ;
#1656 = EDGE_LOOP ( 'NONE', ( #1624, #203, #845, #322 ) ) ;
#1657 = EDGE_CURVE ( 'NONE', #527, #1922, #780, .T. ) ;
#1658 = ORIENTED_EDGE ( 'NONE', *, *, #963, .F. ) ;
#1659 = DIRECTION ( 'NONE',  ( 0.08715574274765112983, 0.9961946980917461003, -0.000000000000000000 ) ) ;
#1660 = EDGE_CURVE ( 'NONE', #2145, #1155, #1953, .T. ) ;
#1661 = VECTOR ( 'NONE', #269, 1000.000000000000000 ) ;
#1662 = CARTESIAN_POINT ( 'NONE',  ( 2.590782551352431184, 1.350000000000000533, -1.469999999999999751 ) ) ;
#1663 = EDGE_LOOP ( 'NONE', ( #2037, #630, #1306, #824 ) ) ;
#1664 = ORIENTED_EDGE ( 'NONE', *, *, #1983, .T. ) ;
#1665 = PLANE ( 'NONE',  #2116 ) ;
#1666 = CARTESIAN_POINT ( 'NONE',  ( -3.000000000000002665, -3.408594712664475502E-15, -1.469999999999999751 ) ) ;
#1667 = ORIENTED_EDGE ( 'NONE', *, *, #955, .T. ) ;
#1668 = EDGE_LOOP ( 'NONE', ( #2059, #473, #907, #2166, #1302, #1295, #2173, #312, #36, #78, #2124, #973 ) ) ;
#1669 = EDGE_CURVE ( 'NONE', #2206, #1628, #419, .T. ) ;
#1670 = CARTESIAN_POINT ( 'NONE',  ( -2.590782551352431184, 1.350000000000000533, -1.069999999999999840 ) ) ;
#1671 = DIRECTION ( 'NONE',  ( 0.000000000000000000, 0.000000000000000000, 1.000000000000000000 ) ) ;
#1672 = EDGE_CURVE ( 'NONE', #1155, #248, #937, .T. ) ;
#1673 =( NAMED_UNIT ( * ) SI_UNIT ( $, .STERADIAN. ) SOLID_ANGLE_UNIT ( ) );
#1674 = VECTOR ( 'NONE', #1701, 1000.000000000000000 ) ;
#1675 = AXIS2_PLACEMENT_3D ( 'NONE', #2092, #840, #1199 ) ;
#1676 = AXIS2_PLACEMENT_3D ( 'NONE', #1442, #1255, #830 ) ;
#1677 = ORIENTED_EDGE ( 'NONE', *, *, #1593, .T. ) ;
#1678 = AXIS2_PLACEMENT_3D ( 'NONE', #1582, #2099, #544 ) ;
#1679 = CARTESIAN_POINT ( 'NONE',  ( 2.590782551352431184, 1.200000000000000622, 1.470000000000000417 ) ) ;
#1680 = VECTOR ( 'NONE', #1696, 1000.000000000000000 ) ;
#1681 = ORIENTED_EDGE ( 'NONE', *, *, #1450, .T. ) ;
#1682 = CARTESIAN_POINT ( 'NONE',  ( -1.566614007372302053, 2.299999999999998934, -1.244075829383894050 ) ) ;
#1683 = CARTESIAN_POINT ( 'NONE',  ( -2.274999999999999467, 1.199999999999999956, 1.070000000000000506 ) ) ;
#1684 = ADVANCED_FACE ( 'NONE', ( #232 ), #415, .F. ) ;
#1685 = LINE ( 'NONE', #1210, #1217 ) ;
#1686 = PLANE ( 'NONE',  #1676 ) ;
#1687 = VERTEX_POINT ( 'NONE', #914 ) ;
#1688 = VERTEX_POINT ( 'NONE', #1239 ) ;
#1689 = EDGE_CURVE ( 'NONE', #2053, #1245, #1941, .T. ) ;
#1690 = DIRECTION ( 'NONE',  ( -0.08715574274765160168, -0.9961946980917461003, 0.000000000000000000 ) ) ;
#1691 = VERTEX_POINT ( 'NONE', #555 ) ;
#1692 = PLANE ( 'NONE',  #1531 ) ;
#1693 = CARTESIAN_POINT ( 'NONE',  ( -2.759912129764757527, 0.2199999999999968370, -1.069999999999999840 ) ) ;
#1694 = VECTOR ( 'NONE', #1659, 1000.000000000000227 ) ;
#1695 = DIRECTION ( 'NONE',  ( -0.1218693434051435487, 0.9925461516413224272, 0.000000000000000000 ) ) ;
#1696 = DIRECTION ( 'NONE',  ( 0.000000000000000000, -0.000000000000000000, -1.000000000000000000 ) ) ;
#1697 = ORIENTED_EDGE ( 'NONE', *, *, #1387, .T. ) ;
#1698 = AXIS2_PLACEMENT_3D ( 'NONE', #800, #1152, #428 ) ;
#1699 = ORIENTED_EDGE ( 'NONE', *, *, #825, .T. ) ;
#1700 = EDGE_CURVE ( 'NONE', #1734, #1687, #579, .T. ) ;
#1701 = DIRECTION ( 'NONE',  ( -1.000000000000000000, 6.776263578034425590E-15, 0.000000000000000000 ) ) ;
#1702 = EDGE_CURVE ( 'NONE', #107, #1617, #2142, .T. ) ;
#1703 = EDGE_LOOP ( 'NONE', ( #2113, #1821, #1471, #2040 ) ) ;
#1704 = CYLINDRICAL_SURFACE ( 'NONE', #407, 0.2927242264873094468 ) ;
#1705 = CARTESIAN_POINT ( 'NONE',  ( -3.000000000000002665, -3.408594712664475502E-15, 1.070000000000000506 ) ) ;
#1706 = DIRECTION ( 'NONE',  ( -1.000000000000000000, -2.060029285042044511E-15, 0.000000000000000000 ) ) ;
#1707 = CARTESIAN_POINT ( 'NONE',  ( 2.139936983006804461, 0.1000000000000000472, -1.714936983006805304 ) ) ;
#1708 = VERTEX_POINT ( 'NONE', #1607 ) ;
#1709 = AXIS2_PLACEMENT_3D ( 'NONE', #2065, #2202, #837 ) ;
#1710 = ORIENTED_EDGE ( 'NONE', *, *, #430, .T. ) ;
#1711 = AXIS2_PLACEMENT_3D ( 'NONE', #265, #760, #1444 ) ;
#1712 = EDGE_CURVE ( 'NONE', #1708, #1346, #1406, .T. ) ;
#1713 = AXIS2_PLACEMENT_3D ( 'NONE', #1797, #645, #815 ) ;
#1714 = CARTESIAN_POINT ( 'NONE',  ( 2.759912129764757527, 0.2199999999999968370, -1.069999999999999840 ) ) ;
#1715 = EDGE_LOOP ( 'NONE', ( #1409, #763, #625, #1758 ) ) ;
#1716 = CARTESIAN_POINT ( 'NONE',  ( 3.500000000000000000, 0.1499999999999999667, -1.469999999999999751 ) ) ;
#1717 = DIRECTION ( 'NONE',  ( 1.000000000000000000, -6.817139905416461949E-15, -0.000000000000000000 ) ) ;
#1718 = DIRECTION ( 'NONE',  ( -6.817139905416462738E-15, 1.000000000000000000, 0.000000000000000000 ) ) ;
#1719 = FACE_OUTER_BOUND ( 'NONE', #1715, .T. ) ;
#1720 = ORIENTED_EDGE ( 'NONE', *, *, #362, .F. ) ;
#1721 = ORIENTED_EDGE ( 'NONE', *, *, #1351, .F. ) ;
#1722 = ORIENTED_EDGE ( 'NONE', *, *, #1087, .F. ) ;
#1723 = AXIS2_PLACEMENT_3D ( 'NONE', #1876, #1371, #333 ) ;
#1724 = DIRECTION ( 'NONE',  ( -0.08715574274765111595, -0.9961946980917461003, 0.000000000000000000 ) ) ;
#1725 = VERTEX_POINT ( 'NONE', #1448 ) ;
#1726 = CARTESIAN_POINT ( 'NONE',  ( 2.275000000000000355, 1.199999999999999956, 1.850000000000000533 ) ) ;
#1727 = PLANE ( 'NONE',  #1936 ) ;
#1728 = ADVANCED_FACE ( 'NONE', ( #1073 ), #1929, .F. ) ;
#1729 = CIRCLE ( 'NONE', #2030, 0.09100496689566682507 ) ;
#1730 = DIRECTION ( 'NONE',  ( 0.000000000000000000, -0.000000000000000000, -1.000000000000000000 ) ) ;
#1731 = EDGE_CURVE ( 'NONE', #267, #286, #222, .T. ) ;
#1732 = ORIENTED_EDGE ( 'NONE', *, *, #1731, .T. ) ;
#1733 = ORIENTED_EDGE ( 'NONE', *, *, #570, .T. ) ;
#1734 = VERTEX_POINT ( 'NONE', #245 ) ;
#1735 = DIRECTION ( 'NONE',  ( -1.000000000000000000, 0.000000000000000000, 0.000000000000000000 ) ) ;
#1736 = CARTESIAN_POINT ( 'NONE',  ( -2.681441216873911237, 1.116926638587848908, 1.470000000000000417 ) ) ;
#1737 = DIRECTION ( 'NONE',  ( -1.000000000000000000, 0.000000000000000000, 0.000000000000000000 ) ) ;
#1738 = CARTESIAN_POINT ( 'NONE',  ( -2.274999999999999467, 1.199999999999999956, 1.850000000000001421 ) ) ;
#1739 = CARTESIAN_POINT ( 'NONE',  ( -2.256582315864564592, 1.350000000000000089, 1.070000000000000506 ) ) ;
#1740 = ORIENTED_EDGE ( 'NONE', *, *, #256, .T. ) ;
#1741 = ORIENTED_EDGE ( 'NONE', *, *, #1281, .T. ) ;
#1742 = VERTEX_POINT ( 'NONE', #1595 ) ;
#1743 = CARTESIAN_POINT ( 'NONE',  ( 2.999999999999997335, 0.2410049668956616986, -1.469999999999999751 ) ) ;
#1744 = AXIS2_PLACEMENT_3D ( 'NONE', #875, #543, #1926 ) ;
#1745 = VECTOR ( 'NONE', #132, 1000.000000000000000 ) ;
#1746 = VECTOR ( 'NONE', #1924, 1000.000000000000000 ) ;
#1747 = CARTESIAN_POINT ( 'NONE',  ( -2.590782551352431184, 1.200000000000000622, 1.070000000000000506 ) ) ;
#1748 = AXIS2_PLACEMENT_3D ( 'NONE', #340, #2223, #1014 ) ;
#1749 = CARTESIAN_POINT ( 'NONE',  ( 2.590782551352431184, 1.108995033104331451, -1.069999999999999840 ) ) ;
#1750 = APPLICATION_CONTEXT ( 'automotive_design' ) ;
#1751 = CARTESIAN_POINT ( 'NONE',  ( -3.000000000000002665, -3.408594712664475502E-15, -1.069999999999999840 ) ) ;
#1752 = CARTESIAN_POINT ( 'NONE',  ( -3.000000000000001776, 0.1499999999999965805, 1.070000000000000506 ) ) ;
#1753 = AXIS2_PLACEMENT_3D ( 'NONE', #1910, #868, #200 ) ;
#1754 = EDGE_CURVE ( 'NONE', #516, #2053, #925, .T. ) ;
#1755 = PLANE ( 'NONE',  #1292 ) ;
#1756 = ORIENTED_EDGE ( 'NONE', *, *, #400, .T. ) ;
#1757 = ADVANCED_FACE ( 'NONE', ( #259 ), #35, .F. ) ;
#1758 = ORIENTED_EDGE ( 'NONE', *, *, #2175, .T. ) ;
#1759 = CARTESIAN_POINT ( 'NONE',  ( 3.000000000000001776, 0.1499999999999965805, 1.470000000000000417 ) ) ;
#1760 = EDGE_CURVE ( 'NONE', #2170, #562, #751, .T. ) ;
#1761 = CARTESIAN_POINT ( 'NONE',  ( 2.909341334478517727, 0.2330733614121440200, -1.469999999999999751 ) ) ;
#1762 = DIRECTION ( 'NONE',  ( 6.776263578034425590E-15, -1.000000000000000000, 0.000000000000000000 ) ) ;
#1763 = CARTESIAN_POINT ( 'NONE',  ( 3.000000000000001776, 0.1499999999999948319, -1.069999999999999840 ) ) ;
#1764 = DIRECTION ( 'NONE',  ( 0.1218693434051435348, -0.9925461516413224272, 0.000000000000000000 ) ) ;
#1765 = CARTESIAN_POINT ( 'NONE',  ( 2.256582315864564592, 1.350000000000000089, 1.070000000000000506 ) ) ;
#1766 = ORIENTED_EDGE ( 'NONE', *, *, #1956, .F. ) ;
#1767 = EDGE_CURVE ( 'NONE', #934, #343, #2102, .T. ) ;
#1768 = ORIENTED_EDGE ( 'NONE', *, *, #307, .T. ) ;
#1769 = CARTESIAN_POINT ( 'NONE',  ( 2.999999999999997335, 0.2410049668956616986, -1.069999999999999840 ) ) ;
#1770 = EDGE_CURVE ( 'NONE', #2193, #2036, #386, .T. ) ;
#1771 = CARTESIAN_POINT ( 'NONE',  ( -3.000000000000001776, 0.1499999999999965805, -1.069999999999999840 ) ) ;
#1772 = DIRECTION ( 'NONE',  ( 0.000000000000000000, 1.000000000000000000, 0.000000000000000000 ) ) ;
#1773 = DIRECTION ( 'NONE',  ( 0.000000000000000000, 1.000000000000000000, 0.000000000000000000 ) ) ;
#1774 = DIRECTION ( 'NONE',  ( 1.000000000000000000, 0.000000000000000000, 0.000000000000000000 ) ) ;
#1775 = EDGE_LOOP ( 'NONE', ( #469, #818, #1465, #931 ) ) ;
#1776 = CARTESIAN_POINT ( 'NONE',  ( -2.274999999999999467, 1.199999999999999956, 1.850000000000001421 ) ) ;
#1777 = ORIENTED_EDGE ( 'NONE', *, *, #12, .T. ) ;
#1778 = DIRECTION ( 'NONE',  ( 0.000000000000000000, 1.000000000000000000, 0.000000000000000000 ) ) ;
#1779 = ORIENTED_EDGE ( 'NONE', *, *, #362, .T. ) ;
#1780 = EDGE_CURVE ( 'NONE', #1102, #1628, #969, .T. ) ;
#1781 = CIRCLE ( 'NONE', #2148, 0.09100496689566682507 ) ;
#1782 = CARTESIAN_POINT ( 'NONE',  ( -2.256582315864564592, 1.350000000000000089, -1.069999999999999840 ) ) ;
#1783 = PLANE ( 'NONE',  #1499 ) ;
#1784 = AXIS2_PLACEMENT_3D ( 'NONE', #1411, #16, #378 ) ;
#1786 = VERTEX_POINT ( 'NONE', #638 ) ;
#1785 =( GEOMETRIC_REPRESENTATION_CONTEXT ( 3 ) GLOBAL_UNCERTAINTY_ASSIGNED_CONTEXT ( ( #1287 ) ) GLOBAL_UNIT_ASSIGNED_CONTEXT ( ( #775, #1475, #1162 ) ) REPRESENTATION_CONTEXT ( 'NONE', 'WORKASPACE' ) );
#1787 = CARTESIAN_POINT ( 'NONE',  ( 2.274999999999999467, 1.199999999999999956, -1.069999999999999840 ) ) ;
#1788 = CARTESIAN_POINT ( 'NONE',  ( 2.681441216873911237, 1.116926638587848908, -1.069999999999999840 ) ) ;
#1789 = EDGE_LOOP ( 'NONE', ( #86, #2005, #962, #1768 ) ) ;
#1790 = EDGE_CURVE ( 'NONE', #526, #517, #1626, .T. ) ;
#1791 = DIRECTION ( 'NONE',  ( -0.000000000000000000, 0.000000000000000000, 1.000000000000000000 ) ) ;
#1792 = AXIS2_PLACEMENT_3D ( 'NONE', #393, #1414, #2110 ) ;
#1793 = ORIENTED_EDGE ( 'NONE', *, *, #1886, .T. ) ;
#1794 = DIRECTION ( 'NONE',  ( -1.000000000000000000, 0.000000000000000000, 0.000000000000000000 ) ) ;
#1795 = VERTEX_POINT ( 'NONE', #471 ) ;
#1796 = DIRECTION ( 'NONE',  ( -0.1218693434051477398, -0.9925461516413219831, 0.000000000000000000 ) ) ;
#1797 = CARTESIAN_POINT ( 'NONE',  ( -2.590782551352431184, 1.350000000000000533, -1.069999999999999840 ) ) ;
#1798 = ORIENTED_EDGE ( 'NONE', *, *, #1159, .F. ) ;
#1799 = EDGE_CURVE ( 'NONE', #642, #263, #1859, .T. ) ;
#1800 = PLANE ( 'NONE',  #768 ) ;
#1801 = MANIFOLD_SOLID_BREP ( 'Boss-Extrude5', #468 ) ;
#1802 = DIRECTION ( 'NONE',  ( -1.000000000000000000, 0.000000000000000000, 0.000000000000000000 ) ) ;
#1803 = DIRECTION ( 'NONE',  ( 1.000000000000000000, 0.000000000000000000, 0.000000000000000000 ) ) ;
#1804 = MANIFOLD_SOLID_BREP ( 'LPattern1[1]', #569 ) ;
#1805 = EDGE_LOOP ( 'NONE', ( #1848, #582, #676, #1652 ) ) ;
#1806 = CYLINDRICAL_SURFACE ( 'NONE', #1451, 0.09100496689566682507 ) ;
#1807 = ORIENTED_EDGE ( 'NONE', *, *, #1398, .F. ) ;
#1808 = PRODUCT ( 'TLP185(E)', 'TLP185(E)', '', ( #1010 ) ) ;
#1809 = DIRECTION ( 'NONE',  ( 0.9961946980917461003, -0.08715574274765160168, 0.000000000000000000 ) ) ;
#1810 = EDGE_LOOP ( 'NONE', ( #908, #831, #498, #2187, #1314, #1766, #1467, #124, #1971, #996, #182, #1897 ) ) ;
#1811 = VERTEX_POINT ( 'NONE', #1987 ) ;
#1812 = CARTESIAN_POINT ( 'NONE',  ( 2.590782551352431184, 1.200000000000000622, -1.069999999999999840 ) ) ;
#1813 = SURFACE_STYLE_FILL_AREA ( #306 ) ;
#1814 = ADVANCED_FACE ( 'NONE', ( #439 ), #1647, .F. ) ;
#1815 = CARTESIAN_POINT ( 'NONE',  ( 2.681441216873911237, 1.116926638587848908, -1.469999999999999751 ) ) ;
#1816 = EDGE_LOOP ( 'NONE', ( #1756, #548, #606, #2034 ) ) ;
#1817 = DIRECTION ( 'NONE',  ( 0.000000000000000000, 0.000000000000000000, 1.000000000000000000 ) ) ;
#1818 = ORIENTED_EDGE ( 'NONE', *, *, #948, .F. ) ;
#1819 =( NAMED_UNIT ( * ) SI_UNIT ( $, .STERADIAN. ) SOLID_ANGLE_UNIT ( ) );
#1820 = LINE ( 'NONE', #599, #279 ) ;
#1821 = ORIENTED_EDGE ( 'NONE', *, *, #230, .F. ) ;
#1822 = ORIENTED_EDGE ( 'NONE', *, *, #581, .T. ) ;
#1823 = CARTESIAN_POINT ( 'NONE',  ( -2.759912129764757527, 0.2199999999999968370, -1.069999999999999840 ) ) ;
#1824 = FILL_AREA_STYLE ('',( #946 ) ) ;
#1825 = AXIS2_PLACEMENT_3D ( 'NONE', #41, #1420, #2089 ) ;
#1826 = VECTOR ( 'NONE', #51, 1000.000000000000000 ) ;
#1827 = DIRECTION ( 'NONE',  ( -0.000000000000000000, -1.000000000000000000, -0.000000000000000000 ) ) ;
#1828 = EDGE_CURVE ( 'NONE', #2228, #343, #450, .T. ) ;
#1829 = ORIENTED_EDGE ( 'NONE', *, *, #557, .T. ) ;
#1830 = EDGE_LOOP ( 'NONE', ( #1318, #2060, #1025, #1122 ) ) ;
#1831 = FACE_OUTER_BOUND ( 'NONE', #1007, .T. ) ;
#1832 = ADVANCED_FACE ( 'NONE', ( #282 ), #959, .T. ) ;
#1833 = VERTEX_POINT ( 'NONE', #1391 ) ;
#1834 = SURFACE_STYLE_USAGE ( .BOTH. , #446 ) ;
#1835 = ADVANCED_FACE ( 'NONE', ( #1174 ), #2090, .F. ) ;
#1836 = DIRECTION ( 'NONE',  ( 2.060029285042044511E-15, 1.000000000000000000, -0.000000000000000000 ) ) ;
#1837 = ORIENTED_EDGE ( 'NONE', *, *, #65, .T. ) ;
#1838 = LINE ( 'NONE', #470, #901 ) ;
#1839 = VECTOR ( 'NONE', #177, 1000.000000000000000 ) ;
#1840 = SURFACE_STYLE_USAGE ( .BOTH. , #628 ) ;
#1841 = ORIENTED_EDGE ( 'NONE', *, *, #1872, .T. ) ;
#1842 = VERTEX_POINT ( 'NONE', #2056 ) ;
#1843 = VECTOR ( 'NONE', #341, 1000.000000000000000 ) ;
#1844 = EDGE_CURVE ( 'NONE', #2064, #1725, #991, .T. ) ;
#1845 = AXIS2_PLACEMENT_3D ( 'NONE', #1319, #294, #1975 ) ;
#1846 = DIRECTION ( 'NONE',  ( -1.000000000000000000, 0.000000000000000000, 0.000000000000000000 ) ) ;
#1847 = FACE_OUTER_BOUND ( 'NONE', #1254, .T. ) ;
#1848 = ORIENTED_EDGE ( 'NONE', *, *, #49, .F. ) ;
#1849 = EDGE_LOOP ( 'NONE', ( #941, #842, #418, #1478 ) ) ;
#1850 = DIRECTION ( 'NONE',  ( 1.000000000000000000, 0.000000000000000000, 0.000000000000000000 ) ) ;
#1851 = CARTESIAN_POINT ( 'NONE',  ( -1.566614007372302053, 2.199999999999999289, -1.536800055871203607 ) ) ;
#1852 = DIRECTION ( 'NONE',  ( 1.000000000000000000, -0.000000000000000000, -1.906289534040447487E-16 ) ) ;
#1853 = ORIENTED_EDGE ( 'NONE', *, *, #318, .T. ) ;
#1854 = EDGE_LOOP ( 'NONE', ( #1869, #5, #1277, #685 ) ) ;
#1855 = DIRECTION ( 'NONE',  ( -1.000000000000000000, -6.817139905416461949E-15, 0.000000000000000000 ) ) ;
#1856 = EDGE_CURVE ( 'NONE', #1490, #1945, #349, .T. ) ;
#1857 = VERTEX_POINT ( 'NONE', #17 ) ;
#1858 = CARTESIAN_POINT ( 'NONE',  ( 2.999999999999997335, 0.2410049668956616986, 1.070000000000000506 ) ) ;
#1859 = LINE ( 'NONE', #1332, #93 ) ;
#1860 = DIRECTION ( 'NONE',  ( -0.000000000000000000, -0.000000000000000000, -1.000000000000000000 ) ) ;
#1861 = EDGE_CURVE ( 'NONE', #1242, #1155, #1871, .T. ) ;
#1862 = AXIS2_PLACEMENT_3D ( 'NONE', #53, #1436, #64 ) ;
#1863 = ORIENTED_EDGE ( 'NONE', *, *, #1902, .T. ) ;
#1864 = VECTOR ( 'NONE', #1341, 1000.000000000000000 ) ;
#1865 = ORIENTED_EDGE ( 'NONE', *, *, #627, .F. ) ;
#1866 = DIRECTION ( 'NONE',  ( -8.673617379884038628E-15, -1.000000000000000000, 0.000000000000000000 ) ) ;
#1867 = AXIS2_PLACEMENT_3D ( 'NONE', #1873, #674, #2045 ) ;
#1868 = DIRECTION ( 'NONE',  ( -1.000000000000000000, 0.000000000000000000, 0.000000000000000000 ) ) ;
#1869 = ORIENTED_EDGE ( 'NONE', *, *, #1660, .T. ) ;
#1870 = CARTESIAN_POINT ( 'NONE',  ( -2.909341334478517727, 0.2330733614121440200, 1.470000000000000417 ) ) ;
#1871 = LINE ( 'NONE', #2066, #317 ) ;
#1872 = EDGE_CURVE ( 'NONE', #1905, #1687, #1028, .T. ) ;
#1873 = CARTESIAN_POINT ( 'NONE',  ( -3.000000000000001776, 0.1499999999999965805, 1.470000000000000417 ) ) ;
#1874 = CIRCLE ( 'NONE', #1509, 0.09100496689566900388 ) ;
#1875 = VERTEX_POINT ( 'NONE', #189 ) ;
#1876 = CARTESIAN_POINT ( 'NONE',  ( -2.830870421587672769, 1.129999999999996563, 1.470000000000000417 ) ) ;
#1877 = ORIENTED_EDGE ( 'NONE', *, *, #2015, .T. ) ;
#1878 = COLOUR_RGB ( '',0.7921568627450980005, 0.8196078431372548767, 0.9333333333333333481 ) ;
#1879 = LINE ( 'NONE', #1157, #417 ) ;
#1880 =( NAMED_UNIT ( * ) PLANE_ANGLE_UNIT ( ) SI_UNIT ( $, .RADIAN. ) );
#1881 = ORIENTED_EDGE ( 'NONE', *, *, #530, .F. ) ;
#1882 = DIRECTION ( 'NONE',  ( -1.000000000000000000, -8.673617379884038628E-15, 0.000000000000000000 ) ) ;
#1883 = DIRECTION ( 'NONE',  ( 0.000000000000000000, 0.000000000000000000, 1.000000000000000000 ) ) ;
#1884 = FILL_AREA_STYLE_COLOUR ( '', #1041 ) ;
#1885 = CARTESIAN_POINT ( 'NONE',  ( -1.566614007372302053, 2.299999999999998934, -1.244075829383894050 ) ) ;
#1886 = EDGE_CURVE ( 'NONE', #971, #263, #143, .T. ) ;
#1887 = ORIENTED_EDGE ( 'NONE', *, *, #2043, .F. ) ;
#1888 = DIRECTION ( 'NONE',  ( -1.000000000000000000, 6.817139905416462738E-15, 0.000000000000000000 ) ) ;
#1889 = CARTESIAN_POINT ( 'NONE',  ( -2.909341334478517727, 0.2330733614121440200, 1.070000000000000506 ) ) ;
#1890 = FACE_OUTER_BOUND ( 'NONE', #1789, .T. ) ;
#1891 = ORIENTED_EDGE ( 'NONE', *, *, #437, .T. ) ;
#1892 = FACE_OUTER_BOUND ( 'NONE', #773, .T. ) ;
#1893 = DIRECTION ( 'NONE',  ( -0.000000000000000000, -0.000000000000000000, -1.000000000000000000 ) ) ;
#1894 = VECTOR ( 'NONE', #1518, 1000.000000000000114 ) ;
#1895 = DIRECTION ( 'NONE',  ( 0.000000000000000000, -0.000000000000000000, -1.000000000000000000 ) ) ;
#1896 = LINE ( 'NONE', #364, #2188 ) ;
#1897 = ORIENTED_EDGE ( 'NONE', *, *, #85, .F. ) ;
#1898 = VECTOR ( 'NONE', #1570, 1000.000000000000000 ) ;
#1899 = VERTEX_POINT ( 'NONE', #175 ) ;
#1900 = VECTOR ( 'NONE', #826, 1000.000000000000000 ) ;
#1901 = AXIS2_PLACEMENT_3D ( 'NONE', #933, #1623, #80 ) ;
#1902 = EDGE_CURVE ( 'NONE', #1245, #1201, #2078, .T. ) ;
#1903 = DIRECTION ( 'NONE',  ( -0.1218693434051477398, 0.9925461516413219831, 0.000000000000000000 ) ) ;
#1904 = EDGE_CURVE ( 'NONE', #2017, #1811, #1170, .T. ) ;
#1905 = VERTEX_POINT ( 'NONE', #327 ) ;
#1906 = VECTOR ( 'NONE', #695, 1000.000000000000000 ) ;
#1907 = LINE ( 'NONE', #1716, #741 ) ;
#1908 = CARTESIAN_POINT ( 'NONE',  ( -3.000000000000001776, 0.1499999999999965805, -1.469999999999999751 ) ) ;
#1909 = DIRECTION ( 'NONE',  ( -1.000000000000000000, 0.000000000000000000, 0.000000000000000000 ) ) ;
#1910 = CARTESIAN_POINT ( 'NONE',  ( 3.500000000000000000, 0.1499999999999999667, -1.069999999999999840 ) ) ;
#1911 = ORIENTED_EDGE ( 'NONE', *, *, #1018, .F. ) ;
#1912 = LINE ( 'NONE', #1143, #1253 ) ;
#1913 = VECTOR ( 'NONE', #319, 1000.000000000000114 ) ;
#1914 = DIRECTION ( 'NONE',  ( -1.000000000000000000, 6.776263578034425590E-15, 0.000000000000000000 ) ) ;
#1915 = ADVANCED_FACE ( 'NONE', ( #1001 ), #1727, .F. ) ;
#1916 = VECTOR ( 'NONE', #199, 1000.000000000000000 ) ;
#1917 = AXIS2_PLACEMENT_3D ( 'NONE', #1240, #927, #1082 ) ;
#1918 = LINE ( 'NONE', #701, #484 ) ;
#1919 = CARTESIAN_POINT ( 'NONE',  ( -1.566614007372302053, 2.199999999999999289, -1.244075829383894050 ) ) ;
#1920 = DIRECTION ( 'NONE',  ( -1.000000000000000000, 0.000000000000000000, 0.000000000000000000 ) ) ;
#1921 = PLANE ( 'NONE',  #1867 ) ;
#1922 = VERTEX_POINT ( 'NONE', #1693 ) ;
#1923 = ORIENTED_EDGE ( 'NONE', *, *, #62, .T. ) ;
#1924 = DIRECTION ( 'NONE',  ( -0.000000000000000000, -0.000000000000000000, -1.000000000000000000 ) ) ;
#1925 = EDGE_CURVE ( 'NONE', #1556, #934, #1208, .T. ) ;
#1926 = DIRECTION ( 'NONE',  ( 0.000000000000000000, 0.000000000000000000, 1.000000000000000000 ) ) ;
#1927 = CARTESIAN_POINT ( 'NONE',  ( 2.681441216873911237, 1.116926638587848908, -1.469999999999999751 ) ) ;
#1928 = CARTESIAN_POINT ( 'NONE',  ( 3.000000000000001776, 0.1499999999999965805, 1.470000000000000417 ) ) ;
#1929 = PLANE ( 'NONE',  #207 ) ;
#1930 = ADVANCED_FACE ( 'NONE', ( #1551 ), #1355, .F. ) ;
#1931 = DIRECTION ( 'NONE',  ( -0.000000000000000000, -0.000000000000000000, -1.000000000000000000 ) ) ;
#1932 = DIRECTION ( 'NONE',  ( 1.000000000000000000, 0.000000000000000000, 0.000000000000000000 ) ) ;
#1933 = AXIS2_PLACEMENT_3D ( 'NONE', #1771, #390, #902 ) ;
#1934 = STYLED_ITEM ( 'NONE', ( #801 ), #1801 ) ;
#1935 = DIRECTION ( 'NONE',  ( 0.9961946980917462113, 0.08715574274765112983, 0.000000000000000000 ) ) ;
#1936 = AXIS2_PLACEMENT_3D ( 'NONE', #154, #702, #838 ) ;
#1937 = CARTESIAN_POINT ( 'NONE',  ( 2.590782551352431184, 1.108995033104331451, -1.469999999999999751 ) ) ;
#1938 = VERTEX_POINT ( 'NONE', #1705 ) ;
#1939 = PRESENTATION_LAYER_ASSIGNMENT (  '', '', ( #1209 ) ) ;
#1940 = CARTESIAN_POINT ( 'NONE',  ( -2.139936983006804461, 2.299999999999998934, -1.849999999999999867 ) ) ;
#1941 = LINE ( 'NONE', #1976, #131 ) ;
#1942 = ADVANCED_FACE ( 'NONE', ( #659 ), #1516, .F. ) ;
#1943 = PLANE ( 'NONE',  #183 ) ;
#1944 = EDGE_CURVE ( 'NONE', #1076, #138, #883, .T. ) ;
#1945 = VERTEX_POINT ( 'NONE', #7 ) ;
#1946 = CARTESIAN_POINT ( 'NONE',  ( -2.830870421587672769, 1.129999999999996563, -1.469999999999999751 ) ) ;
#1947 = ORIENTED_EDGE ( 'NONE', *, *, #1400, .T. ) ;
#1948 = VECTOR ( 'NONE', #1260, 1000.000000000000114 ) ;
#1949 = CARTESIAN_POINT ( 'NONE',  ( -3.000000000000002665, -3.408594712664475502E-15, -1.069999999999999840 ) ) ;
#1950 = CARTESIAN_POINT ( 'NONE',  ( 2.909341334478517727, 0.2330733614121440200, 1.470000000000000417 ) ) ;
#1951 = VECTOR ( 'NONE', #1288, 1000.000000000000000 ) ;
#1952 = DIRECTION ( 'NONE',  ( -0.000000000000000000, -0.000000000000000000, -1.000000000000000000 ) ) ;
#1953 = LINE ( 'NONE', #1271, #1462 ) ;
#1954 = STYLED_ITEM ( 'NONE', ( #2212 ), #324 ) ;
#1955 = CARTESIAN_POINT ( 'NONE',  ( -3.000000000000001776, 0.1499999999999948319, 1.070000000000000506 ) ) ;
#1956 = EDGE_CURVE ( 'NONE', #2114, #562, #522, .T. ) ;
#1957 = VERTEX_POINT ( 'NONE', #488 ) ;
#1958 = EDGE_LOOP ( 'NONE', ( #1733, #457, #409, #103 ) ) ;
#1959 = LINE ( 'NONE', #1301, #707 ) ;
#1960 = LINE ( 'NONE', #551, #2085 ) ;
#1961 = DIRECTION ( 'NONE',  ( -0.000000000000000000, -0.000000000000000000, -1.000000000000000000 ) ) ;
#1962 = LINE ( 'NONE', #72, #1948 ) ;
#1963 = DIRECTION ( 'NONE',  ( -1.000000000000000000, 1.297667754066997298E-15, -0.000000000000000000 ) ) ;
#1964 = DIRECTION ( 'NONE',  ( -1.000000000000000000, 0.000000000000000000, 0.000000000000000000 ) ) ;
#1965 = ORIENTED_EDGE ( 'NONE', *, *, #627, .T. ) ;
#1966 = CARTESIAN_POINT ( 'NONE',  ( -2.759912129764757527, 0.2199999999999968370, 1.070000000000000506 ) ) ;
#1967 = EDGE_CURVE ( 'NONE', #862, #280, #361, .T. ) ;
#1968 = COLOUR_RGB ( '',0.7921568627450980005, 0.8196078431372548767, 0.9333333333333333481 ) ;
#1969 = FACE_OUTER_BOUND ( 'NONE', #756, .T. ) ;
#1970 = LINE ( 'NONE', #127, #635 ) ;
#1971 = ORIENTED_EDGE ( 'NONE', *, *, #1105, .F. ) ;
#1972 = AXIS2_PLACEMENT_3D ( 'NONE', #1885, #492, #1049 ) ;
#1974 = VERTEX_POINT ( 'NONE', #1950 ) ;
#1973 = VECTOR ( 'NONE', #500, 1000.000000000000000 ) ;
#1975 = DIRECTION ( 'NONE',  ( 1.000000000000000000, 0.000000000000000000, 0.000000000000000000 ) ) ;
#1976 = CARTESIAN_POINT ( 'NONE',  ( 3.500000000000000000, 0.1499999999999999667, -1.069999999999999840 ) ) ;
#1977 = EDGE_LOOP ( 'NONE', ( #827, #1651, #1361, #2194, #302, #720, #797, #1482, #1225, #1521, #2012, #1519 ) ) ;
#1978 = DIRECTION ( 'NONE',  ( -0.000000000000000000, -0.000000000000000000, -1.000000000000000000 ) ) ;
#1979 =( GEOMETRIC_REPRESENTATION_CONTEXT ( 3 ) GLOBAL_UNCERTAINTY_ASSIGNED_CONTEXT ( ( #2024 ) ) GLOBAL_UNIT_ASSIGNED_CONTEXT ( ( #270, #1320, #98 ) ) REPRESENTATION_CONTEXT ( 'NONE', 'WORKASPACE' ) );
#1980 = ORIENTED_EDGE ( 'NONE', *, *, #1324, .T. ) ;
#1981 = DIRECTION ( 'NONE',  ( 0.000000000000000000, 1.000000000000000000, 0.000000000000000000 ) ) ;
#1982 = PLANE ( 'NONE',  #1713 ) ;
#1983 = EDGE_CURVE ( 'NONE', #1201, #2206, #70, .T. ) ;
#1984 = CLOSED_SHELL ( 'NONE', ( #1930, #147, #2190, #40, #227, #29, #104, #1468, #1437, #21, #2224, #1684, #926, #749 ) ) ;
#1985 = ORIENTED_EDGE ( 'NONE', *, *, #1252, .T. ) ;
#1986 = CARTESIAN_POINT ( 'NONE',  ( 2.590782551352431184, 1.200000000000000622, 1.470000000000000417 ) ) ;
#1987 = CARTESIAN_POINT ( 'NONE',  ( -2.830870421587673214, 1.129999999999996563, -1.069999999999999840 ) ) ;
#1988 = ORIENTED_EDGE ( 'NONE', *, *, #1035, .F. ) ;
#1989 = CARTESIAN_POINT ( 'NONE',  ( -2.274999999999999467, 0.1000000000000000472, -1.714936983006804638 ) ) ;
#1990 = EDGE_LOOP ( 'NONE', ( #1256, #613, #112, #1012 ) ) ;
#1991 = DIRECTION ( 'NONE',  ( -2.344220913482171163E-16, -0.000000000000000000, -1.000000000000000000 ) ) ;
#1992 = VECTOR ( 'NONE', #637, 1000.000000000000000 ) ;
#1993 =( NAMED_UNIT ( * ) SI_UNIT ( $, .STERADIAN. ) SOLID_ANGLE_UNIT ( ) );
#1994 = DIRECTION ( 'NONE',  ( -0.9925461516413225382, 0.1218693434051435487, 0.000000000000000000 ) ) ;
#1995 = ORIENTED_EDGE ( 'NONE', *, *, #187, .T. ) ;
#1996 = EDGE_CURVE ( 'NONE', #1899, #642, #1247, .T. ) ;
#1997 = EDGE_LOOP ( 'NONE', ( #967, #148, #338, #1829, #71, #1645, #2137, #141, #687, #1577, #697, #2029 ) ) ;
#1998 = CARTESIAN_POINT ( 'NONE',  ( -2.759912129764757527, 0.2199999999999968370, 1.470000000000000417 ) ) ;
#1999 = DIRECTION ( 'NONE',  ( 1.000000000000000000, -8.673617379884038628E-15, 0.000000000000000000 ) ) ;
#2000 = EDGE_CURVE ( 'NONE', #81, #861, #212, .T. ) ;
#2001 = CARTESIAN_POINT ( 'NONE',  ( -1.566614007372302053, 2.299999999999998934, -0.9513516028965847138 ) ) ;
#2002 = EDGE_CURVE ( 'NONE', #1875, #1040, #784, .T. ) ;
#2003 = ORIENTED_EDGE ( 'NONE', *, *, #358, .F. ) ;
#2004 = CARTESIAN_POINT ( 'NONE',  ( 2.999999999999997335, 0.2410049668956616986, 1.470000000000000417 ) ) ;
#2005 = ORIENTED_EDGE ( 'NONE', *, *, #1137, .F. ) ;
#2006 = CARTESIAN_POINT ( 'NONE',  ( 2.256582315864564592, 1.350000000000000089, -1.469999999999999751 ) ) ;
#2007 = CARTESIAN_POINT ( 'NONE',  ( -2.274999999999999467, 1.199999999999999956, -1.069999999999999840 ) ) ;
#2008 = ORIENTED_EDGE ( 'NONE', *, *, #624, .T. ) ;
#2009 = CARTESIAN_POINT ( 'NONE',  ( 2.590782551352431184, 1.108995033104331451, 1.470000000000000417 ) ) ;
#2010 = DIRECTION ( 'NONE',  ( -1.000000000000000000, 0.000000000000000000, 0.000000000000000000 ) ) ;
#2011 = STYLED_ITEM ( 'NONE', ( #2162 ), #1005 ) ;
#2012 = ORIENTED_EDGE ( 'NONE', *, *, #1657, .T. ) ;
#2013 = VECTOR ( 'NONE', #116, 1000.000000000000227 ) ;
#2014 = FACE_OUTER_BOUND ( 'NONE', #1460, .T. ) ;
#2015 = EDGE_CURVE ( 'NONE', #332, #526, #2218, .T. ) ;
#2016 = VERTEX_POINT ( 'NONE', #391 ) ;
#2017 = VERTEX_POINT ( 'NONE', #42 ) ;
#2018 = EDGE_CURVE ( 'NONE', #1811, #2076, #921, .T. ) ;
#2019 = LINE ( 'NONE', #2006, #844 ) ;
#2020 = CARTESIAN_POINT ( 'NONE',  ( -3.500000000000000000, 0.1499999999999999667, -1.069999999999999840 ) ) ;
#2021 = ORIENTED_EDGE ( 'NONE', *, *, #1419, .F. ) ;
#2022 = LINE ( 'NONE', #1670, #1992 ) ;
#2023 = PRESENTATION_STYLE_ASSIGNMENT (( #83 ) ) ;
#2024 = UNCERTAINTY_MEASURE_WITH_UNIT (LENGTH_MEASURE( 1.000000000000000082E-05 ), #270, 'distance_accuracy_value', 'NONE');
#2025 = DIRECTION ( 'NONE',  ( -1.000000000000000000, 0.000000000000000000, 0.000000000000000000 ) ) ;
#2026 = ORIENTED_EDGE ( 'NONE', *, *, #1689, .T. ) ;
#2027 = AXIS2_PLACEMENT_3D ( 'NONE', #2123, #1111, #1251 ) ;
#2028 = ADVANCED_FACE ( 'NONE', ( #402 ), #61, .F. ) ;
#2029 = ORIENTED_EDGE ( 'NONE', *, *, #802, .T. ) ;
#2030 = AXIS2_PLACEMENT_3D ( 'NONE', #894, #1594, #1435 ) ;
#2031 = CARTESIAN_POINT ( 'NONE',  ( -2.590782551352431184, 1.108995033104331451, -1.469999999999999751 ) ) ;
#2032 = EDGE_LOOP ( 'NONE', ( #1243, #2189, #173, #608 ) ) ;
#2033 = EDGE_CURVE ( 'NONE', #1133, #217, #229, .T. ) ;
#2034 = ORIENTED_EDGE ( 'NONE', *, *, #528, .T. ) ;
#2035 = CARTESIAN_POINT ( 'NONE',  ( 2.590782551352431184, 1.350000000000000533, 1.470000000000000417 ) ) ;
#2036 = VERTEX_POINT ( 'NONE', #1432 ) ;
#2037 = ORIENTED_EDGE ( 'NONE', *, *, #910, .T. ) ;
#2038 = LINE ( 'NONE', #1545, #169 ) ;
#2039 = EDGE_CURVE ( 'NONE', #1628, #286, #736, .T. ) ;
#2040 = ORIENTED_EDGE ( 'NONE', *, *, #1130, .T. ) ;
#2041 = DIRECTION ( 'NONE',  ( 1.000000000000000000, 0.000000000000000000, 0.000000000000000000 ) ) ;
#2042 = DIRECTION ( 'NONE',  ( -1.000000000000000000, 0.000000000000000000, 0.000000000000000000 ) ) ;
#2043 = EDGE_CURVE ( 'NONE', #2053, #995, #1412, .T. ) ;
#2044 = LINE ( 'NONE', #2091, #1913 ) ;
#2045 = DIRECTION ( 'NONE',  ( 1.000000000000000000, -6.776263578034425590E-15, 0.000000000000000000 ) ) ;
#2046 = VECTOR ( 'NONE', #575, 1000.000000000000000 ) ;
#2047 = CIRCLE ( 'NONE', #30, 0.2927242264873094468 ) ;
#2048 = AXIS2_PLACEMENT_3D ( 'NONE', #1759, #210, #57 ) ;
#2049 = CARTESIAN_POINT ( 'NONE',  ( 2.275000000000000355, 0.1000000000000000472, 1.714936983006805082 ) ) ;
#2050 = VECTOR ( 'NONE', #1717, 1000.000000000000000 ) ;
#2051 = CARTESIAN_POINT ( 'NONE',  ( 2.274999999999999467, 1.199999999999999956, 1.470000000000000417 ) ) ;
#2052 = AXIS2_PLACEMENT_3D ( 'NONE', #2159, #2146, #249 ) ;
#2053 = VERTEX_POINT ( 'NONE', #2107 ) ;
#2054 = EDGE_CURVE ( 'NONE', #621, #668, #1602, .T. ) ;
#2055 = DIRECTION ( 'NONE',  ( 1.297667754066997495E-15, -1.000000000000000000, 0.000000000000000000 ) ) ;
#2056 = CARTESIAN_POINT ( 'NONE',  ( -1.566614007372302053, 2.199999999999999289, -1.536800055871203607 ) ) ;
#2057 = DIRECTION ( 'NONE',  ( -0.000000000000000000, -0.000000000000000000, -1.000000000000000000 ) ) ;
#2058 = DIRECTION ( 'NONE',  ( 0.000000000000000000, -0.000000000000000000, -1.000000000000000000 ) ) ;
#2059 = ORIENTED_EDGE ( 'NONE', *, *, #117, .F. ) ;
#2060 = ORIENTED_EDGE ( 'NONE', *, *, #285, .F. ) ;
#2061 = CIRCLE ( 'NONE', #367, 0.09100496689566682507 ) ;
#2062 = LINE ( 'NONE', #346, #525 ) ;
#2063 = FILL_AREA_STYLE ('',( #1513 ) ) ;
#2064 = VERTEX_POINT ( 'NONE', #2119 ) ;
#2065 = CARTESIAN_POINT ( 'NONE',  ( 2.274999999999999467, 1.199999999999999956, -1.850000000000000755 ) ) ;
#2066 = CARTESIAN_POINT ( 'NONE',  ( -2.256582315864564592, 1.350000000000000089, -1.069999999999999840 ) ) ;
#2067 = LINE ( 'NONE', #145, #2132 ) ;
#2068 = LINE ( 'NONE', #191, #1175 ) ;
#2069 = AXIS2_PLACEMENT_3D ( 'NONE', #2009, #2155, #1850 ) ;
#2070 = ADVANCED_FACE ( 'NONE', ( #564 ), #552, .F. ) ;
#2071 = ORIENTED_EDGE ( 'NONE', *, *, #1121, .T. ) ;
#2072 = ORIENTED_EDGE ( 'NONE', *, *, #331, .T. ) ;
#2073 = ORIENTED_EDGE ( 'NONE', *, *, #476, .T. ) ;
#2074 = ADVANCED_FACE ( 'NONE', ( #912 ), #747, .T. ) ;
#2075 = CARTESIAN_POINT ( 'NONE',  ( 2.256582315864564592, 1.350000000000000089, -1.469999999999999751 ) ) ;
#2076 = VERTEX_POINT ( 'NONE', #576 ) ;
#2077 = PLANE ( 'NONE',  #1011 ) ;
#2078 = LINE ( 'NONE', #682, #1571 ) ;
#2079 = CARTESIAN_POINT ( 'NONE',  ( -2.681441216873911237, 1.116926638587848908, -1.069999999999999840 ) ) ;
#2080 = PLANE ( 'NONE',  #786 ) ;
#2081 = EDGE_LOOP ( 'NONE', ( #2216, #1017 ) ) ;
#2082 = VECTOR ( 'NONE', #1558, 1000.000000000000000 ) ;
#2083 = ORIENTED_EDGE ( 'NONE', *, *, #834, .F. ) ;
#2084 = EDGE_CURVE ( 'NONE', #929, #1691, #2139, .T. ) ;
#2085 = VECTOR ( 'NONE', #1219, 1000.000000000000000 ) ;
#2086 = CIRCLE ( 'NONE', #1901, 0.09100496689566900388 ) ;
#2087 = CARTESIAN_POINT ( 'NONE',  ( -3.000000000000001776, 0.1499999999999965805, -1.069999999999999840 ) ) ;
#2088 = PRESENTATION_LAYER_ASSIGNMENT (  '', '', ( #1934 ) ) ;
#2089 = DIRECTION ( 'NONE',  ( 1.000000000000000000, 0.000000000000000000, 0.000000000000000000 ) ) ;
#2090 = CYLINDRICAL_SURFACE ( 'NONE', #817, 0.2927242264873094468 ) ;
#2091 = CARTESIAN_POINT ( 'NONE',  ( -2.830870421587672769, 1.129999999999996563, 1.470000000000000417 ) ) ;
#2092 = CARTESIAN_POINT ( 'NONE',  ( -1.566614007372302053, 2.299999999999998934, -1.244075829383894050 ) ) ;
#2093 = ORIENTED_EDGE ( 'NONE', *, *, #2015, .F. ) ;
#2094 = DIRECTION ( 'NONE',  ( 6.817139905416462738E-15, 1.000000000000000000, -0.000000000000000000 ) ) ;
#2095 = ADVANCED_FACE ( 'NONE', ( #1089 ), #1783, .F. ) ;
#2096 = CARTESIAN_POINT ( 'NONE',  ( 3.000000000000002665, -3.408594712664475502E-15, -1.069999999999999840 ) ) ;
#2097 = AXIS2_PLACEMENT_3D ( 'NONE', #221, #717, #213 ) ;
#2098 = PLANE ( 'NONE',  #311 ) ;
#2099 = DIRECTION ( 'NONE',  ( -0.000000000000000000, -0.000000000000000000, -1.000000000000000000 ) ) ;
#2100 = ADVANCED_FACE ( 'NONE', ( #876 ), #1572, .T. ) ;
#2101 = CARTESIAN_POINT ( 'NONE',  ( -2.139936983006804461, 0.1000000000000000472, 1.850000000000001421 ) ) ;
#2102 = LINE ( 'NONE', #1232, #1058 ) ;
#2103 = ORIENTED_EDGE ( 'NONE', *, *, #1159, .T. ) ;
#2104 = CARTESIAN_POINT ( 'NONE',  ( -2.274999999999999467, 1.199999999999999956, -1.069999999999999840 ) ) ;
#2105 = DIRECTION ( 'NONE',  ( -0.000000000000000000, 0.000000000000000000, 1.000000000000000000 ) ) ;
#2106 = PLANE ( 'NONE',  #703 ) ;
#2107 = CARTESIAN_POINT ( 'NONE',  ( 3.500000000000000000, 0.1499999999999999667, -1.069999999999999840 ) ) ;
#2108 = EDGE_CURVE ( 'NONE', #268, #2201, #988, .T. ) ;
#2109 = DIRECTION ( 'NONE',  ( -0.000000000000000000, 1.000000000000000000, 0.000000000000000000 ) ) ;
#2110 = DIRECTION ( 'NONE',  ( -1.000000000000000000, 0.000000000000000000, 0.000000000000000000 ) ) ;
#2111 = ADVANCED_FACE ( 'NONE', ( #467 ), #91, .F. ) ;
#2112 = FACE_OUTER_BOUND ( 'NONE', #1042, .T. ) ;
#2113 = ORIENTED_EDGE ( 'NONE', *, *, #202, .F. ) ;
#2114 = VERTEX_POINT ( 'NONE', #2163 ) ;
#2115 = LINE ( 'NONE', #39, #208 ) ;
#2116 = AXIS2_PLACEMENT_3D ( 'NONE', #835, #300, #1337 ) ;
#2117 = VECTOR ( 'NONE', #1128, 1000.000000000000000 ) ;
#2118 = CARTESIAN_POINT ( 'NONE',  ( -1.566614007372302053, 2.299999999999998934, -0.9513516028965847138 ) ) ;
#2119 = CARTESIAN_POINT ( 'NONE',  ( -3.500000000000001332, -2.475995625340219932E-20, 1.470000000000000417 ) ) ;
#2120 = EDGE_CURVE ( 'NONE', #1102, #267, #1304, .T. ) ;
#2121 = CARTESIAN_POINT ( 'NONE',  ( -3.500000000000000000, 0.1499999999999999667, 1.470000000000000417 ) ) ;
#2122 = DIRECTION ( 'NONE',  ( 0.000000000000000000, 0.000000000000000000, 1.000000000000000000 ) ) ;
#2123 = CARTESIAN_POINT ( 'NONE',  ( -2.999999999999997335, 0.2410049668956616986, 1.470000000000000417 ) ) ;
#2124 = ORIENTED_EDGE ( 'NONE', *, *, #408, .F. ) ;
#2125 = DIRECTION ( 'NONE',  ( -0.000000000000000000, -0.000000000000000000, -1.000000000000000000 ) ) ;
#2126 = VECTOR ( 'NONE', #416, 1000.000000000000000 ) ;
#2127 = CARTESIAN_POINT ( 'NONE',  ( -1.566614007372302053, 2.299999999999998934, -1.536800055871203607 ) ) ;
#2128 = DIRECTION ( 'NONE',  ( -1.000000000000000000, 0.000000000000000000, 0.000000000000000000 ) ) ;
#2129 = CIRCLE ( 'NONE', #1547, 0.09100496689566682507 ) ;
#2130 = LINE ( 'NONE', #578, #291 ) ;
#2131 = DIRECTION ( 'NONE',  ( -0.000000000000000000, -0.000000000000000000, -1.000000000000000000 ) ) ;
#2132 = VECTOR ( 'NONE', #512, 1000.000000000000000 ) ;
#2133 = CARTESIAN_POINT ( 'NONE',  ( -2.590782551352431184, 1.350000000000000533, 1.470000000000000417 ) ) ;
#2134 = ADVANCED_FACE ( 'NONE', ( #1847 ), #772, .F. ) ;
#2135 = ORIENTED_EDGE ( 'NONE', *, *, #1494, .F. ) ;
#2136 = DIRECTION ( 'NONE',  ( 0.000000000000000000, -0.000000000000000000, -1.000000000000000000 ) ) ;
#2137 = ORIENTED_EDGE ( 'NONE', *, *, #778, .T. ) ;
#2138 = EDGE_CURVE ( 'NONE', #1795, #621, #1655, .T. ) ;
#2139 = LINE ( 'NONE', #198, #1276 ) ;
#2140 = ORIENTED_EDGE ( 'NONE', *, *, #2039, .F. ) ;
#2141 = LINE ( 'NONE', #750, #2196 ) ;
#2142 = LINE ( 'NONE', #1752, #888 ) ;
#2143 = CARTESIAN_POINT ( 'NONE',  ( 2.590782551352431184, 1.108995033104331451, -1.469999999999999751 ) ) ;
#2144 = EDGE_CURVE ( 'NONE', #1617, #478, #1820, .T. ) ;
#2145 = VERTEX_POINT ( 'NONE', #456 ) ;
#2146 = DIRECTION ( 'NONE',  ( -0.9961946980917461003, -0.08715574274765160168, 0.000000000000000000 ) ) ;
#2147 = ORIENTED_EDGE ( 'NONE', *, *, #49, .T. ) ;
#2148 = AXIS2_PLACEMENT_3D ( 'NONE', #1858, #1550, #339 ) ;
#2149 = VECTOR ( 'NONE', #1181, 1000.000000000000000 ) ;
#2150 = SURFACE_STYLE_FILL_AREA ( #1138 ) ;
#2151 = DIRECTION ( 'NONE',  ( -1.000000000000000000, 0.000000000000000000, 0.000000000000000000 ) ) ;
#2152 = CIRCLE ( 'NONE', #1972, 0.2927242264873094468 ) ;
#2154 = EDGE_LOOP ( 'NONE', ( #631, #997, #504, #619 ) ) ;
#2153 = VECTOR ( 'NONE', #1376, 1000.000000000000000 ) ;
#2155 = DIRECTION ( 'NONE',  ( 0.000000000000000000, -0.000000000000000000, -1.000000000000000000 ) ) ;
#2156 =( GEOMETRIC_REPRESENTATION_CONTEXT ( 3 ) GLOBAL_UNCERTAINTY_ASSIGNED_CONTEXT ( ( #1539 ) ) GLOBAL_UNIT_ASSIGNED_CONTEXT ( ( #4, #1880, #1523 ) ) REPRESENTATION_CONTEXT ( 'NONE', 'WORKASPACE' ) );
#2157 = DIRECTION ( 'NONE',  ( 0.1209742911513548014, -0.9852565360152931717, -0.1209742911513548569 ) ) ;
#2158 = ORIENTED_EDGE ( 'NONE', *, *, #2144, .F. ) ;
#2159 = CARTESIAN_POINT ( 'NONE',  ( 2.830870421587672769, 1.129999999999996563, 1.470000000000000417 ) ) ;
#2160 = ORIENTED_EDGE ( 'NONE', *, *, #423, .F. ) ;
#2161 = ADVANCED_FACE ( 'NONE', ( #1148 ), #266, .T. ) ;
#2162 = PRESENTATION_STYLE_ASSIGNMENT (( #1654 ) ) ;
#2163 = CARTESIAN_POINT ( 'NONE',  ( -3.000000000000001776, 0.1499999999999948319, -1.469999999999999751 ) ) ;
#2164 = EDGE_LOOP ( 'NONE', ( #96, #832, #292, #284 ) ) ;
#2165 = ADVANCED_FACE ( 'NONE', ( #634 ), #1982, .F. ) ;
#2166 = ORIENTED_EDGE ( 'NONE', *, *, #1902, .F. ) ;
#2167 = DIRECTION ( 'NONE',  ( 0.08715574274765111595, -0.9961946980917461003, 0.000000000000000000 ) ) ;
#2168 = EDGE_CURVE ( 'NONE', #1597, #1875, #1502, .T. ) ;
#2169 = CARTESIAN_POINT ( 'NONE',  ( 2.681441216873911237, 1.116926638587848908, -1.069999999999999840 ) ) ;
#2170 = VERTEX_POINT ( 'NONE', #2020 ) ;
#2171 = CARTESIAN_POINT ( 'NONE',  ( -2.999999999999997335, 0.2410049668956616986, -1.069999999999999840 ) ) ;
#2172 = CARTESIAN_POINT ( 'NONE',  ( -2.590782551352431184, 1.350000000000000533, 1.470000000000000417 ) ) ;
#2173 = ORIENTED_EDGE ( 'NONE', *, *, #1297, .F. ) ;
#2174 = ORIENTED_EDGE ( 'NONE', *, *, #313, .F. ) ;
#2175 = EDGE_CURVE ( 'NONE', #1171, #107, #434, .T. ) ;
#2176 = DIRECTION ( 'NONE',  ( 1.000000000000000000, 0.000000000000000000, 0.000000000000000000 ) ) ;
#2177 = ADVANCED_FACE ( 'NONE', ( #806 ), #796, .F. ) ;
#2178 = CARTESIAN_POINT ( 'NONE',  ( 2.681441216873911237, 1.116926638587848908, 1.070000000000000506 ) ) ;
#2179 = ORIENTED_EDGE ( 'NONE', *, *, #2018, .F. ) ;
#2180 = FACE_OUTER_BOUND ( 'NONE', #1604, .T. ) ;
#2181 = DIRECTION ( 'NONE',  ( 0.08715574274765160168, 0.9961946980917461003, 0.000000000000000000 ) ) ;
#2182 = EDGE_LOOP ( 'NONE', ( #92, #515, #1353, #1710 ) ) ;
#2183 = FACE_OUTER_BOUND ( 'NONE', #869, .T. ) ;
#2184 = VECTOR ( 'NONE', #1009, 1000.000000000000000 ) ;
#2185 = EDGE_CURVE ( 'NONE', #171, #1242, #785, .T. ) ;
#2186 = CARTESIAN_POINT ( 'NONE',  ( 2.139936983006804461, 2.299999999999998934, -1.850000000000000755 ) ) ;
#2187 = ORIENTED_EDGE ( 'NONE', *, *, #977, .F. ) ;
#2188 = VECTOR ( 'NONE', #2058, 1000.000000000000000 ) ;
#2189 = ORIENTED_EDGE ( 'NONE', *, *, #1828, .F. ) ;
#2190 = ADVANCED_FACE ( 'NONE', ( #1489 ), #623, .F. ) ;
#2191 = PLANE ( 'NONE',  #1637 ) ;
#2192 = DIRECTION ( 'NONE',  ( -0.08715574274765112983, 0.9961946980917461003, 0.000000000000000000 ) ) ;
#2193 = VERTEX_POINT ( 'NONE', #1666 ) ;
#2194 = ORIENTED_EDGE ( 'NONE', *, *, #1579, .T. ) ;
#2195 = DIRECTION ( 'NONE',  ( -0.08715574274765112983, 0.9961946980917461003, 0.000000000000000000 ) ) ;
#2196 = VECTOR ( 'NONE', #1606, 1000.000000000000000 ) ;
#2197 = LINE ( 'NONE', #261, #540 ) ;
#2198 = ORIENTED_EDGE ( 'NONE', *, *, #514, .F. ) ;
#2199 = EDGE_CURVE ( 'NONE', #138, #861, #1970, .T. ) ;
#2200 = CARTESIAN_POINT ( 'NONE',  ( 3.000000000000001776, 0.1499999999999965805, -1.469999999999999751 ) ) ;
#2201 = VERTEX_POINT ( 'NONE', #426 ) ;
#2202 = DIRECTION ( 'NONE',  ( 0.9925461516413219831, -0.1218693434051477398, -2.326747446273833025E-16 ) ) ;
#2203 = CARTESIAN_POINT ( 'NONE',  ( 2.590782551352431184, 1.108995033104331451, -1.469999999999999751 ) ) ;
#2204 = LINE ( 'NONE', #1342, #1149 ) ;
#2205 = CARTESIAN_POINT ( 'NONE',  ( 2.274999999999999467, 1.199999999999999956, -1.850000000000000755 ) ) ;
#2206 = VERTEX_POINT ( 'NONE', #254 ) ;
#2207 = ORIENTED_EDGE ( 'NONE', *, *, #313, .T. ) ;
#2208 = DIRECTION ( 'NONE',  ( 0.08715574274765112983, 0.9961946980917461003, -0.000000000000000000 ) ) ;
#2209 = ORIENTED_EDGE ( 'NONE', *, *, #794, .T. ) ;
#2210 = FACE_OUTER_BOUND ( 'NONE', #1100, .T. ) ;
#2211 = CARTESIAN_POINT ( 'NONE',  ( -3.000000000000002665, -3.408594712664475502E-15, 1.470000000000000417 ) ) ;
#2212 = PRESENTATION_STYLE_ASSIGNMENT (( #1528 ) ) ;
#2213 = CYLINDRICAL_SURFACE ( 'NONE', #600, 0.09100496689566900388 ) ;
#2214 = VECTOR ( 'NONE', #1581, 1000.000000000000000 ) ;
#2215 = VECTOR ( 'NONE', #2192, 1000.000000000000227 ) ;
#2216 = ORIENTED_EDGE ( 'NONE', *, *, #1424, .F. ) ;
#2217 = EDGE_LOOP ( 'NONE', ( #1510, #1312, #1043, #1503 ) ) ;
#2218 = CIRCLE ( 'NONE', #387, 0.2927242264873094468 ) ;
#2219 = CARTESIAN_POINT ( 'NONE',  ( -2.590782551352431184, 1.200000000000000622, -1.469999999999999751 ) ) ;
#2220 = EDGE_CURVE ( 'NONE', #1323, #1151, #2086, .T. ) ;
#2221 = ORIENTED_EDGE ( 'NONE', *, *, #1189, .F. ) ;
#2222 = DIRECTION ( 'NONE',  ( 0.000000000000000000, -0.9925461516413219831, -0.1218693434051477398 ) ) ;
#2223 = DIRECTION ( 'NONE',  ( -0.000000000000000000, -0.000000000000000000, -1.000000000000000000 ) ) ;
#2224 = ADVANCED_FACE ( 'NONE', ( #1890 ), #186, .T. ) ;
#2225 = LINE ( 'NONE', #1553, #1367 ) ;
#2226 = FACE_OUTER_BOUND ( 'NONE', #1656, .T. ) ;
#2227 = EDGE_CURVE ( 'NONE', #677, #884, #1098, .T. ) ;
#2228 = VERTEX_POINT ( 'NONE', #508 ) ;
#2229 = LINE ( 'NONE', #75, #2126 ) ;
ENDSEC;
END-ISO-10303-21;
